{"type":"FeatureCollection","features":[{"type":"Feature","properties":{"code":"AE","name":"United Arab Emirates"},"geometry":{"type":"Polygon","coordinates":[[[56.2979,25.6507],[56.1446,25.6905],[56.1675,26.0475],[56.0805,26.0626],[55.9412,25.794],[55.5229,25.4981],[55.0981,25.0416],[54.7468,24.8104],[54.3971,24.2782],[53.8934,24.0771],[53.3296,24.0984],[52.6482,24.1546],[52.2509,23.9952],[51.9061,23.9854],[51.7676,24.2544],[51.5684,24.2862],[51.5926,24.0789],[52.5551,22.9328],[53.8321,22.7768],[55.1043,22.6215],[55.1858,22.7041],[55.1999,23.0348],[55.5085,23.7246],[55.5479,23.9914],[55.9852,24.0634],[55.9286,24.2151],[55.7608,24.2427],[55.7957,24.8681],[55.9158,24.9718],[56.0639,24.7388],[56.388,24.9792],[56.3635,25.5694],[56.2979,25.6507]]]}},{"type":"Feature","properties":{"code":"AF","name":"Afghanistan"},"geometry":{"type":"Polygon","coordinates":[[[66.5223,37.3485],[66.1084,37.4147],[65.765,37.5691],[65.555,37.2512],[65.0896,37.2379],[64.8163,37.1321],[64.511,36.3407],[64.358,36.2261],[63.8625,36.0124],[63.1086,35.8187],[63.1697,35.6781],[63.0566,35.4458],[62.6105,35.2332],[62.2528,35.2502],[61.9839,35.4437],[61.5428,35.4579],[61.262,35.6196],[61.0801,34.8556],[60.9512,34.6539],[60.7263,34.5183],[60.4857,34.0948],[60.5108,33.6389],[60.917,33.5052],[60.5605,33.1378],[60.5766,32.9949],[60.8293,32.2494],[60.7916,31.6606],[60.8541,31.4833],[61.6602,31.3824],[61.8143,31.0726],[61.7842,30.8319],[60.8434,29.8587],[62.3734,29.4254],[62.4766,29.4083],[63.5676,29.498],[64.0987,29.3919],[64.5211,29.5645],[65.0955,29.5595],[66.1771,29.8356],[66.3055,30.3211],[66.2869,30.6079],[66.3972,30.9122],[66.9243,31.3056],[67.2873,31.2178],[67.7379,31.3439],[67.5782,31.5065],[68.0172,31.678],[68.214,31.8074],[68.5977,31.803],[68.8689,31.6342],[69.0831,31.7385],[69.2793,31.9368],[69.2414,32.4335],[69.4054,32.6827],[69.5016,33.0201],[69.9201,33.1125],[70.2611,33.289],[70.2842,33.369],[70.0566,33.7199],[69.8681,33.8977],[69.9947,34.0518],[70.4157,33.9504],[70.8484,33.9819],[71.0516,34.0497],[71.0957,34.3694],[70.9656,34.5304],[71.6205,35.183],[71.6006,35.4079],[71.4275,35.8337],[71.1851,36.0421],[71.6205,36.4365],[71.8223,36.4861],[72.1567,36.7009],[72.6229,36.8296],[73.7691,36.8885],[74.0019,36.8231],[74.5414,37.0222],[74.3722,37.1577],[74.7267,37.2907],[74.8913,37.2316],[74.6594,37.3945],[74.2597,37.4154],[74.1671,37.3294],[73.7496,37.2318],[73.7206,37.4188],[73.4813,37.4717],[72.8955,37.2675],[72.6574,37.0291],[72.3588,36.9829],[71.8021,36.6943],[71.5975,36.7329],[71.4329,37.1275],[71.552,37.9332],[71.2785,37.9184],[71.3327,38.1703],[71.2559,38.307],[70.8789,38.4564],[70.6158,38.3344],[70.4178,38.0754],[70.2146,37.9244],[70.2515,37.6642],[69.4921,37.5531],[69.4145,37.2078],[69.2648,37.1084],[68.9604,37.325],[68.6691,37.2584],[68.0678,36.9498],[67.759,37.1722],[67.5173,37.2667],[67.3197,37.2096],[67.0688,37.3348],[66.5223,37.3485]]]}},{"type":"Feature","properties":{"code":"AG","name":"Antigua and Barbuda"},"geometry":{"type":"Polygon","coordinates":[[[-61.7161,17.037],[-61.8173,17.1689],[-61.8597,17.0133],[-61.7161,17.037]]]}},{"type":"Feature","properties":{"code":"AL","name":"Albania"},"geometry":{"type":"Polygon","coordinates":[[[19.3424,41.8691],[19.5775,41.7875],[19.4406,41.4248],[19.4612,40.9333],[19.3446,40.6221],[19.4393,40.4703],[19.3981,40.2849],[19.8519,40.0436],[20.0013,39.7094],[20.2068,39.6535],[20.3816,39.8418],[20.3111,39.9794],[20.6574,40.1174],[20.8061,40.4455],[21.0311,40.6586],[20.9643,40.8499],[20.7408,40.9053],[20.489,41.2726],[20.4486,41.5213],[20.5662,41.8737],[20.4854,42.2234],[20.2405,42.339],[20.064,42.5473],[19.7883,42.4762],[19.6545,42.6286],[19.2807,42.1726],[19.3424,41.8691]]]}},{"type":"Feature","properties":{"code":"AM","name":"Armenia"},"geometry":{"type":"Polygon","coordinates":[[[44.7683,39.7035],[45.0316,39.7651],[45.4568,39.4945],[45.7505,39.5629],[45.7663,39.3785],[45.9519,39.1781],[46.1145,38.8778],[46.4906,38.9067],[46.55,39.2014],[46.3784,39.3823],[46.4814,39.5552],[46.2021,39.5945],[45.7896,39.8811],[45.9646,40.2338],[45.5695,40.4168],[45.3762,40.6381],[45.5875,40.8469],[45.0014,41.291],[44.8414,41.2114],[44.2273,41.2133],[43.4395,41.1071],[43.6316,40.929],[43.7227,40.7195],[43.5693,40.4824],[43.7917,40.0703],[44.2893,40.0404],[44.7683,39.7035]]]}},{"type":"Feature","properties":{"code":"AO","name":"Angola"},"geometry":{"type":"MultiPolygon","coordinates":[[[[13.0728,-4.6348],[12.8811,-4.4451],[12.3846,-4.6191],[12.0184,-5.0043],[12.1771,-5.3248],[12.1555,-5.6327],[12.2137,-5.7587],[12.5037,-5.6958],[12.5224,-5.1489],[12.5735,-4.9966],[12.8297,-4.7366],[13.0728,-4.6348]]],[[[23.9665,-10.8718],[23.8339,-11.0137],[23.4002,-10.9765],[23.1567,-11.0748],[22.561,-11.0559],[22.2788,-11.1941],[22.1779,-10.8923],[22.2805,-10.784],[22.3024,-10.3967],[22.1978,-10.0406],[21.9486,-9.7256],[21.8132,-9.4688],[21.9054,-8.6934],[21.8959,-8.3411],[21.8009,-8.1119],[21.7801,-7.8654],[21.8416,-7.421],[21.7511,-7.3055],[20.6078,-7.2777],[20.4822,-6.9158],[19.8752,-6.9863],[19.5276,-7.1444],[19.4799,-7.4722],[19.3717,-7.6551],[19.3408,-7.9666],[18.8983,-7.9981],[18.6534,-7.936],[17.9131,-8.0677],[17.536,-8.0759],[17.1551,-7.4613],[16.9848,-7.2574],[16.9194,-6.934],[16.743,-6.6185],[16.7178,-6.2414],[16.5371,-5.9658],[16.3152,-5.8656],[15.727,-5.8639],[14.3986,-5.8927],[13.9785,-5.8572],[13.0682,-5.8648],[12.7906,-6.0039],[12.3025,-6.0926],[12.5213,-6.5903],[12.8234,-6.9548],[12.8623,-7.2318],[13.0908,-7.7802],[13.3785,-8.3697],[13.359,-8.6872],[12.9985,-9.048],[13.1557,-9.3896],[13.2094,-9.7032],[13.5395,-10.4207],[13.7214,-10.6336],[13.8475,-11.0544],[13.7843,-11.488],[13.7854,-11.8128],[13.6855,-12.1238],[13.417,-12.5204],[12.9832,-12.7757],[12.8977,-13.0277],[12.5505,-13.4378],[12.5037,-13.7555],[12.3789,-14.0391],[12.2805,-14.6375],[11.9679,-15.634],[11.7509,-15.8319],[11.797,-15.9864],[11.8189,-16.7041],[11.7431,-17.2492],[12.014,-17.1686],[12.5481,-17.2127],[13.1012,-16.9677],[13.4037,-17.0078],[13.938,-17.3888],[15.7658,-17.3896],[16.5311,-17.3908],[18.3964,-17.3994],[18.7181,-17.7032],[19.0765,-17.8177],[19.6394,-17.8687],[20.393,-17.8874],[20.6251,-17.9967],[21.1135,-17.9558],[21.4169,-18.0007],[23.3807,-17.6406],[22.9559,-17.2857],[22.3051,-16.6896],[22.1507,-16.5972],[21.9798,-15.9556],[21.9795,-14.7614],[21.9789,-13.001],[23.8432,-13.001],[23.9913,-12.4222],[23.9589,-12.1178],[23.971,-11.6358],[24.0467,-11.4054],[23.9665,-10.8718]]]]}},{"type":"Feature","properties":{"code":"AR","name":"Argentina"},"geometry":{"type":"MultiPolygon","coordinates":[[[[-57.6089,-30.1878],[-57.4052,-30.0339],[-57.2247,-29.7821],[-56.9386,-29.5948],[-56.3224,-28.8524],[-56.1029,-28.6518],[-55.7255,-28.2041],[-55.3465,-27.956],[-55.1015,-27.8668],[-54.8291,-27.5506],[-54.327,-27.4235],[-54.2052,-27.2896],[-53.8382,-27.1211],[-53.7173,-26.8828],[-53.7533,-26.7486],[-53.6713,-26.2251],[-53.8232,-25.9596],[-53.8912,-25.6688],[-54.1546,-25.523],[-54.4439,-25.625],[-54.6159,-25.5761],[-54.6777,-26.3088],[-54.8255,-26.6522],[-55.1359,-26.9312],[-55.4267,-27.0093],[-55.79,-27.4164],[-56.1641,-27.3215],[-56.4372,-27.5538],[-56.6034,-27.4679],[-57.1118,-27.4701],[-57.8122,-27.3166],[-58.1683,-27.2734],[-58.6048,-27.3144],[-58.6417,-27.1961],[-58.4853,-26.9685],[-58.3226,-26.8576],[-58.1913,-26.63],[-58.203,-26.3814],[-58.0824,-26.1386],[-57.8906,-26.0065],[-57.7548,-25.6971],[-57.5717,-25.5342],[-57.5872,-25.4051],[-57.8217,-25.1364],[-58.1365,-24.9771],[-58.3654,-24.9593],[-59.3729,-24.4539],[-59.8925,-24.0936],[-60.8398,-23.8581],[-61.0329,-23.7557],[-61.2084,-23.557],[-61.7985,-23.182],[-62.0666,-22.8694],[-62.3725,-22.4392],[-62.651,-22.2337],[-62.8434,-21.9973],[-63.8187,-22.0055],[-63.9761,-22.0726],[-64.374,-22.761],[-64.6055,-22.2288],[-65.0578,-22.1027],[-65.771,-22.0996],[-66.0986,-21.8351],[-66.2476,-21.8305],[-66.3652,-22.1138],[-66.7117,-22.2163],[-66.8003,-22.4097],[-66.9911,-22.5099],[-67.1949,-22.8217],[-67.0088,-23.0014],[-67.3562,-24.0338],[-68.2503,-24.392],[-68.5073,-24.6298],[-68.562,-24.8377],[-68.3842,-25.0919],[-68.5408,-25.2367],[-68.6003,-25.4856],[-68.4145,-26.1537],[-68.5298,-26.277],[-68.5812,-26.5184],[-68.3187,-26.8775],[-68.346,-27.0279],[-68.6522,-27.1483],[-68.8463,-27.1537],[-68.9994,-27.449],[-69.1744,-27.9247],[-69.6569,-28.4136],[-69.8279,-29.1032],[-70.0268,-29.324],[-69.9276,-29.7691],[-69.9563,-30.3582],[-70.1614,-30.4402],[-70.3481,-30.9023],[-70.3091,-31.0227],[-70.5196,-31.1484],[-70.5852,-31.5694],[-70.4501,-31.8419],[-70.2544,-31.9577],[-70.3638,-32.0835],[-70.1696,-32.4717],[-70.0931,-33.0268],[-70.0198,-33.2715],[-69.7978,-33.3986],[-69.8943,-33.7313],[-69.8524,-34.2243],[-70.0521,-34.3008],[-70.2899,-34.7328],[-70.4704,-35.3262],[-70.3802,-35.7719],[-70.4048,-36.0617],[-70.7219,-36.2832],[-70.7493,-36.3926],[-71.0555,-36.5237],[-71.1922,-36.8437],[-71.1184,-37.1144],[-71.2004,-37.3003],[-71.1348,-37.4451],[-71.1676,-37.7623],[-71.0282,-38.0412],[-70.968,-38.4459],[-70.8477,-38.5416],[-70.9516,-38.7385],[-71.2857,-38.8454],[-71.4256,-38.9856],[-71.42,-39.2872],[-71.5395,-39.6024],[-71.7199,-39.6353],[-71.6598,-40.0208],[-71.8183,-40.1767],[-71.6953,-40.3353],[-71.9321,-40.6917],[-71.873,-40.893],[-71.9113,-41.6504],[-71.7609,-42.1015],[-72.0261,-42.1479],[-72.1246,-42.2983],[-72.1464,-42.99],[-71.7815,-43.1668],[-71.905,-43.4401],[-71.7506,-43.5901],[-71.7947,-43.7532],[-71.6801,-43.9296],[-71.8124,-44.1061],[-71.82,-44.3831],[-71.2126,-44.4412],[-71.2611,-44.7631],[-71.957,-44.7915],[-72.0417,-44.9042],[-71.5963,-44.9792],[-71.3538,-45.2305],[-71.5081,-45.5127],[-71.6933,-45.5348],[-71.7727,-45.7244],[-71.6315,-45.9537],[-71.8757,-46.1605],[-71.6952,-46.5784],[-71.9402,-46.8312],[-71.905,-47.2017],[-72.3459,-47.4927],[-72.5179,-47.8764],[-72.3283,-48.1101],[-72.3547,-48.3658],[-72.6084,-48.5193],[-72.6144,-48.7929],[-72.9817,-48.9768],[-73.1353,-49.3007],[-73.4616,-49.3139],[-73.5763,-49.5829],[-73.4704,-49.7945],[-73.5013,-50.1253],[-73.3866,-50.2312],[-73.1529,-50.7383],[-72.5098,-50.6075],[-72.3402,-50.6818],[-72.2763,-50.9103],[-72.3768,-51.0954],[-72.3032,-51.2989],[-72.4077,-51.5408],[-71.9535,-51.8804],[-71.9187,-51.9896],[-69.9603,-52.0082],[-69.4884,-52.1361],[-69.2062,-52.1361],[-68.4434,-52.3566],[-68.3937,-52.307],[-69.0325,-51.6362],[-69.0296,-51.4465],[-69.2352,-50.9506],[-68.9395,-50.3823],[-68.4219,-50.1579],[-68.1457,-50.0914],[-67.7835,-49.8589],[-67.6849,-49.2467],[-67.4663,-48.9518],[-67.0331,-48.6277],[-66.3934,-48.3424],[-65.8101,-47.9411],[-65.9342,-47.8268],[-65.7754,-47.5684],[-65.7381,-47.3449],[-65.9985,-47.0938],[-66.7769,-47.0059],[-67.3866,-46.5538],[-67.5634,-46.3454],[-67.5566,-45.9701],[-67.2576,-45.5772],[-66.9414,-45.2573],[-66.5851,-45.1829],[-66.1901,-44.9647],[-65.6388,-45.0078],[-65.6476,-44.6614],[-65.3613,-44.4773],[-65.2386,-44.0487],[-65.2836,-43.63],[-64.9855,-43.2936],[-64.7152,-43.1355],[-64.4322,-43.0592],[-64.6292,-42.909],[-65.0269,-42.7589],[-64.6505,-42.5314],[-64.3243,-42.5723],[-64.1307,-42.8614],[-63.6925,-42.8053],[-63.5959,-42.4065],[-63.7956,-42.1139],[-64.0612,-42.2661],[-64.1009,-42.3951],[-64.4204,-42.4338],[-64.5242,-42.2992],[-64.898,-42.1618],[-65.0591,-41.9699],[-65.0183,-41.5669],[-65.155,-41.1057],[-65.1334,-40.8807],[-64.853,-40.8138],[-64.1232,-41.0078],[-63.773,-41.15],[-63.2128,-41.1524],[-62.959,-41.1097],[-62.395,-40.8908],[-62.2463,-40.6746],[-62.3936,-40.4588],[-62.4019,-40.1966],[-62.2869,-39.8953],[-62.1315,-39.8254],[-62.0537,-39.3738],[-62.3381,-39.1506],[-62.1893,-38.8133],[-62.0669,-38.9191],[-61.6025,-38.9988],[-61.1122,-38.993],[-59.8283,-38.8382],[-59.0072,-38.6733],[-58.1792,-38.4358],[-57.547,-38.0856],[-57.3958,-37.7446],[-57.0877,-37.4464],[-56.672,-36.8513],[-56.6981,-36.4265],[-56.9372,-36.3525],[-57.265,-36.1441],[-57.3755,-35.9003],[-57.3539,-35.7203],[-57.1589,-35.506],[-57.3037,-35.1885],[-57.7636,-34.8945],[-58.2833,-34.6835],[-58.5255,-34.2962],[-58.3925,-34.193],[-58.5472,-33.6635],[-58.4245,-33.1115],[-58.171,-32.9593],[-58.2012,-32.4717],[-58.123,-32.3219],[-58.189,-31.9242],[-58.0423,-31.7692],[-58.0539,-31.4949],[-57.8684,-31.1044],[-57.8106,-30.8586],[-57.8725,-30.591],[-57.6089,-30.1878]]],[[[-68.6532,-54.8536],[-68.2201,-54.8176],[-66.9305,-54.9249],[-66.5111,-55.0321],[-65.842,-54.91],[-65.346,-54.8779],[-65.179,-54.6781],[-65.7471,-54.6534],[-66.2356,-54.5335],[-67.2942,-54.0498],[-68.0085,-53.5641],[-68.1441,-53.319],[-68.4885,-53.2609],[-68.2782,-52.984],[-68.6299,-52.6526],[-68.6398,-54.324],[-68.6532,-54.8536]]]]}},{"type":"Feature","properties":{"code":"AS","name":"American Samoa"},"geometry":{"type":"Polygon","coordinates":[[[-170.7263,-14.3512],[-170.6892,-14.2574],[-170.8205,-14.3121],[-170.7263,-14.3512]]]}},{"type":"Feature","properties":{"code":"AT","name":"Austria"},"geometry":{"type":"Polygon","coordinates":[[[9.5275,47.2708],[9.5803,47.0574],[9.9969,46.8854],[10.4528,46.8649],[11.0251,46.797],[11.2444,46.9757],[11.7757,46.9861],[12.1541,46.9353],[12.3883,46.7026],[13.1687,46.5727],[13.7,46.5203],[14.5035,46.417],[15.0007,46.626],[15.4393,46.6296],[15.7669,46.7113],[15.9576,46.6776],[16.0931,46.8633],[16.4534,47.0068],[16.4344,47.3674],[16.623,47.4476],[16.7476,47.6863],[17.0666,47.7076],[17.1474,48.006],[16.8654,48.3869],[16.9531,48.5988],[16.8837,48.7037],[16.4779,48.8001],[16.0572,48.7548],[15.3109,48.974],[14.9722,48.9839],[14.9226,48.7714],[14.6913,48.5992],[14.0491,48.6025],[13.8147,48.7669],[13.7854,48.5875],[13.4866,48.5818],[13.4094,48.3941],[12.8143,48.1608],[12.9535,47.8906],[13.0144,47.4781],[12.6858,47.6693],[11.7168,47.5835],[11.2979,47.4249],[10.9809,47.3981],[10.873,47.5202],[10.4304,47.5411],[10.3128,47.3134],[9.7489,47.5755],[9.524,47.5242],[9.5275,47.2708]]]}},{"type":"Feature","properties":{"code":"AU","name":"Australia"},"geometry":{"type":"MultiPolygon","coordinates":[[[[143.1789,-11.9545],[142.8726,-11.8214],[142.8368,-11.3069],[142.723,-11.0104],[142.4564,-10.7073],[142.3265,-10.8842],[142.1684,-10.9466],[142.139,-11.2732],[141.9516,-11.8962],[141.8058,-12.0801],[141.6777,-12.4914],[141.8521,-12.5787],[141.7822,-12.7787],[141.6136,-12.9435],[141.6454,-13.2591],[141.4726,-13.7976],[141.5943,-14.1528],[141.5229,-14.4701],[141.6255,-15.0566],[141.4516,-15.6053],[141.4119,-16.0695],[141.2191,-16.6462],[140.966,-17.0146],[140.8305,-17.4145],[140.5111,-17.6245],[140.0358,-17.7026],[139.4405,-17.3806],[139.2484,-17.3286],[139.0099,-16.8993],[138.6257,-16.7778],[138.245,-16.7184],[137.9129,-16.4766],[137.7037,-16.233],[137.2993,-16.0663],[137.0021,-15.8783],[136.7847,-15.8942],[136.5836,-15.7065],[136.2914,-15.5701],[136.2054,-15.4034],[135.5308,-15.0004],[135.4052,-14.7582],[135.7445,-14.2866],[135.8834,-14.1531],[135.9896,-13.8102],[135.9292,-13.6216],[135.9273,-13.3043],[136.2941,-13.138],[136.461,-13.2252],[136.5943,-13.0038],[136.537,-12.7843],[136.9475,-12.3499],[136.7194,-12.2265],[136.5402,-11.9576],[136.2701,-12.1316],[136.2606,-12.4338],[136.0818,-12.4225],[136.0085,-12.1914],[135.7439,-12.2417],[135.8895,-11.9928],[135.7885,-11.907],[135.218,-12.2217],[135.0297,-12.1937],[134.7303,-11.9844],[134.5381,-12.0608],[134.2371,-12.0077],[133.9042,-11.832],[133.5332,-11.8162],[133.1853,-11.7057],[133.0249,-11.4528],[132.8571,-11.3911],[132.6828,-11.5056],[132.5573,-11.3669],[132.2627,-11.204],[132.1978,-11.305],[131.9615,-11.1809],[131.8118,-11.2714],[132.1336,-11.5007],[132.4752,-11.4915],[132.6742,-11.649],[132.5838,-12.1103],[132.3721,-12.2392],[132.2532,-12.186],[132.0641,-12.2808],[131.888,-12.2319],[131.4383,-12.277],[131.2199,-12.1779],[131.0457,-12.1896],[131.0234,-12.3429],[130.6724,-12.4069],[130.6175,-12.6469],[130.3999,-12.6879],[130.318,-12.8829],[130.1682,-12.9574],[130.135,-13.1455],[130.2598,-13.3022],[130.1359,-13.4483],[129.8389,-13.5729],[129.7099,-13.98],[129.4592,-14.2135],[129.3787,-14.3925],[129.6079,-14.5597],[129.7535,-14.7896],[129.459,-14.9332],[129.0582,-14.8844],[128.6355,-14.781],[128.4774,-14.788],[128.175,-15.0432],[128.1994,-14.7518],[127.8876,-14.4852],[127.6729,-14.1951],[127.2931,-13.9348],[126.9032,-13.7441],[126.7807,-13.9552],[126.5697,-14.1609],[126.4031,-14.0189],[126.2585,-14.1636],[126.1113,-14.1141],[126.0207,-14.4945],[125.6813,-14.388],[125.1787,-14.7147],[125.2433,-14.9445],[124.8391,-15.1607],[124.5616,-15.4963],[124.4396,-15.4936],[124.3816,-15.7582],[124.5769,-16.1137],[124.3883,-16.203],[124.3004,-16.3883],[124.1298,-16.2788],[123.8592,-16.3823],[123.7289,-16.1925],[123.4904,-16.4907],[123.7781,-16.8678],[123.6641,-17.0232],[123.5252,-17.4857],[123.1421,-16.8631],[122.9707,-16.4368],[122.7204,-16.7877],[122.432,-16.9704],[122.1603,-17.3137],[122.1475,-17.549],[122.2374,-17.9686],[122.3609,-18.0369],[122.0062,-18.3937],[121.8338,-18.4771],[121.4936,-19.1064],[121.1798,-19.4779],[120.8784,-19.665],[120.1963,-19.9095],[119.7678,-19.9584],[119.5859,-20.0383],[119.1045,-19.9953],[118.7515,-20.2619],[118.1992,-20.3752],[117.6839,-20.6428],[117.4062,-20.7212],[117.1391,-20.6409],[116.7067,-20.6538],[116.0109,-21.0304],[115.4562,-21.4917],[114.8591,-21.7359],[114.6028,-21.9422],[114.3777,-22.3415],[114.1639,-22.3233],[114.0928,-22.1813],[114.1426,-21.9098],[113.9584,-21.9392],[113.6828,-22.6378],[113.7949,-23.0236],[113.757,-23.4182],[113.5529,-23.7328],[113.4213,-24.1323],[113.4177,-24.4356],[113.6708,-24.9771],[113.9928,-25.5448],[114.2143,-25.8516],[114.2157,-26.2895],[114.0903,-26.3937],[113.9424,-26.2587],[113.8799,-26.0276],[113.6917,-26.0917],[113.7131,-25.8308],[113.5395,-25.6252],[113.3953,-25.7133],[113.5891,-26.0986],[113.8528,-26.3321],[113.7337,-26.5951],[113.5816,-26.5581],[113.389,-26.1056],[113.2311,-26.2414],[113.333,-26.4174],[113.7094,-26.8478],[114.0281,-27.3473],[114.0984,-27.5442],[114.1651,-28.0807],[114.5374,-28.5429],[114.6284,-28.8718],[114.8568,-29.143],[114.959,-29.4336],[114.9421,-29.7216],[114.9945,-30.2162],[115.1769,-30.808],[115.6984,-31.6945],[115.7381,-31.8879],[115.7079,-32.568],[115.6186,-32.667],[115.683,-33.1929],[115.5153,-33.5313],[115.1816,-33.6435],[114.9938,-33.5153],[114.9734,-34.0512],[115.0088,-34.2559],[115.2776,-34.3039],[115.7263,-34.5261],[115.9867,-34.795],[116.5172,-34.9879],[117.1439,-35.0337],[117.5819,-35.0978],[118.1355,-34.9866],[118.8953,-34.4799],[119.2477,-34.4564],[119.4506,-34.3683],[119.6352,-34.1012],[119.8541,-33.9747],[120.4184,-33.9631],[120.8146,-33.8713],[121.4051,-33.8268],[122.0611,-33.8744],[122.151,-33.9918],[122.7775,-33.8908],[123.0676,-33.9006],[123.2076,-33.9883],[123.6504,-33.8363],[123.8684,-33.5964],[124.1261,-33.1294],[124.3732,-32.9584],[124.7588,-32.8827],[125.2666,-32.6145],[125.4637,-32.5565],[125.9172,-32.297],[126.1365,-32.2568],[126.7793,-32.3109],[127.3198,-32.2641],[128.0677,-32.0665],[128.9462,-31.7026],[129.1877,-31.66],[130.1298,-31.5791],[130.783,-31.604],[131.1437,-31.4957],[131.3932,-31.5485],[131.7212,-31.6963],[132.2146,-32.0071],[132.7574,-31.9563],[133.2121,-32.1838],[133.5514,-32.1829],[133.7867,-32.2688],[133.9302,-32.4117],[134.2342,-32.5485],[134.1004,-32.7486],[134.3013,-33.165],[134.6077,-33.1901],[134.791,-33.3283],[134.8888,-33.6264],[135.1854,-33.9067],[135.45,-34.5811],[135.4809,-34.7582],[135.6476,-34.9396],[136.4307,-34.03],[136.6355,-33.8966],[137.2373,-33.6295],[137.4423,-33.1936],[137.9132,-32.7707],[137.9926,-33.0942],[137.8523,-33.2008],[137.9318,-33.5791],[137.6504,-33.8591],[137.4938,-34.1611],[137.493,-34.5978],[137.391,-34.9133],[137.0143,-34.9158],[136.8836,-35.2397],[137.1444,-35.2364],[137.4596,-35.1313],[137.6917,-35.143],[137.8741,-34.7274],[137.9192,-34.4561],[138.0893,-34.1698],[138.4899,-34.7636],[138.5111,-35.0244],[138.3998,-35.3258],[138.1844,-35.6127],[138.5219,-35.6424],[139.1928,-35.3473],[139.3251,-35.4267],[139.0377,-35.6893],[139.5487,-36.0967],[139.8573,-36.6621],[139.7385,-37.0596],[139.7843,-37.2458],[140.2121,-37.6422],[140.3904,-37.8967],[140.6272,-38.0284],[141.0109,-38.077],[141.4242,-38.3635],[141.725,-38.2714],[142.1877,-38.3994],[142.6121,-38.4517],[143.2265,-38.7432],[143.539,-38.8209],[143.8117,-38.6988],[144.1016,-38.4623],[144.6652,-38.21],[144.5385,-38.0771],[144.8913,-37.8998],[145.1199,-38.0913],[144.9114,-38.344],[145.1912,-38.3836],[145.2928,-38.2376],[145.5422,-38.3938],[145.3973,-38.5354],[145.7908,-38.667],[145.9354,-38.9018],[146.2162,-38.7827],[146.8568,-38.6635],[147.3956,-38.2191],[147.8768,-37.9342],[148.2625,-37.8307],[148.9439,-37.7885],[149.2984,-37.8021],[149.5654,-37.73],[149.9327,-37.5285],[149.9863,-37.2584],[149.9603,-36.8455],[150.0628,-36.5504],[150.1953,-35.8336],[150.5675,-35.2143],[150.6903,-35.1777],[150.8713,-34.4991],[150.9604,-34.2971],[151.2315,-34.0297],[151.3228,-33.6993],[151.4838,-33.3475],[151.8129,-32.9011],[152.1643,-32.7574],[152.4704,-32.4391],[152.5593,-32.0457],[152.7858,-31.7863],[152.9439,-31.4349],[153.0479,-30.9071],[153.0306,-30.5634],[153.2724,-29.8925],[153.348,-29.2904],[153.6046,-28.8545],[153.5757,-28.2405],[153.4549,-28.0483],[153.3857,-27.7686],[153.1168,-27.1944],[153.1621,-26.9827],[153.0842,-26.3038],[153.1649,-25.9642],[152.9205,-25.6886],[152.9135,-25.4321],[152.6543,-25.202],[152.4563,-24.8024],[152.1299,-24.5976],[151.9027,-24.201],[151.6909,-24.0384],[151.5008,-24.0124],[151.2363,-23.825],[150.8432,-23.458],[150.783,-23.1766],[150.7639,-22.5762],[150.5413,-22.5591],[150.2349,-22.3729],[150.0762,-22.1645],[149.7039,-22.4405],[149.5957,-22.2576],[149.4601,-21.7654],[149.4541,-21.5787],[149.3293,-21.4761],[149.2049,-21.1251],[148.7895,-20.7356],[148.6837,-20.5802],[148.7594,-20.2896],[148.6005,-20.1452],[148.3669,-20.0875],[148.0811,-19.8986],[147.9156,-19.8692],[147.586,-19.6228],[147.4186,-19.3781],[147.1388,-19.3932],[147.0026,-19.2561],[146.829,-19.2357],[146.4812,-19.0787],[146.2969,-18.8412],[146.3332,-18.5537],[146.0322,-18.2729],[146.1259,-17.6353],[145.902,-17.0702],[145.4261,-16.4062],[145.458,-16.0564],[145.2716,-15.4767],[145.2877,-14.9432],[144.648,-14.4925],[144.473,-14.2318],[144.2099,-14.302],[143.9618,-14.4629],[143.7563,-14.3488],[143.5484,-13.741],[143.5866,-13.4437],[143.4016,-12.6399],[143.2541,-12.3977],[143.1103,-12.3035],[143.1789,-11.9545]]],[[[153.0774,-25.7508],[153.1414,-25.5128],[153.3502,-25.0631],[153.0381,-25.1932],[152.9767,-25.5514],[153.0774,-25.7508]]],[[[139.5078,-16.573],[139.293,-16.4673],[139.1596,-16.7417],[139.5078,-16.573]]],[[[136.7146,-13.8039],[136.6557,-13.6759],[136.4247,-13.8648],[136.3633,-14.2289],[136.8943,-14.2931],[136.7453,-14.0727],[136.7146,-13.8039]]],[[[130.4593,-11.6793],[130.3393,-11.337],[130.1528,-11.4775],[130.1976,-11.6582],[130.4593,-11.6793]]],[[[130.6188,-11.3761],[130.4228,-11.4458],[130.6449,-11.7424],[130.951,-11.9265],[131.2921,-11.7109],[131.5386,-11.4369],[131.2683,-11.1898],[131.023,-11.3344],[130.6188,-11.3761]]],[[[137.5965,-35.7387],[137.3341,-35.5925],[136.6387,-35.7488],[136.5406,-35.8901],[136.7551,-36.0331],[137.4484,-36.0748],[137.6709,-35.8979],[138.0119,-35.9076],[138.0466,-35.7552],[137.5965,-35.7387]]],[[[145.043,-40.7867],[144.8186,-40.7217],[144.6461,-40.9809],[144.7779,-41.4188],[145.2382,-42.0196],[145.1988,-42.2309],[145.2682,-42.5443],[145.4876,-42.9267],[145.8027,-43.244],[145.9753,-43.2771],[146.0432,-43.5472],[146.5485,-43.5089],[146.8739,-43.6125],[147.0773,-43.2759],[147.245,-43.2159],[147.408,-42.8938],[147.5738,-42.8457],[147.7858,-43.22],[147.9809,-43.157],[147.9244,-42.5725],[148.0228,-42.2595],[148.3015,-42.0399],[148.2929,-40.9471],[147.9688,-40.7796],[147.6217,-40.8447],[147.4548,-41.0017],[146.9898,-40.9924],[146.5744,-41.1424],[146.3175,-41.1635],[145.8215,-41.0246],[145.283,-40.7699],[145.043,-40.7867]]],[[[143.9279,-40.1161],[144.141,-39.9538],[144.0913,-39.6381],[143.8618,-39.738],[143.9279,-40.1161]]],[[[148.0004,-39.7576],[147.8392,-39.8315],[147.8905,-40.0146],[148.1057,-40.2621],[148.3232,-40.1444],[148.2974,-39.9857],[148.0004,-39.7576]]]]}},{"type":"Feature","properties":{"code":"AW","name":"Aruba"},"geometry":{"type":"Polygon","coordinates":[[[-69.8991,12.452],[-69.9731,12.5676],[-70.0661,12.547],[-69.9422,12.4385],[-69.8991,12.452]]]}},{"type":"Feature","properties":{"code":"AZ","name":"Azerbaijan"},"geometry":{"type":"MultiPolygon","coordinates":[[[[44.8172,39.6504],[45.1412,39.2543],[45.4797,39.0063],[46.1145,38.8778],[45.9519,39.1781],[45.7663,39.3785],[45.7505,39.5629],[45.4568,39.4945],[45.0316,39.7651],[44.7683,39.7035],[44.8172,39.6504]]],[[[48.8687,38.4355],[48.8509,38.8153],[49.0135,39.134],[49.1998,39.0727],[49.3628,39.3496],[49.3244,39.6083],[49.5512,40.1941],[50.3068,40.4122],[49.9906,40.5768],[49.776,40.584],[49.5562,40.7163],[49.2265,41.0262],[49.1066,41.3017],[48.5729,41.8445],[48.3914,41.6019],[48.0561,41.4587],[47.8611,41.2127],[47.5206,41.2291],[47.2611,41.3151],[47.2053,41.4556],[46.7493,41.8126],[46.4299,41.891],[46.1821,41.6571],[46.3055,41.5077],[46.6189,41.3438],[46.6264,41.1597],[46.4579,41.0702],[46.1707,41.1979],[45.7928,41.2244],[45.7156,41.3376],[45.281,41.4496],[45.0014,41.291],[45.5875,40.8469],[45.3762,40.6381],[45.5695,40.4168],[45.9646,40.2338],[45.7896,39.8811],[46.2021,39.5945],[46.4814,39.5552],[46.3784,39.3823],[46.55,39.2014],[46.4906,38.9067],[46.8525,39.1484],[47.7729,39.6486],[47.9959,39.6839],[48.3222,39.3991],[48.136,39.3124],[48.242,38.979],[48.0232,38.819],[48.4174,38.5862],[48.5927,38.4111],[48.8687,38.4355]]]]}},{"type":"Feature","properties":{"code":"BA","name":"Bosnia and Herzegovina"},"geometry":{"type":"Polygon","coordinates":[[[19.1943,43.5333],[19.4513,43.5621],[19.4882,43.7036],[19.2572,43.9433],[19.5838,44.0435],[19.1519,44.3025],[19.1514,44.5273],[19.3568,44.8585],[19.0071,44.8692],[18.8364,44.8833],[18.6626,45.0774],[17.9963,45.1418],[17.8128,45.0781],[17.1254,45.1718],[16.9187,45.2766],[16.5307,45.2167],[16.2934,45.0088],[16.0283,45.1896],[15.7881,45.179],[15.7366,44.7658],[16.1303,44.4737],[16.2143,44.2151],[16.7135,43.7788],[17.0846,43.5166],[17.6248,43.0428],[17.5852,42.9384],[17.6676,42.8971],[18.4363,42.5597],[18.5433,42.6742],[18.4438,42.9685],[18.6236,43.0277],[18.6742,43.2308],[18.9402,43.4967],[19.1943,43.5333]]]}},{"type":"Feature","properties":{"code":"BB","name":"Barbados"},"geometry":{"type":"Polygon","coordinates":[[[-59.4933,13.082],[-59.4276,13.1528],[-59.5916,13.3177],[-59.6113,13.1021],[-59.4933,13.082]]]}},{"type":"Feature","properties":{"code":"BD","name":"Bangladesh"},"geometry":{"type":"MultiPolygon","coordinates":[[[[89.0515,22.0932],[89.0939,21.8728],[89.2343,21.7224],[89.452,21.8211],[89.5686,21.7674],[89.8119,21.9835],[90.0879,22.0175],[90.1588,21.8168],[90.5895,22.2584],[90.5955,22.4358],[90.4351,22.7519],[90.466,23.0539],[90.6336,23.0942],[90.8268,22.7214],[90.9456,22.597],[91.1514,22.6141],[91.4821,22.7974],[91.693,22.5048],[91.85,22.1574],[92.008,21.6848],[92.0561,21.1748],[92.3241,20.7918],[92.1796,21.2931],[92.3306,21.4398],[92.5392,21.3198],[92.5935,21.4673],[92.5749,21.9781],[92.4914,22.6854],[92.3616,22.929],[92.3342,23.3238],[92.2461,23.6836],[91.9296,23.686],[91.9379,23.5047],[91.7542,23.2873],[91.7738,23.1061],[91.6195,22.9797],[91.3152,23.1044],[91.1604,23.6606],[91.232,23.9205],[91.3671,24.0935],[91.877,24.1953],[92.0642,24.3744],[92.2513,24.8951],[92.4684,24.9441],[92.0497,25.1695],[91.4797,25.1421],[91.2932,25.178],[90.4394,25.1577],[89.8141,25.3054],[89.8229,25.9414],[89.7099,26.1712],[89.5499,26.0053],[89.2893,26.0376],[89.1083,26.2022],[88.4404,26.3695],[88.1508,26.0872],[88.0846,25.8882],[88.4523,25.5744],[88.7691,25.4905],[88.8901,25.1944],[88.4562,25.1884],[88.3134,24.8818],[88.1498,24.9146],[88.0234,24.6278],[88.1455,24.4858],[88.6423,24.326],[88.7336,24.2309],[88.6998,24.0025],[88.5674,23.6744],[88.7408,23.4366],[88.7244,23.255],[88.9281,23.1866],[88.8506,23.0405],[88.9207,22.632],[89.05,22.2746],[89.0515,22.0932]]],[[[90.7776,22.0893],[90.8682,22.4849],[90.6723,22.8132],[90.6805,22.3275],[90.515,22.0651],[90.7776,22.0893]]]]}},{"type":"Feature","properties":{"code":"BE","name":"Belgium"},"geometry":{"type":"Polygon","coordinates":[[[4.2262,51.3865],[3.9021,51.2077],[3.3501,51.3777],[2.5249,51.0971],[2.5968,50.8759],[2.8397,50.7118],[3.1068,50.7794],[3.2733,50.5315],[3.6268,50.4573],[3.748,50.3435],[4.1746,50.2465],[4.1761,49.9603],[4.6562,50.0024],[4.8676,49.7881],[5.2788,49.6779],[5.5073,49.5109],[5.7897,49.5383],[5.8804,49.6448],[5.744,49.9196],[5.9763,50.1672],[6.1165,50.121],[6.3645,50.3162],[6.2359,50.5967],[5.9939,50.7504],[5.6937,50.7747],[5.8271,51.1256],[5.5088,51.275],[4.5034,51.4747],[4.2262,51.3865]]]}},{"type":"Feature","properties":{"code":"BF","name":"Burkina Faso"},"geometry":{"type":"Polygon","coordinates":[[[0.9005,10.9933],[1.0623,11.0582],[1.1458,11.2519],[1.3174,11.2953],[1.4268,11.4471],[1.6,11.4006],[1.9804,11.4184],[2.2872,11.6913],[2.3892,11.8971],[2.0914,12.278],[2.2115,12.5384],[2.0738,12.714],[1.7898,12.6133],[1.5649,12.6354],[1.0968,13.0011],[0.9873,13.0419],[1.0179,13.4679],[0.9777,13.552],[0.6182,13.7034],[0.4292,13.9721],[0.3825,14.2458],[0.1639,14.4972],[0.2175,14.9115],[-0.2359,15.0594],[-0.7604,15.0478],[-1.0496,14.8195],[-1.7678,14.486],[-1.973,14.4565],[-2.1132,14.1685],[-2.4572,14.2741],[-2.5867,14.2276],[-2.8739,13.9507],[-2.9171,13.6795],[-3.1984,13.6729],[-3.2702,13.5774],[-3.3018,13.2808],[-3.5758,13.1942],[-3.8535,13.3735],[-4.0512,13.3824],[-4.3287,13.119],[-4.2271,12.7937],[-4.4806,12.6722],[-4.4287,12.3376],[-4.5869,12.155],[-4.7979,12.0321],[-5.1059,11.9675],[-5.2881,11.8279],[-5.2294,11.5225],[-5.2999,11.206],[-5.4905,11.0424],[-5.4571,10.7714],[-5.5235,10.426],[-5.3823,10.314],[-5.0999,10.2416],[-4.9699,9.9301],[-4.6258,9.7136],[-4.3322,9.6457],[-4.2672,9.7433],[-3.8776,9.8949],[-3.5812,9.9243],[-3.2235,9.8955],[-2.9883,9.6874],[-2.8167,9.4258],[-2.6958,9.4813],[-2.766,9.6581],[-2.7866,10.4019],[-2.9149,10.5923],[-2.8299,10.9984],[-1.5997,10.9977],[-0.7014,10.989],[-0.6485,10.9268],[-0.2995,11.1669],[-0.0686,11.1156],[0.4842,10.992],[0.9005,10.9933]]]}},{"type":"Feature","properties":{"code":"BG","name":"Bulgaria"},"geometry":{"type":"Polygon","coordinates":[[[28.0145,41.969],[27.7082,42.35],[27.4848,42.4681],[27.8889,42.7497],[27.9289,43.1861],[28.1337,43.3956],[28.4654,43.3893],[28.5854,43.7422],[28.05,43.8224],[27.8843,43.9874],[27.4254,44.0205],[27.0869,44.1674],[26.2158,44.0073],[25.8188,43.7668],[25.4971,43.6708],[25.1597,43.6863],[24.4306,43.7944],[24.2268,43.7635],[23.2246,43.8739],[22.919,43.8345],[23.0285,44.078],[22.7051,44.2378],[22.4208,44.0074],[22.3948,43.7066],[22.5546,43.4545],[22.9769,43.188],[22.7062,42.8839],[22.4668,42.8425],[22.4362,42.6291],[22.5235,42.441],[22.344,42.314],[22.5827,42.1048],[22.8368,41.9936],[23.0057,41.7169],[22.916,41.3363],[23.6352,41.3868],[24.0561,41.5272],[24.5183,41.5525],[24.596,41.4427],[25.1334,41.3158],[25.2512,41.2436],[25.785,41.3304],[26.1552,41.4349],[26.066,41.6732],[26.3209,41.7166],[26.6153,41.9649],[27.2949,42.0795],[27.5349,41.9208],[28.0145,41.969]]]}},{"type":"Feature","properties":{"code":"BH","name":"Bahrain"},"geometry":{"type":"Polygon","coordinates":[[[50.6072,25.8831],[50.6098,26.1245],[50.4524,26.1908],[50.4659,25.9655],[50.6072,25.8831]]]}},{"type":"Feature","properties":{"code":"BI","name":"Burundi"},"geometry":{"type":"Polygon","coordinates":[[[30.5536,-2.4001],[30.4085,-2.313],[30.1423,-2.414],[29.9302,-2.3396],[29.8682,-2.7164],[29.698,-2.7947],[29.3902,-2.8086],[29.2971,-2.673],[29.0632,-2.6025],[29.0144,-2.7202],[29.2244,-3.0535],[29.2232,-3.9108],[29.3313,-4.0954],[29.4032,-4.4493],[29.7178,-4.4559],[29.9473,-4.3073],[30.1472,-4.0854],[30.425,-3.5889],[30.7902,-3.2746],[30.7803,-2.9849],[30.515,-2.9176],[30.4242,-2.6416],[30.5536,-2.4001]]]}},{"type":"Feature","properties":{"code":"BJ","name":"Benin"},"geometry":{"type":"Polygon","coordinates":[[[1.6227,6.2168],[2.2869,6.3281],[2.7064,6.3692],[2.7746,6.7117],[2.7214,6.9803],[2.7505,7.3951],[2.686,7.8737],[2.7329,8.7825],[2.7748,9.0485],[3.0449,9.0838],[3.1361,9.4516],[3.3295,9.667],[3.3252,9.7785],[3.5572,9.9073],[3.6459,10.1602],[3.5766,10.2684],[3.8345,10.6074],[3.7568,10.7688],[3.7164,11.0796],[3.4878,11.3954],[3.5954,11.6963],[3.36,11.8805],[2.8781,12.3677],[2.366,12.2219],[2.3892,11.8971],[2.2872,11.6913],[1.9804,11.4184],[1.6,11.4006],[1.4268,11.4471],[1.3174,11.2953],[1.1458,11.2519],[1.0623,11.0582],[0.9005,10.9933],[0.7875,10.7103],[0.78,10.3596],[1.3301,9.997],[1.3471,9.5675],[1.4243,9.285],[1.6002,9.05],[1.6246,8.271],[1.6247,6.9973],[1.5775,6.6874],[1.7779,6.2946],[1.6227,6.2168]]]}},{"type":"Feature","properties":{"code":"BN","name":"Brunei Darussalam"},"geometry":{"type":"MultiPolygon","coordinates":[[[[115.14,4.8998],[115.0268,4.8997],[115.107,4.3904],[115.2467,4.3472],[115.2667,4.634],[115.14,4.8998]]],[[[115.0268,4.8997],[114.9954,5.0224],[114.5447,4.7246],[114.2994,4.6072],[114.0639,4.5927],[114.2241,4.4779],[114.6083,4.024],[114.7762,4.1688],[114.8402,4.3932],[114.7467,4.7181],[115.0268,4.8997]]]]}},{"type":"Feature","properties":{"code":"BO","name":"Bolivia"},"geometry":{"type":"Polygon","coordinates":[[[-69.5109,-17.5061],[-69.3134,-17.9432],[-69.0939,-18.0505],[-69.0923,-18.2824],[-68.9683,-18.968],[-68.4629,-19.4328],[-68.6983,-19.7211],[-68.5783,-19.8565],[-68.7275,-20.0696],[-68.6886,-20.3101],[-68.7452,-20.4586],[-68.4999,-20.612],[-68.5632,-20.7201],[-68.197,-21.3003],[-68.1864,-21.6186],[-68.0768,-21.9828],[-67.9884,-22.0571],[-67.8817,-22.4934],[-67.8794,-22.8229],[-67.5799,-22.8917],[-67.1949,-22.8217],[-66.9911,-22.5099],[-66.8003,-22.4097],[-66.7117,-22.2163],[-66.3652,-22.1138],[-66.2476,-21.8305],[-66.0986,-21.8351],[-65.771,-22.0996],[-65.0578,-22.1027],[-64.6055,-22.2288],[-64.374,-22.761],[-63.9761,-22.0726],[-63.8187,-22.0055],[-62.8434,-21.9973],[-62.651,-22.2337],[-62.2767,-21.066],[-62.2763,-20.5625],[-61.9169,-20.0554],[-61.7568,-19.6453],[-60.0074,-19.2976],[-59.0905,-19.2862],[-58.1802,-19.8179],[-58.1598,-20.1646],[-57.8607,-19.9796],[-58.1315,-19.7445],[-57.8004,-19.081],[-57.7831,-18.9143],[-57.574,-18.2793],[-57.5865,-18.1223],[-57.8325,-17.5121],[-57.9909,-17.5129],[-58.396,-17.2343],[-58.4706,-16.6502],[-58.3504,-16.4908],[-58.3456,-16.2844],[-58.5379,-16.3282],[-60.1756,-16.2693],[-60.2423,-15.4796],[-60.5305,-15.1432],[-60.2733,-15.0888],[-60.2989,-14.6186],[-60.4747,-14.1848],[-60.405,-14.0192],[-60.5066,-13.7898],[-61.077,-13.4897],[-61.5116,-13.5412],[-61.7899,-13.5256],[-62.1761,-13.1337],[-62.3528,-13.1324],[-62.7655,-12.9973],[-63.0152,-12.8056],[-63.0675,-12.6691],[-63.3467,-12.6801],[-63.5856,-12.5189],[-63.7881,-12.4694],[-63.9386,-12.5297],[-64.4205,-12.4397],[-64.5134,-12.251],[-64.8299,-12.0303],[-64.9925,-11.9752],[-65.0903,-11.7412],[-65.322,-11.4392],[-65.3899,-11.2463],[-65.334,-10.8928],[-65.4369,-10.449],[-65.3131,-10.253],[-65.3093,-9.8727],[-65.3961,-9.7124],[-66.2636,-9.8261],[-66.73,-9.9755],[-67.1115,-10.2689],[-67.2805,-10.3173],[-67.5824,-10.506],[-67.7218,-10.6831],[-68.0717,-10.7031],[-68.398,-11.0188],[-68.7275,-11.1225],[-68.8483,-11.0111],[-69.2285,-10.9557],[-69.5786,-10.9518],[-68.6853,-12.502],[-68.7591,-12.6872],[-68.9786,-12.8801],[-68.9834,-13.4964],[-69.0741,-13.6828],[-68.8803,-14.1988],[-69.2349,-14.5971],[-69.3747,-14.963],[-69.1725,-15.2366],[-69.4185,-15.6034],[-69.2176,-16.1491],[-68.9135,-16.2619],[-69.0207,-16.6422],[-69.1998,-16.7685],[-69.4383,-17.0884],[-69.6249,-17.2002],[-69.5109,-17.5061]]]}},{"type":"Feature","properties":{"code":"BR","name":"Brazil"},"geometry":{"type":"MultiPolygon","coordinates":[[[[-66.876,1.223],[-67.0937,1.21],[-67.0901,1.6156],[-67.352,2.0858],[-67.4997,2.1079],[-67.8151,1.7901],[-68.1766,1.7198],[-69.3197,1.7212],[-69.5812,1.7708],[-69.8486,1.7087],[-69.8521,1.0595],[-69.3614,1.064],[-69.1632,0.8641],[-69.1741,0.6354],[-69.4721,0.7299],[-69.8071,0.6075],[-70.0539,0.5786],[-70.0705,-0.1389],[-69.9228,-0.3175],[-69.6675,-0.4824],[-69.5436,-0.9172],[-69.4002,-1.1949],[-69.669,-2.6677],[-69.9659,-4.2359],[-70.0533,-4.3331],[-70.2392,-4.3012],[-70.4046,-4.1501],[-70.7995,-4.1733],[-70.9737,-4.3505],[-71.5213,-4.4697],[-71.8447,-4.5044],[-72.2568,-4.7489],[-72.6987,-5.0672],[-72.8871,-5.1228],[-72.9799,-5.6349],[-73.2355,-6.0984],[-73.1374,-6.4658],[-73.4999,-6.6795],[-73.7581,-6.9058],[-73.8046,-7.0799],[-73.7495,-7.3354],[-73.9643,-7.3789],[-74.0021,-7.5561],[-73.7204,-7.7825],[-73.7756,-7.9364],[-73.6101,-8.1454],[-73.5491,-8.3458],[-73.3604,-8.4793],[-73.3024,-8.654],[-72.974,-8.9932],[-72.9704,-9.1201],[-73.2094,-9.4114],[-72.8143,-9.4104],[-72.3791,-9.5102],[-72.1816,-10.0037],[-71.608,-10.0061],[-71.2379,-9.966],[-70.6369,-9.4782],[-70.5672,-9.7046],[-70.6369,-9.8237],[-70.6423,-11.0103],[-70.2201,-11.0477],[-69.9604,-10.9299],[-69.5786,-10.9518],[-69.2285,-10.9557],[-68.8483,-11.0111],[-68.7275,-11.1225],[-68.398,-11.0188],[-68.0717,-10.7031],[-67.7218,-10.6831],[-67.5824,-10.506],[-67.2805,-10.3173],[-67.1115,-10.2689],[-66.73,-9.9755],[-66.2636,-9.8261],[-65.3961,-9.7124],[-65.3093,-9.8727],[-65.3131,-10.253],[-65.4369,-10.449],[-65.334,-10.8928],[-65.3899,-11.2463],[-65.322,-11.4392],[-65.0903,-11.7412],[-64.9925,-11.9752],[-64.8299,-12.0303],[-64.5134,-12.251],[-64.4205,-12.4397],[-63.9386,-12.5297],[-63.7881,-12.4694],[-63.5856,-12.5189],[-63.3467,-12.6801],[-63.0675,-12.6691],[-63.0152,-12.8056],[-62.7655,-12.9973],[-62.3528,-13.1324],[-62.1761,-13.1337],[-61.7899,-13.5256],[-61.5116,-13.5412],[-61.077,-13.4897],[-60.5066,-13.7898],[-60.405,-14.0192],[-60.4747,-14.1848],[-60.2989,-14.6186],[-60.2733,-15.0888],[-60.5305,-15.1432],[-60.2423,-15.4796],[-60.1756,-16.2693],[-58.5379,-16.3282],[-58.3456,-16.2844],[-58.3504,-16.4908],[-58.4706,-16.6502],[-58.396,-17.2343],[-57.9909,-17.5129],[-57.8325,-17.5121],[-57.5865,-18.1223],[-57.574,-18.2793],[-57.7831,-18.9143],[-57.8004,-19.081],[-58.1315,-19.7445],[-57.8607,-19.9796],[-58.1598,-20.1646],[-58.0022,-20.4654],[-57.9791,-20.6573],[-57.8302,-20.9979],[-57.9162,-21.6991],[-57.9857,-22.0464],[-57.8203,-22.1423],[-57.2382,-22.1952],[-56.9373,-22.2713],[-56.633,-22.2349],[-56.5238,-22.1025],[-56.1898,-22.2812],[-55.8492,-22.3076],[-55.6177,-22.6715],[-55.6541,-22.8104],[-55.4589,-23.6867],[-55.3663,-23.991],[-54.9827,-23.9745],[-54.6255,-23.8125],[-54.2418,-24.0473],[-54.4731,-25.2202],[-54.6159,-25.5761],[-54.4439,-25.625],[-54.1546,-25.523],[-53.8912,-25.6688],[-53.8232,-25.9596],[-53.6713,-26.2251],[-53.7533,-26.7486],[-53.7173,-26.8828],[-53.8382,-27.1211],[-54.2052,-27.2896],[-54.327,-27.4235],[-54.8291,-27.5506],[-55.1015,-27.8668],[-55.3465,-27.956],[-55.7255,-28.2041],[-56.1029,-28.6518],[-56.3224,-28.8524],[-56.9386,-29.5948],[-57.2247,-29.7821],[-57.4052,-30.0339],[-57.6089,-30.1878],[-57.5523,-30.2612],[-57.2145,-30.2834],[-57.1205,-30.1444],[-56.8327,-30.1072],[-56.1762,-30.6284],[-55.8737,-31.0696],[-55.5573,-30.876],[-55.2546,-31.2256],[-54.5876,-31.4852],[-54.2206,-31.8552],[-53.7617,-32.0568],[-53.6017,-32.403],[-53.1256,-32.7367],[-53.5313,-33.1709],[-53.5376,-33.6229],[-53.3706,-33.7422],[-52.9208,-33.402],[-52.6522,-33.1378],[-52.3417,-32.4397],[-52.1274,-32.1678],[-52.1936,-31.8855],[-52.027,-31.599],[-51.9725,-31.3838],[-51.4637,-31.0526],[-51.3591,-30.6745],[-51.1573,-30.3643],[-50.7163,-30.426],[-50.6893,-30.7042],[-50.9408,-30.9037],[-50.9801,-31.0942],[-51.1614,-31.1188],[-51.1743,-31.3397],[-51.6807,-31.7746],[-51.8932,-31.8678],[-52.0632,-31.8304],[-52.0392,-32.1148],[-51.7981,-31.9003],[-51.1518,-31.4804],[-50.62,-30.8977],[-50.2995,-30.4258],[-50.0333,-29.801],[-49.746,-29.3632],[-49.2713,-28.8712],[-48.7997,-28.5753],[-48.6208,-28.0756],[-48.6426,-27.5579],[-48.5542,-27.196],[-48.6777,-26.7029],[-48.5452,-25.8159],[-48.4012,-25.5974],[-48.4761,-25.443],[-48.4025,-25.2721],[-48.1859,-25.3099],[-47.9294,-25.1683],[-47.8766,-24.9975],[-47.1372,-24.4932],[-46.8673,-24.2363],[-45.9721,-23.7955],[-45.4233,-23.6854],[-44.9517,-23.3814],[-44.6672,-23.3352],[-44.6373,-23.0555],[-44.148,-23.011],[-43.8662,-22.9105],[-43.5328,-23.0464],[-43.2242,-22.9912],[-43.229,-22.7477],[-42.9583,-22.9671],[-42.0424,-22.9471],[-41.9409,-22.7883],[-41.9804,-22.5807],[-41.7055,-22.3097],[-41.1225,-22.0844],[-40.9878,-21.9203],[-41.0473,-21.5057],[-40.7893,-20.9061],[-40.3959,-20.5694],[-40.2989,-20.2927],[-40.0014,-19.742],[-39.8447,-19.6491],[-39.6999,-19.2778],[-39.7398,-18.6398],[-39.6508,-18.2523],[-39.4868,-17.9901],[-39.154,-17.7039],[-39.2152,-17.3158],[-39.125,-16.7636],[-38.8806,-15.8643],[-38.9962,-15.2538],[-39.0596,-14.6548],[-38.9423,-14.0307],[-39.0349,-13.991],[-39.0894,-13.5882],[-39.0309,-13.3651],[-38.8353,-13.1472],[-38.788,-12.7827],[-38.691,-12.6239],[-38.5249,-12.7623],[-38.4989,-12.9566],[-38.2397,-12.8442],[-38.0192,-12.5913],[-37.6887,-12.1],[-37.4118,-11.4973],[-36.9378,-10.8204],[-36.7683,-10.6717],[-36.3983,-10.4841],[-36.2235,-10.2251],[-36.055,-10.0758],[-35.764,-9.7025],[-35.3409,-9.2307],[-35.1578,-8.9306],[-34.8347,-7.9715],[-34.8786,-7.7475],[-34.8055,-7.2884],[-34.8339,-7.0244],[-34.9296,-6.7851],[-34.9882,-6.3937],[-35.0955,-6.1854],[-35.2354,-5.5667],[-35.3926,-5.2509],[-35.5494,-5.1294],[-35.9799,-5.0544],[-36.5907,-5.0976],[-36.8611,-4.9666],[-37.1747,-4.9124],[-37.3015,-4.7131],[-37.6263,-4.5921],[-38.0488,-4.2164],[-38.4758,-3.7175],[-38.6862,-3.6537],[-39.0144,-3.3902],[-39.9647,-2.8615],[-40.4746,-2.7956],[-41.3182,-2.9362],[-41.6401,-2.8786],[-41.8762,-2.7466],[-42.2496,-2.792],[-42.5936,-2.661],[-42.9367,-2.465],[-43.3801,-2.3761],[-43.4551,-2.5021],[-43.9329,-2.5835],[-44.1056,-2.4935],[-44.3082,-2.5352],[-44.4375,-2.9444],[-44.7214,-3.1423],[-44.589,-2.5734],[-44.5201,-2.4055],[-44.3818,-2.3655],[-44.6513,-1.7458],[-44.7898,-1.7248],[-45.0764,-1.4664],[-45.2821,-1.6966],[-45.4586,-1.3562],[-45.6448,-1.3479],[-46.2191,-1.0312],[-46.6172,-0.9706],[-46.8112,-0.7797],[-47.1269,-0.7454],[-47.3981,-0.6267],[-47.6511,-0.7188],[-47.8077,-0.6635],[-47.9609,-0.7696],[-48.1151,-0.7375],[-48.4498,-1.1455],[-48.4458,-1.5204],[-48.71,-1.4877],[-48.9913,-1.8298],[-49.211,-1.9165],[-49.4575,-2.5046],[-49.5534,-2.5199],[-49.3137,-1.7317],[-49.7195,-1.9264],[-49.9992,-1.8318],[-50.4032,-2.0155],[-50.69,-1.7617],[-50.9179,-1.1152],[-50.8949,-0.9376],[-51.2974,-1.2235],[-51.9476,-1.5867],[-52.1967,-1.6401],[-52.3103,-1.5596],[-52.2292,-1.3625],[-52.0205,-1.399],[-51.9216,-1.1809],[-51.7206,-1.0185],[-51.7026,-0.7623],[-51.4042,-0.3927],[-51.2829,-0.0852],[-51.102,-0.0312],[-50.9671,0.1303],[-50.8164,0.1726],[-50.5815,0.4205],[-50.2944,0.8357],[-49.8989,1.163],[-49.8816,1.4199],[-49.9571,1.6599],[-50.1876,1.786],[-50.4589,1.8296],[-50.6589,2.131],[-51.0524,3.2818],[-51.0763,3.6717],[-51.2199,4.0936],[-51.4615,4.3138],[-51.6525,4.0613],[-51.9906,3.702],[-52.3566,3.0516],[-52.7006,2.3637],[-52.9648,2.1835],[-53.2298,2.2049],[-53.3344,2.3397],[-53.509,2.2531],[-53.7678,2.3548],[-54.1301,2.121],[-54.5151,2.2455],[-54.6163,2.3268],[-54.8517,2.4396],[-55.0058,2.593],[-55.3854,2.4406],[-55.7306,2.4062],[-55.9359,2.5166],[-56.1294,2.2995],[-55.9153,2.0396],[-56.0199,1.8422],[-56.4828,1.9421],[-56.8367,1.8813],[-57.1189,2.014],[-57.4127,1.9089],[-57.5944,1.7041],[-57.9828,1.6484],[-58.0347,1.5203],[-58.3407,1.5875],[-58.5061,1.4387],[-58.5119,1.2847],[-58.8625,1.2036],[-58.9685,1.3046],[-59.2312,1.376],[-59.7562,1.9006],[-59.7552,2.2741],[-59.8896,2.3629],[-59.9943,2.69],[-59.9723,2.9905],[-59.8312,3.3492],[-59.8544,3.5875],[-59.679,3.6998],[-59.5511,3.9335],[-59.7386,4.2268],[-59.7033,4.3811],[-59.8333,4.4759],[-60.1111,4.5112],[-60.0318,4.7405],[-59.9907,5.0829],[-60.142,5.2388],[-60.7421,5.2021],[-60.6045,4.9946],[-60.7417,4.7741],[-61.0028,4.5353],[-61.2801,4.5169],[-61.5542,4.2878],[-62.1531,4.0984],[-62.4106,4.1567],[-62.7121,4.0179],[-62.7646,3.6729],[-62.9687,3.5939],[-63.2947,3.9223],[-64.0215,3.9291],[-64.2557,4.1403],[-64.5764,4.1399],[-64.5679,3.8998],[-64.2211,3.5874],[-64.2188,3.2047],[-64.0378,2.8015],[-64.0488,2.5251],[-63.9242,2.4524],[-63.3893,2.4119],[-63.3939,2.2225],[-64.0354,1.9044],[-64.1148,1.6193],[-64.3042,1.4553],[-64.486,1.4528],[-64.7315,1.2533],[-65.1038,1.1081],[-65.3608,0.8687],[-65.6814,0.9834],[-66.0601,0.7854],[-66.3017,0.752],[-66.4292,0.8217],[-66.876,1.223]]],[[[-49.6287,-0.2292],[-50.2482,-0.1164],[-50.4616,-0.1574],[-50.6455,-0.2729],[-50.7714,-0.6454],[-50.7598,-1.2402],[-50.6021,-1.6978],[-50.5076,-1.788],[-50.01,-1.7085],[-49.8051,-1.7902],[-49.5879,-1.7124],[-49.5066,-1.5116],[-49.234,-1.5995],[-48.9289,-1.4823],[-48.8041,-1.327],[-48.5397,-0.801],[-48.3797,-0.3528],[-48.588,-0.2316],[-49.117,-0.1636],[-49.6287,-0.2292]]],[[[-49.7382,0.2682],[-49.879,0.3045],[-50.2727,0.2317],[-50.3395,0.0434],[-50.0025,-0.0293],[-49.839,0.0069],[-49.7382,0.2682]]],[[[-50.299,1.9385],[-50.342,2.1417],[-50.491,2.1286],[-50.4561,1.9105],[-50.299,1.9385]]],[[[-50.6529,-0.1316],[-50.8422,-0.0502],[-50.9951,-0.1053],[-50.9264,-0.3273],[-50.6529,-0.1316]]],[[[-49.4439,-0.1124],[-49.5035,0.0837],[-49.7123,0.0151],[-49.7088,-0.1437],[-49.4439,-0.1124]]],[[[-51.8325,-1.4338],[-51.6377,-1.3419],[-51.2763,-1.0218],[-51.1607,-0.6667],[-51.254,-0.5414],[-51.546,-0.6496],[-51.6783,-0.8551],[-51.68,-1.0861],[-51.8021,-1.2025],[-51.8325,-1.4338]]]]}},{"type":"Feature","properties":{"code":"BS","name":"Bahamas"},"geometry":{"type":"MultiPolygon","coordinates":[[[[-77.6577,24.2495],[-77.9999,24.2198],[-77.8522,24.0404],[-77.7713,23.7525],[-77.5737,23.7392],[-77.5187,23.8694],[-77.5615,24.1368],[-77.6577,24.2495]]],[[[-77.2256,25.9042],[-77.1673,26.2403],[-77.0383,26.3334],[-77.2061,26.489],[-77.2256,25.9042]]],[[[-73.0269,21.1924],[-73.2354,21.1545],[-73.5231,21.1908],[-73.6804,21.1033],[-73.661,20.9374],[-73.1646,20.9792],[-73.0269,21.1924]]],[[[-77.7438,24.7074],[-78.0333,25.1431],[-78.2988,24.7539],[-78.1916,24.4661],[-78.0449,24.2875],[-77.7452,24.4635],[-77.7438,24.7074]]],[[[-78.4929,26.7291],[-78.6709,26.5065],[-78.2339,26.6374],[-78.4929,26.7291]]]]}},{"type":"Feature","properties":{"code":"BT","name":"Bhutan"},"geometry":{"type":"Polygon","coordinates":[[[91.6319,27.76],[91.6056,27.9517],[91.2259,28.0712],[91.0777,27.9745],[90.7157,28.0717],[90.3527,28.0802],[90.3482,28.2439],[89.9811,28.3112],[89.5369,28.1074],[88.9476,27.464],[88.8914,27.3161],[88.7388,27.1756],[88.8576,26.9615],[89.1482,26.8162],[89.3321,26.8486],[89.7639,26.7016],[90.1229,26.7546],[90.3459,26.8903],[90.7396,26.7717],[91.2865,26.7899],[91.4268,26.8671],[91.6716,26.802],[91.9983,26.855],[91.9923,27.0999],[92.0834,27.2906],[91.9908,27.4502],[91.7431,27.4425],[91.5947,27.5577],[91.6319,27.76]]]}},{"type":"Feature","properties":{"code":"BW","name":"Botswana"},"geometry":{"type":"Polygon","coordinates":[[[25.2588,-17.7936],[24.9091,-17.8214],[24.5306,-18.0527],[24.359,-17.9782],[23.8983,-18.2292],[23.5806,-18.4529],[23.2986,-18.0273],[23.0999,-18.0096],[22.0114,-18.1986],[21.2325,-18.3068],[20.9741,-18.3188],[20.9762,-19.7443],[20.9781,-20.9682],[20.971,-22.0002],[19.9773,-22.0002],[19.9785,-23.1025],[19.9805,-24.7768],[20.3452,-25.0299],[20.4731,-25.2213],[20.7932,-25.9156],[20.815,-26.1649],[20.6268,-26.4438],[20.6414,-26.7422],[20.7398,-26.8488],[21.6463,-26.8542],[21.8332,-26.6783],[22.0909,-26.5802],[22.2176,-26.3889],[22.6402,-26.0712],[22.8788,-25.4579],[23.0221,-25.3241],[23.266,-25.2666],[23.5215,-25.3444],[23.8938,-25.6009],[24.193,-25.6329],[24.3306,-25.7429],[24.7481,-25.8174],[24.9989,-25.754],[25.4437,-25.7145],[25.5838,-25.6062],[25.9121,-24.7475],[26.3972,-24.6136],[26.8351,-24.2408],[26.987,-23.7046],[27.1464,-23.5244],[27.8905,-23.0739],[28.2102,-22.6937],[28.3817,-22.5934],[28.8398,-22.4809],[29.1299,-22.2133],[29.3648,-22.1939],[29.1068,-22.0657],[29.0373,-21.8113],[28.532,-21.6513],[28.0456,-21.573],[27.6694,-21.0643],[27.6996,-20.5307],[27.2808,-20.4787],[27.2215,-20.1458],[26.6782,-19.8928],[26.1681,-19.5383],[25.9507,-19.0817],[25.9394,-18.9387],[25.7612,-18.6492],[25.4893,-18.3513],[25.224,-17.9152],[25.2588,-17.7936]]]}},{"type":"Feature","properties":{"code":"BY","name":"Belarus"},"geometry":{"type":"Polygon","coordinates":[[[31.7634,52.1011],[31.5773,52.3123],[31.5352,52.7982],[31.2588,53.0167],[31.4179,53.196],[32.142,53.0912],[32.7043,53.3363],[32.4696,53.547],[32.4502,53.6929],[32.2004,53.7812],[31.7542,53.8104],[31.792,54.0559],[31.4036,54.1959],[31.1213,54.6485],[30.7988,54.7833],[30.9777,55.0505],[30.8145,55.2787],[30.9068,55.57],[30.2336,55.8452],[29.937,55.8453],[29.4822,55.6846],[29.375,55.9387],[29.0874,56.0211],[28.7947,55.9426],[28.564,56.092],[28.1479,56.1429],[27.8963,56.0762],[27.5768,55.7988],[27.0525,55.8306],[26.5936,55.6675],[26.4576,55.3425],[26.1752,55.0033],[25.8593,54.9193],[25.7248,54.5643],[25.5474,54.3318],[24.7682,53.9747],[24.318,53.893],[24.1913,53.9504],[23.4847,53.9398],[23.5989,53.5992],[23.8871,53.0275],[23.8447,52.6642],[23.4796,52.5516],[23.197,52.2569],[23.6524,52.0404],[23.5448,51.7103],[23.6053,51.5179],[23.9512,51.5851],[24.3619,51.8675],[25.2672,51.9377],[25.9253,51.9135],[26.4534,51.8134],[27.142,51.7521],[27.2701,51.6136],[28.1838,51.6079],[28.599,51.5426],[29.1356,51.6173],[29.3465,51.3826],[30.1607,51.4779],[30.3334,51.3255],[30.6325,51.3554],[30.533,51.5963],[30.6673,51.8141],[30.9807,52.0462],[31.7634,52.1011]]]}},{"type":"Feature","properties":{"code":"BZ","name":"Belize"},"geometry":{"type":"Polygon","coordinates":[[[-89.1615,17.8148],[-89.2375,15.8944],[-88.894,15.8906],[-88.8791,16.0167],[-88.6952,16.2477],[-88.5623,16.2904],[-88.3134,16.6328],[-88.2618,16.963],[-88.294,17.1921],[-88.2035,17.5166],[-88.2717,17.6099],[-88.0972,18.1216],[-88.1303,18.3507],[-88.2957,18.4724],[-88.523,18.4459],[-88.8063,17.9655],[-89.0504,17.9997],[-89.1615,17.8148]]]}},{"type":"Feature","properties":{"code":"CA-AB","name":"Alberta"},"geometry":{"type":"Polygon","coordinates":[[[-110.005,48.9997],[-110.0049,50.339],[-110.0051,51.2706],[-110.0044,52.5214],[-110.0057,54.2364],[-110.0001,55.3312],[-110.0,56.4029],[-110.0,57.3812],[-110.0003,58.5074],[-110.0,60.0],[-111.25,60.0],[-113.75,60.0],[-115.5,60.0],[-117.0,60.0],[-120.0,60.0],[-120.0,58.734],[-119.9999,57.514],[-120.0008,56.2493],[-120.0003,54.7977],[-120.0,53.8062],[-119.7134,53.6146],[-119.8995,53.5191],[-119.6689,53.3678],[-119.4061,53.3681],[-119.2327,53.1818],[-118.9474,53.2389],[-118.6602,52.9639],[-118.4483,52.8853],[-118.2128,52.3703],[-117.9668,52.4697],[-117.8396,52.2741],[-117.6113,52.1443],[-117.334,52.1486],[-117.0195,51.8914],[-116.9206,51.7098],[-116.6821,51.8121],[-116.3909,51.5456],[-116.268,51.3119],[-116.0076,51.222],[-115.9236,51.0831],[-115.6488,50.9975],[-115.5509,50.7971],[-115.3151,50.7258],[-115.231,50.5449],[-115.0137,50.5709],[-114.7976,50.3261],[-114.6664,50.0509],[-114.6628,49.6437],[-114.5984,49.4126],[-114.4021,49.2133],[-114.1749,49.1636],[-114.0683,48.9989],[-111.5461,48.9967],[-110.005,48.9997]]]}},{"type":"Feature","properties":{"code":"CA-BC","name":"British Columbia"},"geometry":{"type":"MultiPolygon","coordinates":[[[[-129.2904,52.8219],[-129.0823,52.5229],[-128.9275,52.606],[-129.2904,52.8219]]],[[[-126.9592,49.8373],[-126.8263,49.6183],[-126.6135,49.5974],[-126.6713,49.8559],[-126.9592,49.8373]]],[[[-130.5401,53.6275],[-130.3105,53.3876],[-129.9618,53.1702],[-129.7557,53.2186],[-130.1077,53.5145],[-130.5401,53.6275]]],[[[-130.2205,53.9067],[-130.2059,53.7214],[-129.9142,53.5697],[-129.8326,53.3874],[-129.5638,53.2184],[-129.4519,53.4396],[-129.825,53.71],[-130.2205,53.9067]]],[[[-129.0861,53.2929],[-129.1966,53.0208],[-129.0626,52.7385],[-128.5932,52.6084],[-128.5231,52.8986],[-128.6377,53.1569],[-129.0861,53.2929]]],[[[-132.5706,53.0967],[-132.344,53.0453],[-132.2333,52.8008],[-131.9419,52.6382],[-131.2593,52.121],[-131.4786,52.5062],[-131.6457,52.5384],[-131.9626,53.0156],[-131.6456,53.1092],[-131.912,53.2377],[-132.084,53.148],[-132.5706,53.0967]]],[[[-133.0763,54.182],[-133.1543,53.9148],[-132.9306,53.7047],[-132.8838,53.4667],[-132.6329,53.3251],[-132.557,53.1709],[-131.9917,53.2529],[-131.8626,53.8069],[-131.708,53.9773],[-132.2918,54.1067],[-133.0763,54.182]]],[[[-128.4298,50.7863],[-127.9897,50.3449],[-127.1684,49.8708],[-126.6536,49.8709],[-126.5649,49.4045],[-125.839,49.2854],[-125.7617,49.0719],[-125.4848,48.9203],[-125.369,48.998],[-124.9467,48.9771],[-125.1859,48.8088],[-124.7237,48.5976],[-123.5891,48.3112],[-123.47,48.419],[-123.5963,48.8499],[-123.9812,49.2389],[-124.7937,49.4645],[-124.8598,49.7014],[-125.1837,49.9152],[-125.4429,50.3211],[-126.0863,50.4494],[-126.5882,50.4807],[-127.1217,50.5892],[-127.4911,50.7605],[-127.9059,50.8748],[-128.4298,50.7863]]],[[[-123.7893,60.0],[-125.5,60.0],[-127.0,60.0],[-129.0,60.0],[-130.5,60.0],[-132.5,60.0],[-134.75,60.0],[-136.5,60.0],[-139.0522,60.0],[-138.7058,59.9062],[-138.6054,59.7577],[-137.6021,59.2407],[-137.4466,58.9087],[-136.8247,59.1598],[-136.582,59.1655],[-136.1953,59.6388],[-135.479,59.7986],[-135.0277,59.5639],[-134.9589,59.2811],[-134.4848,59.1334],[-134.2564,58.8591],[-133.8413,58.7301],[-133.3818,58.4326],[-133.1724,58.1516],[-132.5636,57.5068],[-132.0459,57.044],[-132.1211,56.8669],[-131.8708,56.8062],[-131.8336,56.5988],[-131.5818,56.6124],[-131.0872,56.4064],[-130.7814,56.3681],[-130.1037,56.122],[-129.9957,55.8991],[-130.1104,55.5663],[-129.9437,55.2879],[-130.1966,54.7101],[-130.3496,54.6947],[-130.4844,54.3743],[-130.1296,54.1484],[-130.0724,53.8917],[-129.647,53.5669],[-129.313,53.3717],[-129.1277,53.7097],[-128.8082,53.7699],[-128.8901,53.3127],[-128.6114,53.1643],[-128.498,52.8834],[-128.1352,52.7132],[-128.2481,52.5358],[-127.8985,52.2246],[-127.4886,52.3382],[-127.6681,51.9642],[-127.8824,51.897],[-127.7779,51.1867],[-127.512,50.9928],[-127.0198,50.8175],[-126.8116,50.9529],[-126.4755,50.8138],[-126.2165,50.8325],[-126.1315,50.4833],[-125.7036,50.4221],[-125.3468,50.4776],[-124.9981,50.3445],[-124.6329,50.293],[-124.7522,49.9635],[-124.3967,49.7664],[-123.9705,49.8047],[-124.0748,49.6421],[-123.8705,49.4678],[-123.2846,49.3588],[-123.1965,49.1265],[-122.7579,49.0022],[-121.0,49.0],[-119.536,49.0],[-117.2684,49.0],[-115.2592,49.0],[-114.0683,48.9989],[-114.1749,49.1636],[-114.4021,49.2133],[-114.5984,49.4126],[-114.6628,49.6437],[-114.6664,50.0509],[-114.7976,50.3261],[-115.0137,50.5709],[-115.231,50.5449],[-115.3151,50.7258],[-115.5509,50.7971],[-115.6488,50.9975],[-115.9236,51.0831],[-116.0076,51.222],[-116.268,51.3119],[-116.3909,51.5456],[-116.6821,51.8121],[-116.9206,51.7098],[-117.0195,51.8914],[-117.334,52.1486],[-117.6113,52.1443],[-117.8396,52.2741],[-117.9668,52.4697],[-118.2128,52.3703],[-118.4483,52.8853],[-118.6602,52.9639],[-118.9474,53.2389],[-119.2327,53.1818],[-119.4061,53.3681],[-119.6689,53.3678],[-119.8995,53.5191],[-119.7134,53.6146],[-120.0,53.8062],[-120.0003,54.7977],[-120.0008,56.2493],[-119.9999,57.514],[-120.0,58.734],[-120.0,60.0],[-121.75,60.0],[-123.7893,60.0]]]]}},{"type":"Feature","properties":{"code":"CA-MB","name":"Manitoba"},"geometry":{"type":"Polygon","coordinates":[[[-94.8281,60.0],[-96.75,60.0],[-99.0,60.0],[-102.0,60.0],[-102.006,58.3137],[-102.005,57.1781],[-102.0041,55.8094],[-101.8853,55.1116],[-101.7713,54.0644],[-101.6377,52.6673],[-101.5392,51.3019],[-101.4175,49.8867],[-101.362,48.9995],[-100.25,49.0],[-98.5275,49.0],[-97.1891,49.0003],[-95.2324,48.9995],[-95.1535,49.3981],[-95.1527,49.452],[-95.1524,49.4701],[-95.1539,49.589],[-95.1534,49.6461],[-95.153,51.5422],[-95.1532,52.8406],[-93.6296,53.7502],[-91.6478,55.1585],[-90.1529,56.1338],[-88.9796,56.8511],[-89.9368,56.9991],[-90.6358,57.2379],[-91.1465,57.2477],[-91.8701,57.0772],[-92.4822,57.0347],[-92.425,57.3577],[-92.7112,57.7735],[-92.8003,58.0433],[-93.1155,58.4778],[-93.2102,58.7628],[-94.2644,58.7894],[-94.4266,58.7028],[-94.7849,59.0169],[-94.716,59.3802],[-94.8342,59.6489],[-94.8281,60.0]]]}},{"type":"Feature","properties":{"code":"CA-NB","name":"New Brunswick"},"geometry":{"type":"Polygon","coordinates":[[[-64.0419,45.9946],[-64.0873,46.1623],[-64.524,46.2392],[-64.9451,46.841],[-64.806,47.0761],[-65.2666,47.1164],[-64.9749,47.2769],[-64.9065,47.5501],[-64.6747,47.7141],[-65.0028,47.8377],[-65.6328,47.6627],[-65.733,47.8304],[-66.0854,47.9256],[-66.3641,48.0695],[-66.7584,48.003],[-67.3808,47.8542],[-67.598,47.9998],[-68.1226,47.9997],[-68.3823,47.9161],[-68.3835,47.5531],[-68.5681,47.4271],[-69.0504,47.3002],[-68.8888,47.1826],[-68.2378,47.3569],[-67.7902,47.0662],[-67.7812,45.9435],[-67.6771,45.637],[-67.4217,45.5722],[-67.4725,45.2579],[-67.3712,45.143],[-66.9531,45.1575],[-66.8879,45.0404],[-66.5711,45.1285],[-66.4667,45.0664],[-66.1454,45.1829],[-65.8501,45.2184],[-64.866,45.6321],[-64.568,45.8389],[-64.2749,45.8385],[-64.0419,45.9946]]]}},{"type":"Feature","properties":{"code":"CA-NL","name":"Newfoundland and Labrador"},"geometry":{"type":"MultiPolygon","coordinates":[[[[-55.4236,51.585],[-55.9087,51.6287],[-56.7237,51.3247],[-56.9992,50.8658],[-57.3106,50.7201],[-57.6073,50.1724],[-57.9441,49.7267],[-57.953,49.6013],[-58.2186,49.4199],[-58.1115,49.1797],[-58.338,49.0561],[-58.6865,48.6859],[-58.4666,48.5179],[-58.9791,48.1289],[-59.4126,47.8984],[-59.3013,47.6179],[-59.0463,47.5728],[-58.3721,47.6912],[-57.7999,47.6302],[-57.0155,47.5939],[-56.8044,47.5353],[-56.5924,47.6181],[-56.2222,47.6337],[-56.0023,47.741],[-55.7774,47.4494],[-55.4496,47.4661],[-55.3856,47.6795],[-54.9525,47.5099],[-55.272,47.4089],[-55.3119,47.2702],[-55.5905,47.1172],[-55.7781,47.107],[-55.9686,46.9089],[-55.3773,46.8769],[-55.0711,47.0976],[-55.0635,47.213],[-54.8279,47.4106],[-54.5583,47.3661],[-54.2064,47.795],[-53.9724,47.7566],[-53.9111,47.611],[-53.9953,47.2979],[-54.1954,46.8846],[-53.8985,46.8971],[-53.7823,47.0316],[-53.5507,46.9252],[-53.6653,46.7924],[-53.0911,46.6464],[-52.9504,46.7895],[-52.832,47.2785],[-52.6358,47.4955],[-52.714,47.7584],[-53.0842,47.4706],[-53.2658,47.5796],[-52.9921,47.9831],[-53.1771,48.0608],[-53.4332,47.8563],[-53.5413,47.5862],[-53.8415,47.7469],[-53.6338,48.0081],[-53.6444,48.1749],[-53.3712,48.3638],[-53.1032,48.4102],[-53.001,48.6091],[-53.3621,48.6117],[-53.5897,48.453],[-53.7144,48.6607],[-54.0106,48.8383],[-53.4851,49.2292],[-53.6757,49.3569],[-54.0783,49.4756],[-54.8019,49.2999],[-55.2454,49.2569],[-55.2636,49.4064],[-55.6827,49.3998],[-56.0333,49.7111],[-55.6947,49.8309],[-55.6992,49.9699],[-56.0226,50.0357],[-56.1599,50.1581],[-56.7161,49.7091],[-56.7539,50.023],[-56.3983,50.4064],[-55.8298,50.922],[-55.7387,51.1989],[-56.0142,51.1756],[-56.0707,51.3663],[-55.6139,51.3086],[-55.4236,51.585]]],[[[-57.1085,51.4156],[-56.8188,51.4843],[-56.6108,51.6393],[-56.2025,51.7911],[-55.6957,52.129],[-55.7276,52.4643],[-56.1263,52.794],[-55.817,52.8348],[-55.9105,53.0298],[-55.7419,53.252],[-56.1636,53.5006],[-56.4372,53.7718],[-57.1183,53.7397],[-57.442,54.1909],[-58.054,54.2383],[-58.3557,54.2048],[-58.3333,54.0588],[-58.8643,53.931],[-59.5896,53.5294],[-60.0607,53.5006],[-60.1303,53.6229],[-59.8379,53.8449],[-59.5731,53.8189],[-58.6154,54.0386],[-58.2321,54.2496],[-58.1906,54.3587],[-57.6365,54.3764],[-57.347,54.5851],[-57.6465,54.6293],[-57.9893,54.8379],[-58.4106,54.7736],[-58.7318,54.8394],[-59.0268,55.1537],[-59.2793,55.1951],[-59.7865,55.1381],[-60.0993,55.1771],[-60.3905,55.3544],[-60.2079,55.4667],[-60.487,55.6602],[-60.4884,55.8067],[-61.0713,55.8923],[-61.4099,56.2228],[-61.9386,56.2136],[-61.8156,56.4048],[-62.0179,56.5345],[-61.701,56.7085],[-61.5671,56.9551],[-61.6579,57.1433],[-62.1836,57.5236],[-61.9049,57.6769],[-61.877,57.8452],[-62.6555,58.1675],[-62.6467,58.4102],[-62.904,58.601],[-62.9092,58.8227],[-63.1833,58.8206],[-63.1404,59.0538],[-63.3893,59.0951],[-63.3928,59.2828],[-63.7518,59.385],[-63.7221,59.5],[-64.0336,59.849],[-64.3588,60.0469],[-64.5235,60.3006],[-64.5937,60.117],[-64.8402,59.9703],[-64.7605,59.7066],[-64.8983,59.6418],[-64.5435,59.3104],[-64.4603,58.9815],[-64.2297,58.7836],[-63.9503,58.6852],[-64.1722,58.3619],[-64.4217,58.1867],[-64.1167,57.8111],[-63.65,57.6201],[-63.8558,57.3343],[-63.7415,57.2408],[-63.9081,56.9275],[-64.1453,56.6998],[-63.9311,56.5338],[-64.0905,56.2799],[-63.9531,56.0882],[-63.6367,56.0235],[-63.7736,55.8561],[-63.6654,55.4231],[-63.4422,55.3441],[-63.6114,55.0908],[-63.8205,54.948],[-63.8134,54.6508],[-64.0543,54.6009],[-64.2945,54.7533],[-64.5569,54.7137],[-65.1264,54.9615],[-65.4555,54.7286],[-65.6901,54.7115],[-65.8498,54.9272],[-66.2603,55.0002],[-66.6028,55.269],[-66.7489,55.2157],[-66.7422,54.9695],[-66.9478,54.8223],[-67.2575,55.0213],[-67.3998,54.9579],[-67.0629,54.6929],[-67.3492,54.517],[-67.7764,54.4353],[-67.6753,54.1588],[-67.8217,54.0257],[-67.2188,53.5303],[-66.9244,53.4187],[-67.0416,53.0761],[-67.3923,53.1209],[-67.3168,52.8754],[-66.7721,52.6962],[-66.6256,52.9542],[-66.3608,53.0144],[-66.2609,52.8743],[-66.4403,52.6364],[-66.3301,52.1359],[-65.6866,52.1038],[-65.3548,51.9427],[-65.1861,51.7756],[-64.6535,51.7015],[-64.2783,51.7464],[-64.3417,51.9859],[-64.1092,52.3941],[-64.1374,52.7292],[-63.5997,52.8243],[-63.4442,52.6447],[-63.8504,52.6258],[-64.0897,52.4459],[-63.7717,52.2828],[-63.8015,51.9978],[-61.8065,51.9958],[-60.2017,51.9972],[-59.0344,51.997],[-57.1078,51.9985],[-57.1085,51.4156]]]]}},{"type":"Feature","properties":{"code":"CA-NS","name":"Nova Scotia"},"geometry":{"type":"Polygon","coordinates":[[[-64.2749,45.8385],[-64.4539,45.6837],[-64.9142,45.4298],[-64.3913,45.3693],[-63.6016,45.3923],[-64.3981,45.1421],[-64.4748,45.2398],[-64.8851,45.1285],[-65.7424,44.7115],[-66.1087,44.3544],[-66.2139,44.098],[-66.1394,43.7938],[-65.8421,43.7671],[-65.7276,43.4904],[-65.4906,43.4882],[-65.2591,43.6583],[-64.8362,43.8324],[-64.3341,44.334],[-64.3065,44.5255],[-63.7104,44.4635],[-63.0997,44.7241],[-62.8936,44.7274],[-62.2377,44.9571],[-61.854,45.0364],[-61.6518,45.1717],[-61.1276,45.2078],[-61.2622,45.4549],[-61.1625,45.5655],[-60.8607,45.6458],[-60.7404,45.5741],[-60.2781,45.7027],[-59.8127,45.9749],[-59.8442,46.1777],[-60.1149,46.2619],[-60.3886,46.2024],[-60.5225,46.3735],[-60.3518,46.6286],[-60.3031,46.8507],[-60.691,46.9157],[-60.903,46.7709],[-61.1026,46.4476],[-61.5524,46.04],[-61.5278,45.6932],[-61.915,45.6834],[-61.9355,45.8876],[-62.286,45.6973],[-62.5016,45.6512],[-62.9911,45.7931],[-63.2659,45.7329],[-63.4667,45.8783],[-63.6959,45.8556],[-64.0419,45.9946],[-64.2749,45.8385]]]}},{"type":"Feature","properties":{"code":"CA-NT","name":"Northwest Territories"},"geometry":{"type":"MultiPolygon","coordinates":[[[[-109.8353,76.5068],[-110.3816,76.4316],[-109.8345,76.246],[-109.8353,76.5068]]],[[[-114.3513,78.0783],[-115.1061,77.9518],[-114.2879,77.7092],[-113.5518,77.8278],[-114.3513,78.0783]]],[[[-117.7106,76.1277],[-118.7088,75.8929],[-119.3772,75.5994],[-118.294,75.5779],[-117.5485,75.991],[-117.7106,76.1277]]],[[[-109.8324,78.6438],[-110.4141,78.7657],[-111.5707,78.5605],[-111.2963,78.389],[-109.8312,78.3015],[-109.8324,78.6438]]],[[[-109.8312,78.1108],[-111.5067,78.0738],[-112.5327,77.9928],[-113.3125,77.846],[-113.1931,77.565],[-112.0295,77.3291],[-110.8174,77.4321],[-110.0568,77.5664],[-109.8311,77.9368],[-109.8312,78.1108]]],[[[-118.8123,77.363],[-119.7962,77.1058],[-120.3419,76.8202],[-121.1863,76.6388],[-121.4923,76.4585],[-122.6123,76.3346],[-122.3671,75.9305],[-121.9085,76.0592],[-119.7133,75.8925],[-119.7872,76.1081],[-118.8547,76.1775],[-118.0091,76.4111],[-117.3074,76.2586],[-116.9101,76.3872],[-117.0384,76.5468],[-116.0605,76.6227],[-115.7235,76.9465],[-116.3815,77.1287],[-115.4313,77.3386],[-116.4244,77.5609],[-117.7376,77.3694],[-118.8123,77.363]]],[[[-109.8313,75.5342],[-111.3265,75.5592],[-111.4306,75.8238],[-112.4043,76.1815],[-113.3228,76.2671],[-113.914,76.1945],[-114.4787,76.5042],[-115.5603,76.439],[-115.8702,76.26],[-116.6762,76.0682],[-116.8091,75.805],[-117.6652,75.2508],[-115.6738,74.9708],[-115.035,74.9636],[-114.4191,75.074],[-113.6601,75.0573],[-111.5431,75.1767],[-111.6823,74.9929],[-112.8519,74.9828],[-114.4386,74.6969],[-113.5254,74.4281],[-112.4602,74.4185],[-111.6797,74.5002],[-109.8306,74.8757],[-109.8313,75.5342]]],[[[-124.7235,74.3527],[-124.1815,73.9321],[-123.7682,73.7697],[-124.0521,73.6679],[-124.7607,73.1648],[-124.5926,72.9046],[-125.0321,72.8345],[-125.0219,72.5703],[-125.6791,72.2339],[-125.7496,71.9575],[-125.2742,71.9854],[-123.9696,71.6691],[-123.6273,71.498],[-123.4322,71.223],[-122.7807,71.0882],[-121.5859,71.4726],[-121.3122,71.383],[-120.4673,71.5676],[-120.4136,71.9713],[-120.1183,72.239],[-119.3128,72.3804],[-119.1545,72.6259],[-116.6538,73.2223],[-115.8043,73.3418],[-115.2922,73.4829],[-117.2026,74.1843],[-118.1682,74.2792],[-119.1036,74.2084],[-120.0945,74.276],[-121.5611,74.5602],[-122.5186,74.4649],[-124.7235,74.3527]]],[[[-109.8453,72.4442],[-110.6226,72.5755],[-111.0743,72.3945],[-111.4707,72.5041],[-111.1797,72.6662],[-112.0223,72.8928],[-113.0048,73.0122],[-114.0597,72.6503],[-113.9427,73.1575],[-114.2006,73.3256],[-114.7105,73.3753],[-115.4057,73.2256],[-117.321,72.9251],[-118.496,72.5089],[-118.084,72.2433],[-118.5832,72.1688],[-119.1142,71.8504],[-119.0766,71.6712],[-118.0405,71.6783],[-117.7807,71.6035],[-118.2362,71.3951],[-117.5134,71.3834],[-115.6299,71.5646],[-116.2395,71.3701],[-117.8114,71.168],[-118.4107,70.9994],[-118.2472,70.8776],[-117.3308,70.6274],[-116.3466,70.6413],[-115.9205,70.5963],[-114.9462,70.6101],[-113.9678,70.7207],[-112.0768,70.4938],[-111.9798,70.3881],[-112.5226,70.1992],[-113.2534,70.2828],[-114.5133,70.3228],[-116.1563,70.2136],[-117.3605,70.0399],[-117.2593,69.791],[-116.99,69.6925],[-116.7552,69.7864],[-117.0228,70.0003],[-114.5001,70.0],[-112.5108,70.0017],[-109.8618,69.9981],[-109.8519,71.4523],[-109.8453,72.4442]]],[[[-120.7248,69.5738],[-121.3983,69.7734],[-122.9426,69.8163],[-123.2116,69.4788],[-123.7141,69.3333],[-124.4971,69.3676],[-124.04,69.6791],[-124.512,69.7253],[-124.4936,70.0067],[-124.8935,70.041],[-125.049,69.7433],[-125.3881,69.6748],[-125.1836,69.4484],[-125.4617,69.3111],[-125.9289,69.3924],[-126.7258,69.7622],[-127.0738,70.1668],[-127.3852,70.3572],[-128.0077,70.5628],[-128.2123,70.3869],[-127.6903,70.1948],[-128.3428,70.1232],[-128.2957,69.9801],[-128.8149,69.7458],[-129.1888,69.8401],[-130.3437,69.6818],[-130.6414,69.407],[-131.1158,69.512],[-131.6539,69.3983],[-132.0522,69.2193],[-132.8855,69.0454],[-131.7798,69.5534],[-130.856,69.573],[-130.5635,69.7587],[-129.5404,69.9922],[-130.6333,70.1098],[-131.0894,69.8873],[-131.647,69.8617],[-132.4722,69.6223],[-132.9009,69.6466],[-132.9658,69.443],[-133.6338,69.3753],[-133.7874,69.4856],[-134.4275,69.6235],[-134.8254,69.4812],[-135.7448,69.3193],[-136.0077,69.1996],[-135.7831,68.9636],[-135.9499,68.8327],[-136.4686,68.8695],[-136.4488,67.6495],[-136.2,67.5617],[-136.0866,67.3007],[-136.1644,67.0],[-134.575,67.0],[-134.1178,66.9569],[-133.7597,66.801],[-133.5535,66.257],[-133.6583,65.9597],[-133.1281,66.0309],[-132.6566,66.0158],[-132.5964,65.8567],[-132.1683,65.6024],[-132.2754,65.4577],[-132.7727,65.183],[-132.3361,65.0607],[-132.5869,64.8346],[-132.0377,64.6964],[-131.8554,64.5378],[-131.451,64.3919],[-131.0682,64.3613],[-130.7757,63.9763],[-130.1012,63.7542],[-129.7849,63.446],[-130.13,63.2668],[-129.7407,63.0605],[-129.75,62.8811],[-129.4393,62.5779],[-129.2125,62.5045],[-129.2697,62.258],[-129.1289,62.0995],[-128.3479,62.0148],[-128.0475,61.7287],[-127.4692,61.4852],[-127.103,61.4582],[-126.8127,60.7586],[-126.639,60.7308],[-125.8322,60.8813],[-125.2641,60.7683],[-124.7662,60.9581],[-124.5394,60.9386],[-124.5995,60.6879],[-124.1238,60.206],[-123.7893,60.0],[-121.75,60.0],[-120.0,60.0],[-117.0,60.0],[-115.5,60.0],[-113.75,60.0],[-111.25,60.0],[-110.0,60.0],[-107.25,60.0],[-105.0,60.0],[-102.0,60.0],[-102.0,60.4063],[-102.0,64.1891],[-104.4741,64.4311],[-108.8379,64.7321],[-110.5384,65.4458],[-112.5834,65.4471],[-114.3138,66.0547],[-117.0655,66.9292],[-118.5942,67.1989],[-120.6308,67.78],[-120.6055,68.6234],[-120.7248,69.5738]]]]}},{"type":"Feature","properties":{"code":"CA-NU","name":"Nunavut"},"geometry":{"type":"MultiPolygon","coordinates":[[[[-106.6706,73.6768],[-107.0115,73.4883],[-106.079,73.2846],[-105.2701,72.8748],[-104.556,73.3088],[-104.4468,73.5491],[-105.0853,73.7516],[-106.286,73.7331],[-106.6706,73.6768]]],[[[-67.604,70.1814],[-68.0453,70.3079],[-68.6427,70.158],[-68.3522,70.5784],[-69.7902,70.8315],[-70.5967,70.7292],[-70.5179,70.9335],[-70.7807,71.1208],[-71.2864,70.9058],[-71.9443,70.7921],[-72.3483,70.8831],[-72.0846,71.0846],[-71.5225,71.0632],[-71.1455,71.2505],[-71.5477,71.4932],[-72.5574,71.6601],[-73.0466,71.2886],[-73.6482,71.4465],[-74.2956,71.725],[-74.2471,72.0775],[-75.0026,72.127],[-75.1857,72.5004],[-76.6508,72.6415],[-77.558,72.7632],[-78.4123,72.5906],[-79.0847,72.3352],[-79.7555,72.4196],[-80.5019,72.3809],[-80.6028,73.162],[-81.1799,73.2584],[-81.2016,73.5228],[-81.5996,73.7308],[-82.7122,73.7262],[-85.1303,73.3097],[-85.6999,72.9039],[-85.5145,72.4604],[-85.3113,72.2659],[-85.5534,72.0646],[-85.5562,71.7999],[-85.2367,71.6708],[-84.6244,71.676],[-84.5191,71.4644],[-85.3875,71.4901],[-86.1139,71.7905],[-86.4571,72.2064],[-86.25,72.3871],[-86.7043,72.6629],[-86.7001,72.8363],[-86.1274,73.2572],[-84.9368,73.6681],[-85.1029,73.812],[-86.1358,73.856],[-87.2189,73.7916],[-88.0187,73.6483],[-88.6492,73.4339],[-89.2466,73.1019],[-89.307,72.8783],[-89.7334,72.619],[-90.0247,71.9562],[-89.8105,71.7665],[-89.9914,71.4588],[-89.6366,71.3088],[-88.1515,71.2276],[-87.3268,71.0491],[-87.3584,70.9517],[-88.289,70.951],[-88.4722,71.0337],[-89.1878,71.0321],[-89.338,70.8072],[-88.6761,70.4641],[-87.7513,70.2478],[-87.5102,70.3315],[-86.6577,70.333],[-86.3017,70.1287],[-85.717,70.0003],[-85.3472,70.1101],[-84.6519,70.0062],[-83.6473,69.9589],[-83.0707,70.0188],[-82.6423,69.8872],[-81.8505,69.8611],[-81.4182,70.1001],[-79.9128,69.9951],[-79.6772,69.8606],[-78.8006,69.897],[-78.6545,69.9747],[-78.9187,70.3085],[-78.3455,70.2052],[-77.6742,70.2028],[-77.526,69.8302],[-76.93,69.8107],[-77.1447,69.6239],[-76.7133,69.5636],[-75.5877,69.2386],[-75.942,69.0148],[-76.5933,69.0358],[-76.4152,68.6796],[-75.95,68.8214],[-75.0207,69.0037],[-74.8897,68.8055],[-73.7217,68.3094],[-73.0285,68.244],[-72.9368,67.9299],[-72.5741,67.7653],[-72.2468,67.2456],[-72.4525,67.0815],[-72.8187,67.0153],[-72.9829,66.741],[-73.9944,66.319],[-74.4077,66.1968],[-74.4109,66.0716],[-73.7332,65.766],[-73.8793,65.5397],[-74.3118,65.4625],[-74.5322,65.3298],[-74.8851,65.3936],[-75.25,65.2486],[-75.9113,65.3307],[-76.048,65.2741],[-76.6665,65.4024],[-77.337,65.4725],[-77.5176,65.3226],[-77.3046,65.1951],[-78.1391,64.9634],[-78.2207,64.7004],[-77.7517,64.3488],[-77.4931,64.3557],[-76.8337,64.2088],[-76.5521,64.3044],[-75.8708,64.3797],[-75.5062,64.5497],[-75.2055,64.4461],[-74.6848,64.3907],[-74.1517,64.5698],[-73.6718,64.4443],[-72.8968,64.1595],[-72.5839,63.8569],[-71.9636,63.6932],[-71.5517,63.6703],[-71.344,63.5567],[-71.7888,63.3215],[-71.6019,63.1283],[-70.8321,62.9033],[-70.4919,62.879],[-70.1714,62.7457],[-69.6145,62.7825],[-69.2012,62.4367],[-68.6065,62.2605],[-67.3529,62.1573],[-66.3005,61.8673],[-65.939,61.9119],[-66.0348,62.2219],[-66.584,62.6024],[-66.9491,62.6686],[-67.6134,63.095],[-68.1524,63.1936],[-68.7396,63.5486],[-68.6337,63.7618],[-68.0674,63.5937],[-67.6019,63.6073],[-67.4999,63.4865],[-66.9866,63.2629],[-66.647,63.0347],[-65.8714,62.9759],[-65.5488,62.811],[-65.3179,62.8191],[-64.9499,62.628],[-64.7419,63.1038],[-65.0648,63.567],[-64.8545,63.5525],[-64.7025,63.2791],[-64.473,63.3178],[-64.5121,63.6874],[-64.9639,63.8115],[-64.7933,63.9242],[-65.321,64.2485],[-65.0598,64.4807],[-65.6514,64.4886],[-65.5299,64.7224],[-65.832,64.8835],[-66.1192,64.8684],[-66.8765,65.0339],[-67.1318,65.3545],[-67.054,65.4522],[-67.418,65.6794],[-67.9873,65.701],[-67.8705,65.8958],[-67.2253,65.9501],[-67.2787,66.1088],[-67.0587,66.522],[-65.9031,66.0945],[-65.4329,65.9733],[-65.4982,65.7479],[-65.1481,65.5383],[-64.9011,65.2701],[-64.5119,65.1152],[-63.3913,65.0557],[-63.3709,65.6253],[-62.6608,65.6179],[-62.4148,65.9657],[-62.0021,66.0192],[-62.4944,66.2192],[-62.2121,66.41],[-61.8953,66.2776],[-61.4681,66.3561],[-61.5311,66.5268],[-61.2888,66.6756],[-62.0061,67.0521],[-62.4091,66.9231],[-63.1198,66.9477],[-63.2467,67.1317],[-63.8919,67.2105],[-64.08,67.6071],[-64.9462,67.9213],[-66.1794,67.9756],[-66.3114,68.1234],[-66.8408,68.1175],[-67.1779,68.4126],[-67.6749,68.571],[-68.1336,68.5366],[-68.3835,68.6343],[-68.4355,68.8483],[-67.0078,69.188],[-66.7638,69.3299],[-67.1996,69.4624],[-67.9987,69.4675],[-68.5468,69.5838],[-68.0696,69.7715],[-67.4046,69.7196],[-67.2477,69.9697],[-67.604,70.1814]]],[[[-81.105,53.1839],[-81.6247,53.2002],[-81.9121,53.1438],[-81.9473,52.9605],[-80.7704,52.6975],[-80.757,52.9231],[-81.105,53.1839]]],[[[-79.2541,56.6267],[-79.393,56.226],[-79.5432,56.2608],[-80.0123,55.9235],[-79.8614,55.8282],[-79.4616,55.8758],[-79.0544,56.3456],[-79.2541,56.6267]]],[[[-67.9902,60.5748],[-68.2348,60.5845],[-68.436,60.2623],[-67.9591,60.3015],[-67.8265,60.4551],[-67.9902,60.5748]]],[[[-64.7027,61.6582],[-65.0133,61.6952],[-65.4498,61.5767],[-64.8288,61.3321],[-64.6525,61.5093],[-64.7027,61.6582]]],[[[-104.2121,75.4451],[-104.915,75.1281],[-104.2294,75.0296],[-103.5909,75.1692],[-104.2121,75.4451]]],[[[-94.8948,75.6395],[-95.6015,75.5537],[-96.5902,75.0809],[-95.8207,74.8266],[-95.2704,74.8074],[-94.5383,74.6277],[-93.4859,74.6757],[-93.3897,74.8822],[-93.4977,75.2757],[-94.3101,75.59],[-94.8948,75.6395]]],[[[-102.1372,76.0008],[-103.0706,75.9016],[-102.5535,75.7813],[-102.1372,76.0008]]],[[[-99.7032,80.15],[-100.1545,79.8944],[-98.6275,79.7908],[-99.005,80.1219],[-99.7032,80.15]]],[[[-103.085,76.3185],[-104.253,76.2273],[-104.1195,76.0703],[-102.8242,76.0928],[-102.5099,76.226],[-103.085,76.3185]]],[[[-90.8831,77.6608],[-91.2272,77.5884],[-91.0181,77.3178],[-90.3723,77.2017],[-89.6344,77.3319],[-90.2201,77.6125],[-90.8831,77.6608]]],[[[-102.071,77.9061],[-102.078,77.688],[-100.8957,77.7467],[-102.071,77.9061]]],[[[-95.4486,77.8064],[-96.2642,77.6908],[-95.8443,77.4674],[-93.5602,77.4455],[-93.2333,77.7334],[-95.4486,77.8064]]],[[[-105.9548,77.7679],[-105.8712,77.5518],[-105.2665,77.2119],[-104.4595,77.322],[-105.2094,77.6338],[-105.9548,77.7679]]],[[[-109.8306,74.8757],[-108.5755,75.0499],[-107.1841,74.9134],[-106.2319,75.0212],[-105.8639,75.1471],[-105.362,75.715],[-105.5446,75.9289],[-106.5407,76.0708],[-107.0232,75.8993],[-107.8004,76.0621],[-108.7838,76.8351],[-109.4559,76.7313],[-109.8353,76.5068],[-109.8345,76.246],[-109.2656,76.1053],[-109.833,75.9339],[-109.8324,75.8644],[-109.0323,75.7414],[-109.1035,75.5061],[-109.8313,75.5342],[-109.8306,74.8757]]],[[[-95.6867,77.0685],[-96.8768,76.9183],[-95.9762,76.4271],[-94.763,76.2893],[-93.9508,76.2647],[-93.0858,76.3634],[-92.5386,75.9627],[-92.1406,75.8803],[-92.0044,75.5925],[-92.3839,75.4622],[-92.5057,75.2172],[-91.6512,74.7228],[-90.9436,74.7565],[-89.9846,74.5311],[-89.1739,74.5964],[-88.5454,74.4981],[-86.9657,74.4611],[-84.2494,74.5055],[-83.0939,74.6369],[-81.7544,74.4709],[-81.2445,74.5856],[-80.3053,74.5791],[-79.9648,74.8131],[-79.392,74.8704],[-79.9774,75.0892],[-79.5079,75.2268],[-79.4812,75.377],[-81.098,75.7662],[-82.3372,75.8376],[-83.4058,75.7428],[-83.9525,75.804],[-86.1636,75.506],[-86.3774,75.4207],[-87.5436,75.563],[-88.1878,75.5282],[-89.1657,75.7525],[-90.2037,76.065],[-89.2875,76.2978],[-90.8968,76.4306],[-90.5759,76.5597],[-91.4719,76.6926],[-93.1077,76.5994],[-93.1843,76.7497],[-93.8907,76.9386],[-95.6867,77.0685]]],[[[-98.7468,76.6865],[-99.5521,76.6018],[-100.2048,76.6451],[-100.9584,76.4743],[-102.1099,76.306],[-101.6557,75.9761],[-102.3441,75.8368],[-101.995,75.5504],[-99.6361,75.6936],[-100.0197,75.4561],[-100.6008,75.437],[-100.3693,75.0315],[-99.5362,74.9782],[-97.9764,75.0244],[-97.562,75.1574],[-98.0588,75.3242],[-97.3842,75.4543],[-97.6435,75.7966],[-97.4994,76.2027],[-97.7708,76.5142],[-98.7468,76.6865]]],[[[-104.2393,76.6785],[-104.6636,76.6022],[-104.2963,76.3299],[-103.328,76.3396],[-102.9936,76.4516],[-104.2393,76.6785]]],[[[-109.8312,78.3015],[-109.2217,78.4758],[-109.8324,78.6438],[-109.8312,78.3015]]],[[[-98.1339,78.82],[-98.4185,78.5071],[-97.5976,78.1984],[-97.574,78.0099],[-96.0278,77.879],[-94.8965,78.1093],[-94.8528,78.3451],[-96.5277,78.6829],[-98.1339,78.82]]],[[[-105.4109,79.3329],[-105.5668,79.0232],[-104.1034,78.9829],[-103.4356,78.7906],[-103.4137,78.5371],[-104.7765,78.5825],[-104.9918,78.4491],[-104.4332,78.2657],[-103.1543,78.3707],[-102.6326,78.2471],[-101.4268,78.2383],[-100.7466,78.0937],[-100.2534,77.8153],[-99.1577,77.8563],[-98.9159,78.0586],[-99.7706,78.2978],[-99.8816,78.7059],[-101.2088,78.8053],[-100.9579,78.9359],[-101.5967,79.063],[-102.6018,79.0676],[-103.0735,79.2822],[-103.9182,79.3736],[-105.4109,79.3329]]],[[[-93.5223,81.3793],[-94.3567,81.2483],[-92.9931,81.1602],[-94.102,81.018],[-95.235,81.001],[-95.4705,80.8284],[-94.5227,80.6018],[-95.9624,80.5838],[-95.5757,80.3956],[-96.5335,80.3607],[-96.6269,79.9022],[-95.8993,79.6529],[-95.7523,79.429],[-94.4028,79.3663],[-92.5821,79.3824],[-92.2486,79.2064],[-93.3961,79.1604],[-94.2969,78.9872],[-92.9303,78.4223],[-92.0207,78.2028],[-90.3431,78.1423],[-89.8956,78.2149],[-88.7437,78.1911],[-88.536,78.4211],[-87.6023,78.6449],[-86.4949,79.06],[-84.8817,79.27],[-85.5344,79.5488],[-86.6535,79.6632],[-87.5421,80.1831],[-87.6043,80.4061],[-88.9985,80.4477],[-90.4869,80.5634],[-91.1292,80.7731],[-92.0601,81.2267],[-93.5223,81.3793]]],[[[-64.8257,82.9074],[-67.8686,82.9609],[-69.81,83.1113],[-72.6239,83.0953],[-73.5755,82.943],[-76.8658,83.0871],[-77.8166,82.9295],[-80.1165,82.927],[-81.4365,82.6332],[-82.3385,82.6383],[-82.5871,82.3499],[-85.4962,82.4143],[-85.5881,82.2419],[-86.8235,82.2178],[-89.3722,81.9054],[-91.4402,81.7648],[-89.7191,81.603],[-90.2985,81.378],[-90.0964,81.0477],[-89.2838,80.8533],[-87.4845,80.623],[-86.034,80.5299],[-82.8596,80.5404],[-80.9371,80.6556],[-80.6322,80.4666],[-83.1219,80.3363],[-81.6703,79.8977],[-82.0804,79.8503],[-84.0893,80.2706],[-86.4479,80.3091],[-86.6241,80.124],[-86.4481,79.7777],[-85.0355,79.6172],[-84.2932,79.1989],[-85.238,78.9136],[-86.656,78.7879],[-87.479,78.4463],[-87.4614,78.1227],[-86.7047,78.1202],[-85.6601,77.9513],[-85.2897,77.671],[-84.1532,77.4004],[-85.7207,77.4343],[-86.1851,77.7946],[-87.3022,77.8986],[-88.1575,77.7994],[-88.2303,77.6607],[-87.6828,77.5344],[-87.7286,77.3627],[-87.1355,77.2447],[-88.3883,77.122],[-89.5277,76.8488],[-89.666,76.5718],[-89.2378,76.4383],[-88.332,76.3842],[-86.3162,76.3763],[-85.2341,76.2786],[-84.4322,76.3338],[-84.2051,76.4512],[-82.7861,76.381],[-81.9047,76.4827],[-80.7547,76.4192],[-81.1013,76.2125],[-80.0821,76.2287],[-78.2261,76.5148],[-77.793,76.6728],[-77.8306,76.8957],[-79.4332,76.9383],[-79.1533,77.1995],[-78.2549,77.3978],[-77.7431,77.6065],[-78.4809,77.9732],[-76.91,77.9022],[-75.5913,78.1306],[-75.0852,78.3676],[-75.8055,78.5009],[-74.8095,78.5856],[-74.7065,78.8169],[-75.997,78.9997],[-75.6603,79.0737],[-74.414,79.0363],[-74.5509,79.2344],[-75.1402,79.3705],[-73.1158,79.5356],[-71.1431,79.7756],[-70.4813,80.0469],[-70.3718,80.324],[-69.3553,80.3956],[-68.2855,80.7526],[-66.5608,81.0535],[-66.1018,81.2104],[-64.6682,81.3851],[-64.4996,81.5463],[-66.7571,81.4923],[-67.058,81.5626],[-64.9386,81.7483],[-64.3559,81.7164],[-62.1847,82.0287],[-61.1329,82.2451],[-61.6734,82.4879],[-62.8983,82.5143],[-63.5738,82.8339],[-64.8257,82.9074]]],[[[-97.7362,74.1262],[-98.7763,74.037],[-98.5961,73.8396],[-98.0625,73.8994],[-97.7362,74.1262]]],[[[-78.0955,73.6648],[-79.6006,73.6656],[-80.7806,73.7571],[-80.8768,73.3425],[-80.219,73.2518],[-80.0,72.8673],[-79.1146,72.7596],[-78.4212,72.881],[-77.7151,72.9027],[-76.4969,72.8166],[-76.3226,73.0672],[-77.2068,73.515],[-78.0955,73.6648]]],[[[-75.7585,68.3361],[-76.6431,68.2654],[-77.2906,67.7285],[-77.2189,67.4537],[-76.9945,67.2399],[-76.0343,67.2405],[-75.4484,67.3418],[-75.0415,67.5993],[-75.1418,67.9377],[-75.023,68.1738],[-75.7585,68.3361]]],[[[-85.0813,66.0299],[-85.1128,65.7604],[-84.6397,65.7675],[-85.0813,66.0299]]],[[[-84.3913,66.1428],[-84.0758,65.7624],[-83.6759,65.9336],[-84.3913,66.1428]]],[[[-77.9514,63.4689],[-78.5104,63.4334],[-77.8686,63.0912],[-77.4938,63.2656],[-77.9514,63.4689]]],[[[-77.0278,63.6763],[-77.4105,63.5951],[-77.0415,63.4222],[-76.5425,63.4479],[-77.0278,63.6763]]],[[[-79.6032,62.415],[-79.9418,62.3689],[-80.2134,62.1383],[-80.1812,61.7861],[-79.7153,61.5935],[-79.3268,62.05],[-79.2611,62.2396],[-79.6032,62.415]]],[[[-82.185,62.9864],[-82.7162,62.9403],[-83.017,62.8437],[-83.3001,62.9292],[-83.9611,62.431],[-83.7345,62.1595],[-83.3063,62.2584],[-83.0686,62.1862],[-81.9579,62.7103],[-81.8671,62.9146],[-82.185,62.9864]]],[[[-70.7792,62.8417],[-70.7138,62.5541],[-70.198,62.6131],[-70.7792,62.8417]]],[[[-85.4973,65.9226],[-85.9971,65.7039],[-86.1328,65.4088],[-86.1304,64.9198],[-86.3839,64.6],[-86.1827,64.0846],[-86.8089,63.9456],[-87.2085,63.714],[-87.1009,63.5522],[-86.6665,63.6398],[-85.5882,63.6543],[-85.6619,63.3431],[-85.5055,63.1074],[-85.2129,63.1081],[-84.4636,63.3709],[-84.4388,63.4835],[-83.5777,63.8186],[-83.5303,64.1027],[-82.5251,63.954],[-82.0611,63.6856],[-81.0361,63.4453],[-80.5743,63.633],[-80.5393,63.982],[-80.9166,64.1173],[-81.5825,64.1663],[-81.7449,64.4897],[-82.371,64.7651],[-83.1755,64.9464],[-83.4988,65.1601],[-84.1107,65.2093],[-84.5248,65.4815],[-84.8648,65.2059],[-85.1837,65.8038],[-85.4973,65.9226]]],[[[-94.8281,60.0],[-94.6454,60.3807],[-94.7028,60.4745],[-94.1683,61.0653],[-93.8163,61.34],[-93.9939,61.4523],[-93.5297,61.6806],[-93.5317,61.886],[-93.018,62.0655],[-93.0396,62.2021],[-92.4504,62.5282],[-91.8647,62.5779],[-92.429,62.8026],[-92.1091,62.8618],[-91.4324,62.791],[-90.6254,63.0831],[-90.821,63.5018],[-90.1502,63.6279],[-89.8737,64.0607],[-88.7531,63.9827],[-88.0516,64.1827],[-87.7686,64.5195],[-87.5515,64.5685],[-86.9239,65.1396],[-87.5533,65.2923],[-88.3055,65.2812],[-89.0343,65.3228],[-89.4279,65.5995],[-90.0146,65.8109],[-89.7427,65.9313],[-88.4195,65.5409],[-87.8728,65.3243],[-87.1995,65.3583],[-86.5256,65.6858],[-86.4036,65.9006],[-85.9591,66.0326],[-85.9001,66.1971],[-86.5843,66.3067],[-86.5775,66.511],[-85.8319,66.5026],[-85.4479,66.5853],[-85.2535,66.2845],[-84.6285,66.225],[-84.1558,66.3093],[-83.8832,66.4503],[-84.643,66.8814],[-84.5327,66.9801],[-83.5431,66.3385],[-82.5695,66.569],[-81.9117,66.9698],[-81.4601,66.9945],[-81.1964,67.462],[-82.083,67.9085],[-82.1049,68.0967],[-82.4686,68.4045],[-81.7838,68.4626],[-81.2366,68.639],[-81.3057,68.854],[-81.6098,68.9015],[-81.311,69.1891],[-82.0028,69.2723],[-82.5125,69.5451],[-82.5621,69.6877],[-83.5471,69.6854],[-84.5477,69.8642],[-85.5251,69.6455],[-85.4497,69.2598],[-84.7257,68.7686],[-85.6146,68.7407],[-85.7,68.4033],[-85.9299,68.0164],[-86.5098,67.6858],[-86.7448,67.4232],[-87.3715,67.2273],[-87.9089,67.6085],[-88.1192,67.6763],[-88.3922,67.9847],[-88.2698,68.1548],[-87.9118,68.2156],[-87.7743,68.4023],[-87.9317,68.7296],[-88.2286,68.923],[-88.7763,69.0959],[-88.9578,69.2417],[-89.3769,69.2263],[-89.7535,68.9552],[-89.7177,68.7093],[-89.9751,68.3828],[-90.479,68.5116],[-90.4562,68.8982],[-90.6809,68.9968],[-90.7874,69.4852],[-91.442,69.6609],[-91.7853,69.5053],[-92.6626,69.7483],[-91.5064,70.1549],[-92.2109,70.494],[-92.404,70.668],[-92.9437,70.8282],[-92.84,71.166],[-92.9524,71.3503],[-93.7876,71.6579],[-94.4694,71.8235],[-94.5211,71.9993],[-95.1593,71.959],[-95.2842,71.7619],[-95.9155,71.5723],[-96.398,71.1699],[-96.5729,70.7821],[-96.1468,70.6156],[-96.5492,70.2417],[-96.07,69.8435],[-94.2843,69.445],[-93.5869,69.5388],[-93.321,69.3876],[-93.7395,69.1985],[-94.5485,68.943],[-94.5872,68.7708],[-94.0483,68.7747],[-93.6318,68.526],[-93.9976,68.4606],[-94.1599,68.278],[-94.6511,68.1127],[-95.4367,68.0633],[-95.6888,67.7472],[-95.2844,67.5156],[-95.3148,67.1668],[-96.4735,67.536],[-96.1234,67.6981],[-95.9939,68.1138],[-96.9655,68.3328],[-97.3056,68.4977],[-97.8442,68.5376],[-98.1622,68.3167],[-98.6461,68.336],[-98.038,67.9262],[-97.6514,67.9937],[-97.1307,67.8516],[-97.1631,67.6643],[-97.5305,67.6006],[-98.3255,67.7961],[-99.2201,67.7178],[-99.4756,67.8066],[-100.65,67.8346],[-101.5626,67.6826],[-102.7503,67.8133],[-103.4924,68.0737],[-104.4756,68.0233],[-104.6319,68.2591],[-105.3302,68.3798],[-105.4303,68.7192],[-105.7722,68.8839],[-106.2163,68.9178],[-107.2858,68.7015],[-108.3474,68.6059],[-108.6021,68.3919],[-108.2807,68.211],[-107.6306,68.3523],[-107.1164,68.2888],[-106.5291,68.5331],[-105.8834,68.643],[-105.6951,68.4364],[-106.2032,68.4],[-106.7124,68.1365],[-107.719,68.0264],[-108.0278,67.7486],[-107.5668,67.5023],[-107.5603,67.2419],[-107.1785,66.9602],[-107.9208,66.7971],[-108.1502,66.9701],[-107.8614,67.1427],[-107.9937,67.2849],[-108.5173,67.4559],[-108.9789,67.4497],[-109.0609,67.7302],[-109.7201,67.7409],[-110.038,68.0114],[-110.9614,67.7735],[-111.3381,67.7961],[-112.4318,67.6803],[-113.6893,67.6881],[-114.7701,67.8202],[-115.1978,67.9788],[-115.1421,68.1442],[-114.443,68.2642],[-113.9987,68.241],[-114.1055,68.5268],[-114.8313,68.819],[-115.6197,68.9827],[-116.1383,68.8233],[-117.1421,68.8974],[-118.4,69.1124],[-118.7122,69.2359],[-119.9263,69.3445],[-120.7248,69.5738],[-120.6055,68.6234],[-120.6308,67.78],[-118.5942,67.1989],[-117.0655,66.9292],[-114.3138,66.0547],[-112.5834,65.4471],[-110.5384,65.4458],[-108.8379,64.7321],[-104.4741,64.4311],[-102.0,64.1891],[-102.0,60.4063],[-102.0,60.0],[-99.0,60.0],[-96.75,60.0],[-94.8281,60.0]]],[[[-74.3349,68.1839],[-74.7374,67.9325],[-74.3142,67.7615],[-73.4223,67.7646],[-73.4114,67.9752],[-74.2671,68.0782],[-74.3349,68.1839]]],[[[-86.6332,68.3049],[-86.9872,68.0807],[-86.868,67.8048],[-86.3606,67.908],[-86.4437,68.2399],[-86.6332,68.3049]]],[[[-76.7104,69.4256],[-77.3488,69.4025],[-77.2616,69.1501],[-76.9237,69.1603],[-76.7104,69.4256]]],[[[-79.4704,69.8114],[-80.7347,69.7409],[-80.2194,69.5279],[-79.9071,69.5241],[-79.33,69.7088],[-79.4704,69.8114]]],[[[-100.4533,69.0456],[-100.5924,68.7666],[-100.1482,68.8083],[-100.4533,69.0456]]],[[[-78.2797,69.377],[-78.5911,69.3851],[-78.9548,69.1073],[-78.7201,68.9725],[-78.2092,69.2968],[-78.2797,69.377]]],[[[-97.9523,69.9049],[-98.4992,69.5936],[-98.4001,69.3781],[-98.7036,69.1894],[-99.4622,69.1209],[-99.3738,68.8874],[-98.7928,68.9318],[-98.6688,68.7891],[-97.7171,68.6625],[-97.4785,68.5556],[-96.2559,68.4757],[-95.7292,68.7516],[-96.2858,69.3594],[-97.3186,69.63],[-97.9523,69.9049]]],[[[-116.99,69.6925],[-116.5011,69.4094],[-115.9382,69.2983],[-115.1024,69.2516],[-114.1808,69.2822],[-113.6757,69.2149],[-113.6456,68.8954],[-113.3241,68.5923],[-112.581,68.5125],[-111.1679,68.5263],[-110.5442,68.6295],[-109.6347,68.6456],[-108.9671,68.7383],[-108.4995,68.9462],[-107.4925,68.9836],[-106.902,69.2492],[-106.5653,69.4986],[-106.2426,69.2873],[-105.041,69.0581],[-105.1229,68.8959],[-104.4557,68.9248],[-103.3613,68.7826],[-102.8968,68.8],[-102.0723,69.0081],[-101.9793,69.2594],[-102.1078,69.4988],[-103.0401,69.3609],[-102.6086,69.7066],[-102.2159,69.8488],[-101.8919,69.7349],[-100.9212,69.6828],[-100.9995,70.2021],[-102.1774,70.3365],[-102.4975,70.4676],[-103.4953,70.5805],[-103.9945,70.7628],[-104.1206,70.9489],[-104.4888,71.0306],[-104.3392,71.6212],[-104.824,71.8967],[-105.2278,72.4048],[-105.3341,72.8474],[-106.8613,73.3153],[-107.1905,73.2018],[-107.993,73.3533],[-108.2634,73.1247],[-107.5941,72.0183],[-107.2514,71.8972],[-107.7208,71.6441],[-108.2859,71.8121],[-108.1836,71.9331],[-109.1191,72.7633],[-109.8407,72.9262],[-109.8422,72.7251],[-109.8426,72.6666],[-109.844,72.5405],[-109.8453,72.4442],[-109.8519,71.4523],[-109.8618,69.9981],[-112.5108,70.0017],[-114.5001,70.0],[-117.0228,70.0003],[-116.7552,69.7864],[-116.99,69.6925]]],[[[-100.0143,73.9488],[-101.0196,73.8008],[-101.5738,73.4844],[-100.254,73.1068],[-100.022,72.8972],[-100.4377,72.7383],[-101.3393,72.7305],[-101.5369,72.8936],[-102.1188,73.0886],[-102.5176,73.0245],[-102.738,72.7654],[-102.0632,72.5314],[-101.806,72.3165],[-100.6279,72.1925],[-100.2532,71.9579],[-99.6714,71.7655],[-99.2177,71.353],[-98.4516,71.322],[-98.058,71.5287],[-97.4964,71.6163],[-96.9331,71.807],[-96.5272,71.8365],[-96.4593,72.1126],[-96.6542,72.3088],[-96.2735,72.4133],[-96.4651,72.6616],[-96.8925,72.6844],[-97.2819,72.9721],[-97.9534,73.0392],[-97.9749,73.1773],[-97.4107,73.5908],[-96.9548,73.639],[-97.1957,73.8584],[-97.8903,73.8957],[-98.1753,73.8111],[-99.2145,73.7393],[-100.0143,73.9488]]],[[[-93.4911,74.1791],[-95.1212,74.0278],[-95.6598,73.7254],[-95.583,73.2047],[-95.6678,72.8051],[-95.1352,72.4578],[-95.1634,71.9713],[-94.0634,72.0691],[-93.8273,72.3135],[-93.4426,72.4506],[-93.9421,72.7799],[-93.2677,72.8169],[-92.3691,72.7108],[-91.8133,72.8664],[-90.916,73.5075],[-90.1648,73.893],[-90.6843,73.9781],[-92.2924,74.0375],[-93.4911,74.1791]]]]}},{"type":"Feature","properties":{"code":"CA-ON","name":"Ontario"},"geometry":{"type":"MultiPolygon","coordinates":[[[[-95.1534,49.6461],[-94.8269,49.6989],[-94.3075,49.6668],[-94.3159,49.4938],[-94.7022,49.4203],[-94.4625,49.2306],[-94.2603,49.1999],[-94.471,48.9655],[-94.7006,48.8247],[-94.5351,48.703],[-93.8481,48.6318],[-93.7917,48.5173],[-93.4703,48.5465],[-93.4114,48.6847],[-92.8502,48.6676],[-92.4635,48.4671],[-92.4669,48.3495],[-92.0728,48.3858],[-91.9322,48.2395],[-91.2521,48.0857],[-90.9227,48.2612],[-90.7601,48.0982],[-90.0021,48.0857],[-89.8988,47.9881],[-89.5897,48.0044],[-89.3634,48.0997],[-89.2133,48.4374],[-88.5485,48.6306],[-88.3011,48.7569],[-88.104,49.0001],[-87.2292,48.7559],[-86.7263,48.8008],[-86.3873,48.7359],[-86.0843,48.1605],[-85.6831,47.9256],[-84.8588,47.9575],[-84.981,47.6657],[-84.588,47.2838],[-84.7782,47.0484],[-84.4755,46.9391],[-84.5946,46.5771],[-84.4839,46.4902],[-84.0768,46.4922],[-84.0597,46.3205],[-83.0482,46.1773],[-82.3299,46.1873],[-82.1669,46.1128],[-81.4844,45.9696],[-80.739,45.9163],[-80.393,45.4539],[-80.0319,45.3315],[-80.0722,45.0822],[-79.8245,44.9304],[-80.1238,44.8095],[-79.9795,44.6685],[-80.1198,44.4704],[-80.4057,44.54],[-80.985,44.8087],[-81.2139,44.9611],[-81.3036,45.2477],[-81.6405,45.2497],[-81.2771,44.7511],[-81.2961,44.5789],[-81.6068,44.3201],[-81.7569,44.072],[-81.7097,43.3983],[-82.1905,43.0502],[-82.3852,43.0142],[-82.5665,42.5125],[-82.4744,42.308],[-82.9359,42.3425],[-83.1074,42.2571],[-83.1087,42.0475],[-82.9246,41.9809],[-82.6142,42.0323],[-81.8442,42.3328],[-81.5728,42.5395],[-81.2472,42.664],[-80.842,42.6525],[-80.6318,42.584],[-80.2236,42.7814],[-79.7032,42.8612],[-79.0937,42.8562],[-79.0582,43.2512],[-79.3161,43.184],[-79.749,43.2472],[-79.598,43.5364],[-79.0918,43.8121],[-78.2569,43.9531],[-77.935,43.9702],[-77.3351,44.1679],[-76.428,44.2362],[-75.9291,44.3824],[-75.5372,44.6981],[-74.8896,45.0272],[-74.5477,45.0621],[-74.3435,45.2054],[-74.4719,45.3027],[-74.3816,45.5637],[-74.3841,45.5671],[-74.943,45.6434],[-75.6832,45.4591],[-75.797,45.3783],[-76.201,45.5189],[-76.3617,45.4571],[-76.6593,45.5607],[-76.7696,45.7335],[-77.1903,45.8639],[-77.2763,46.0085],[-77.5661,46.1592],[-78.6758,46.3182],[-78.9899,46.5489],[-79.1708,46.8252],[-79.443,47.101],[-79.4268,47.2501],[-79.581,47.4151],[-79.5171,47.5332],[-79.5179,49.3041],[-79.518,50.1947],[-79.5243,51.4713],[-79.7902,51.1599],[-80.4257,51.3499],[-80.5822,51.7131],[-80.9723,52.0017],[-81.3404,52.0989],[-81.5603,52.2961],[-81.5253,52.4232],[-82.2359,52.926],[-82.283,53.1002],[-82.1105,53.3063],[-82.2045,53.5508],[-82.1243,53.8273],[-82.4076,54.1925],[-82.4239,54.346],[-82.1954,54.8043],[-82.2526,55.1097],[-82.9733,55.2263],[-83.3375,55.1987],[-83.8833,55.2941],[-84.7946,55.2353],[-85.4339,55.4177],[-85.6439,55.558],[-86.9012,55.9141],[-87.213,55.9327],[-87.6374,56.1123],[-87.9791,56.4731],[-88.3522,56.5674],[-88.8783,56.8615],[-88.9796,56.8511],[-90.1529,56.1338],[-91.6478,55.1585],[-93.6296,53.7502],[-95.1532,52.8406],[-95.153,51.5422],[-95.1534,49.6461]]],[[[-77.0654,44.1734],[-77.4973,44.1068],[-77.4889,43.9254],[-76.965,44.0173],[-77.0654,44.1734]]],[[[-81.9354,45.987],[-82.1705,45.8711],[-82.2825,45.9865],[-82.6967,45.9567],[-82.8716,45.7928],[-82.5359,45.7529],[-82.0744,45.5545],[-81.7878,45.5419],[-81.7868,45.7828],[-81.9354,45.987]]]]}},{"type":"Feature","properties":{"code":"CA-PE","name":"Prince Edward Island"},"geometry":{"type":"Polygon","coordinates":[[[-61.9861,46.4629],[-62.629,46.4676],[-62.97,46.4032],[-63.8789,46.6389],[-64.1651,46.9501],[-64.4099,46.7068],[-64.127,46.5877],[-64.1058,46.4486],[-63.7603,46.3916],[-63.6166,46.2154],[-63.2477,46.1288],[-62.9866,46.1737],[-62.8297,45.9643],[-62.5,45.9789],[-62.4921,46.2153],[-61.9861,46.4629]]]}},{"type":"Feature","properties":{"code":"CA-QC","name":"Quebec"},"geometry":{"type":"MultiPolygon","coordinates":[[[[-74.3435,45.2054],[-73.9953,45.2387],[-74.0136,45.4153],[-74.3816,45.5637],[-74.4719,45.3027],[-74.3435,45.2054]]],[[[-62.6874,49.6427],[-63.3811,49.827],[-64.1495,49.9521],[-64.4165,49.8004],[-63.9785,49.696],[-63.6601,49.536],[-63.5691,49.3899],[-62.9191,49.1889],[-62.2823,49.0755],[-61.8277,49.0637],[-61.6696,49.1327],[-61.8956,49.3518],[-62.25,49.4253],[-62.6874,49.6427]]],[[[-66.7584,48.003],[-66.4412,48.1234],[-66.0931,48.0931],[-65.938,48.2002],[-65.4479,48.0037],[-65.1683,48.0428],[-64.792,48.2009],[-64.6727,48.3468],[-64.3891,48.4168],[-64.1818,48.6431],[-64.3739,48.767],[-64.2124,48.8733],[-64.4734,49.0531],[-64.8509,49.1872],[-65.3258,49.2513],[-65.9651,49.2277],[-66.7414,49.0893],[-67.8336,48.7505],[-68.4466,48.5264],[-68.9527,48.2905],[-69.4442,47.9892],[-69.6478,47.732],[-70.0336,47.4686],[-70.5477,46.9891],[-71.6431,46.6373],[-71.8642,46.6658],[-72.4475,46.3762],[-72.6684,46.1938],[-73.1411,46.0469],[-73.2305,45.8651],[-73.4326,45.7149],[-73.5269,45.4004],[-73.762,45.3997],[-73.9635,45.2475],[-74.4061,45.1271],[-74.1501,44.9911],[-73.1908,45.0142],[-71.5053,45.0134],[-71.3593,45.2505],[-70.6282,45.4213],[-70.645,45.6067],[-70.2843,45.8718],[-70.2903,46.1851],[-70.0573,46.4151],[-69.9971,46.6958],[-69.224,47.4594],[-69.0504,47.3002],[-68.5681,47.4271],[-68.3835,47.5531],[-68.3823,47.9161],[-68.1226,47.9997],[-67.598,47.9998],[-67.3808,47.8542],[-66.7584,48.003]]],[[[-74.3841,45.5671],[-74.0537,45.4582],[-73.7277,45.6823],[-73.4734,45.7124],[-73.1774,46.0757],[-72.9855,46.2027],[-72.5777,46.3038],[-72.2175,46.5454],[-71.8436,46.692],[-71.6929,46.6676],[-71.2418,46.7738],[-70.9507,47.0121],[-70.7159,47.1084],[-70.5034,47.4185],[-70.2339,47.4879],[-69.9056,47.7702],[-69.759,48.0627],[-69.4254,48.3004],[-69.0513,48.7726],[-68.6343,48.9428],[-68.6059,49.0415],[-68.1929,49.0986],[-68.127,49.2713],[-67.3664,49.327],[-67.2392,49.4587],[-67.1652,49.7765],[-66.9333,49.9986],[-66.3679,50.1879],[-65.3504,50.3039],[-64.9587,50.2632],[-64.4223,50.3169],[-64.1661,50.2555],[-63.8166,50.3025],[-63.4006,50.2016],[-62.9455,50.2746],[-61.8714,50.2227],[-61.7337,50.0855],[-61.4173,50.1737],[-60.762,50.2358],[-60.1512,50.2156],[-59.5803,50.4748],[-59.4516,50.6232],[-59.1276,50.7923],[-58.6311,51.1417],[-58.4877,51.3003],[-58.2324,51.2639],[-57.778,51.4085],[-57.2589,51.4988],[-57.1085,51.4156],[-57.1078,51.9985],[-59.0344,51.997],[-60.2017,51.9972],[-61.8065,51.9958],[-63.8015,51.9978],[-63.7717,52.2828],[-64.0897,52.4459],[-63.8504,52.6258],[-63.4442,52.6447],[-63.5997,52.8243],[-64.1374,52.7292],[-64.1092,52.3941],[-64.3417,51.9859],[-64.2783,51.7464],[-64.6535,51.7015],[-65.1861,51.7756],[-65.3548,51.9427],[-65.6866,52.1038],[-66.3301,52.1359],[-66.4403,52.6364],[-66.2609,52.8743],[-66.3608,53.0144],[-66.6256,52.9542],[-66.7721,52.6962],[-67.3168,52.8754],[-67.3923,53.1209],[-67.0416,53.0761],[-66.9244,53.4187],[-67.2188,53.5303],[-67.8217,54.0257],[-67.6753,54.1588],[-67.7764,54.4353],[-67.3492,54.517],[-67.0629,54.6929],[-67.3998,54.9579],[-67.2575,55.0213],[-66.9478,54.8223],[-66.7422,54.9695],[-66.7489,55.2157],[-66.6028,55.269],[-66.2603,55.0002],[-65.8498,54.9272],[-65.6901,54.7115],[-65.4555,54.7286],[-65.1264,54.9615],[-64.5569,54.7137],[-64.2945,54.7533],[-64.0543,54.6009],[-63.8134,54.6508],[-63.8205,54.948],[-63.6114,55.0908],[-63.4422,55.3441],[-63.6654,55.4231],[-63.7736,55.8561],[-63.6367,56.0235],[-63.9531,56.0882],[-64.0905,56.2799],[-63.9311,56.5338],[-64.1453,56.6998],[-63.9081,56.9275],[-63.7415,57.2408],[-63.8558,57.3343],[-63.65,57.6201],[-64.1167,57.8111],[-64.4217,58.1867],[-64.1722,58.3619],[-63.9503,58.6852],[-64.2297,58.7836],[-64.4603,58.9815],[-64.5435,59.3104],[-64.8983,59.6418],[-64.7605,59.7066],[-64.8402,59.9703],[-64.5937,60.117],[-64.5235,60.3006],[-64.9424,60.2699],[-65.1167,59.9717],[-65.5346,59.707],[-65.3803,59.4976],[-65.6987,59.2755],[-65.6316,59.0705],[-65.9975,58.9067],[-66.3559,58.8507],[-66.6223,58.5024],[-67.6436,58.2584],[-68.2486,58.5286],[-68.3483,58.7689],[-68.602,58.9014],[-69.4377,58.9056],[-69.4132,59.1962],[-69.7468,59.509],[-69.5044,59.6757],[-69.7011,60.2982],[-69.63,60.591],[-69.3724,60.9131],[-70.0603,60.8411],[-70.105,61.0668],[-70.7322,61.0843],[-71.7131,61.2799],[-71.81,61.695],[-72.5899,61.9676],[-72.6153,62.1128],[-73.0172,62.1835],[-73.6711,62.4801],[-74.4086,62.2446],[-75.4528,62.3037],[-75.5242,62.2532],[-76.797,62.5224],[-77.4225,62.5805],[-78.0911,62.361],[-78.1457,61.9919],[-78.0217,61.7278],[-77.7892,61.6847],[-77.6256,61.4589],[-77.7568,61.1923],[-78.1914,60.8605],[-77.6339,60.7647],[-77.8049,60.6048],[-77.6527,60.3655],[-77.2834,59.9902],[-77.3236,59.8043],[-77.7539,59.6159],[-77.8577,59.2842],[-78.1299,59.1973],[-78.3645,58.9049],[-78.5807,58.8988],[-78.4265,58.5414],[-77.5545,58.2237],[-77.2528,58.0495],[-76.8527,57.6736],[-76.5501,57.0961],[-76.548,56.3013],[-77.1237,55.6617],[-77.789,55.2693],[-78.3166,55.042],[-78.9557,54.8437],[-79.5556,54.7249],[-79.4951,54.3739],[-79.0397,54.0343],[-79.0827,53.7004],[-78.9056,53.2615],[-78.8853,52.8887],[-78.7139,52.5217],[-78.5091,52.4519],[-78.5848,52.1003],[-79.0413,51.7616],[-78.7671,51.4805],[-78.8978,51.378],[-79.3219,51.6626],[-79.5243,51.4713],[-79.518,50.1947],[-79.5179,49.3041],[-79.5171,47.5332],[-79.581,47.4151],[-79.4268,47.2501],[-79.443,47.101],[-79.1708,46.8252],[-78.9899,46.5489],[-78.6758,46.3182],[-77.5661,46.1592],[-77.2763,46.0085],[-77.1903,45.8639],[-76.7696,45.7335],[-76.6593,45.5607],[-76.3617,45.4571],[-76.201,45.5189],[-75.797,45.3783],[-75.6832,45.4591],[-74.943,45.6434],[-74.3841,45.5671]]]]}},{"type":"Feature","properties":{"code":"CA-SK","name":"Saskatchewan"},"geometry":{"type":"Polygon","coordinates":[[[-102.0,60.0],[-105.0,60.0],[-107.25,60.0],[-110.0,60.0],[-110.0003,58.5074],[-110.0,57.3812],[-110.0,56.4029],[-110.0001,55.3312],[-110.0057,54.2364],[-110.0044,52.5214],[-110.0051,51.2706],[-110.0049,50.339],[-110.005,48.9997],[-108.1879,48.9997],[-106.0,48.9995],[-104.5746,48.9992],[-102.7228,48.9992],[-101.362,48.9995],[-101.4175,49.8867],[-101.5392,51.3019],[-101.6377,52.6673],[-101.7713,54.0644],[-101.8853,55.1116],[-102.0041,55.8094],[-102.005,57.1781],[-102.006,58.3137],[-102.0,60.0]]]}},{"type":"Feature","properties":{"code":"CA-YT","name":"Yukon"},"geometry":{"type":"Polygon","coordinates":[[[-136.4686,68.8695],[-137.2077,68.9289],[-138.4593,69.2208],[-139.1618,69.502],[-139.9808,69.6133],[-141.0115,69.6467],[-141.0141,67.8628],[-141.0058,66.1474],[-141.0079,65.0912],[-141.0036,63.3215],[-141.0011,62.082],[-140.998,60.308],[-139.9717,60.1839],[-139.6801,60.3357],[-139.0521,60.3537],[-139.177,60.0829],[-139.0522,60.0],[-136.5,60.0],[-134.75,60.0],[-132.5,60.0],[-130.5,60.0],[-129.0,60.0],[-127.0,60.0],[-125.5,60.0],[-123.7893,60.0],[-124.1238,60.206],[-124.5995,60.6879],[-124.5394,60.9386],[-124.7662,60.9581],[-125.2641,60.7683],[-125.8322,60.8813],[-126.639,60.7308],[-126.8127,60.7586],[-127.103,61.4582],[-127.4692,61.4852],[-128.0475,61.7287],[-128.3479,62.0148],[-129.1289,62.0995],[-129.2697,62.258],[-129.2125,62.5045],[-129.4393,62.5779],[-129.75,62.8811],[-129.7407,63.0605],[-130.13,63.2668],[-129.7849,63.446],[-130.1012,63.7542],[-130.7757,63.9763],[-131.0682,64.3613],[-131.451,64.3919],[-131.8554,64.5378],[-132.0377,64.6964],[-132.5869,64.8346],[-132.3361,65.0607],[-132.7727,65.183],[-132.2754,65.4577],[-132.1683,65.6024],[-132.5964,65.8567],[-132.6566,66.0158],[-133.1281,66.0309],[-133.6583,65.9597],[-133.5535,66.257],[-133.7597,66.801],[-134.1178,66.9569],[-134.575,67.0],[-136.1644,67.0],[-136.0866,67.3007],[-136.2,67.5617],[-136.4488,67.6495],[-136.4686,68.8695]]]}},{"type":"Feature","properties":{"code":"CD","name":"Democratic Republic of the Congo"},"geometry":{"type":"Polygon","coordinates":[[[30.7512,-8.1937],[30.4067,-7.4606],[30.3132,-7.2037],[30.1062,-6.915],[29.7097,-6.6169],[29.5408,-6.3139],[29.4801,-6.025],[29.5941,-5.6508],[29.3428,-4.9831],[29.3257,-4.8356],[29.4032,-4.4493],[29.3313,-4.0954],[29.2232,-3.9108],[29.2244,-3.0535],[29.0144,-2.7202],[28.9218,-2.682],[28.8764,-2.4003],[29.1064,-2.2332],[29.1294,-1.8603],[29.3517,-1.5176],[29.577,-1.3879],[29.5619,-0.9773],[29.7177,0.0983],[29.9345,0.499],[29.9429,0.8192],[30.1829,0.9735],[30.3211,1.1853],[30.4778,1.2388],[30.9426,1.6828],[31.2527,2.0446],[31.1764,2.2701],[30.9619,2.4033],[30.7286,2.4554],[30.8467,2.847],[30.754,3.0418],[30.9064,3.4089],[30.8386,3.4907],[30.7572,3.6242],[30.5594,3.6528],[30.5083,3.8357],[30.1949,3.9819],[29.8702,4.3271],[29.6769,4.5869],[29.4696,4.6118],[29.1515,4.3882],[28.9394,4.4871],[28.7271,4.505],[28.4275,4.3242],[28.1921,4.3502],[27.7881,4.6447],[27.6642,4.846],[27.4033,5.1092],[27.1149,5.1979],[26.8221,5.0624],[26.1735,5.1711],[25.5251,5.3121],[25.4002,5.2559],[25.2493,5.0246],[24.7655,4.9301],[24.3198,4.9941],[23.4172,4.6631],[23.1159,4.7369],[22.8646,4.7239],[22.7558,4.6467],[22.5057,4.2077],[22.4222,4.135],[21.9082,4.2539],[21.5376,4.2448],[21.2298,4.3022],[20.9558,4.4131],[20.5581,4.4627],[20.2264,4.8296],[19.8065,5.0893],[19.501,5.1275],[19.3234,5.0708],[19.0686,4.8914],[18.8317,4.5234],[18.5675,4.2576],[18.6337,3.9543],[18.6104,3.4784],[18.6222,3.3041],[18.4909,2.9244],[18.2116,2.4149],[18.0722,2.0133],[18.0578,1.5349],[17.9024,1.1181],[17.9252,0.5373],[17.8877,0.2341],[17.7241,-0.2775],[17.7528,-0.549],[17.2788,-0.9996],[16.8799,-1.2259],[16.5407,-1.8401],[16.2153,-2.1778],[16.1916,-2.2791],[16.2174,-3.0303],[16.1468,-3.4642],[15.8725,-3.9343],[15.6001,-4.031],[15.3946,-4.2449],[15.1062,-4.461],[14.7079,-4.8817],[14.4107,-4.8312],[14.3654,-4.5855],[14.4498,-4.4495],[14.3583,-4.2994],[13.9409,-4.4847],[13.7171,-4.4545],[13.6854,-4.6887],[13.4149,-4.8374],[13.0728,-4.6348],[12.8297,-4.7366],[12.5735,-4.9966],[12.5224,-5.1489],[12.5037,-5.6958],[12.2137,-5.7587],[12.4117,-5.9863],[12.6807,-5.9608],[12.7916,-5.8777],[13.0682,-5.8648],[13.9785,-5.8572],[14.3986,-5.8927],[15.727,-5.8639],[16.3152,-5.8656],[16.5371,-5.9658],[16.7178,-6.2414],[16.743,-6.6185],[16.9194,-6.934],[16.9848,-7.2574],[17.1551,-7.4613],[17.536,-8.0759],[17.9131,-8.0677],[18.6534,-7.936],[18.8983,-7.9981],[19.3408,-7.9666],[19.3717,-7.6551],[19.4799,-7.4722],[19.5276,-7.1444],[19.8752,-6.9863],[20.4822,-6.9158],[20.6078,-7.2777],[21.7511,-7.3055],[21.8416,-7.421],[21.7801,-7.8654],[21.8009,-8.1119],[21.8959,-8.3411],[21.9054,-8.6934],[21.8132,-9.4688],[21.9486,-9.7256],[22.1978,-10.0406],[22.3024,-10.3967],[22.2805,-10.784],[22.1779,-10.8923],[22.2788,-11.1941],[22.561,-11.0559],[23.1567,-11.0748],[23.4002,-10.9765],[23.8339,-11.0137],[23.9665,-10.8718],[24.1365,-11.026],[24.3199,-11.0718],[24.5186,-11.4385],[24.6683,-11.3529],[25.1849,-11.243],[25.3494,-11.623],[26.026,-11.8901],[26.5964,-11.9721],[26.9496,-11.8988],[27.0461,-11.6159],[27.1964,-11.6051],[27.2381,-11.7835],[27.4236,-11.9445],[27.5334,-12.1953],[27.8574,-12.2849],[28.3577,-12.482],[28.5509,-12.8361],[28.6729,-12.8613],[29.0143,-13.3688],[29.2019,-13.3983],[29.5542,-13.2489],[29.6518,-13.4144],[29.7953,-13.3928],[29.7951,-12.1555],[29.5598,-12.2024],[29.4275,-12.4313],[29.0644,-12.3488],[28.85,-12.1205],[28.4825,-11.8121],[28.3572,-11.483],[28.5442,-10.8023],[28.6389,-10.6692],[28.6074,-10.3974],[28.6301,-9.8313],[28.5405,-9.5101],[28.4007,-9.2248],[28.6165,-9.0723],[28.9178,-8.7006],[28.9723,-8.4649],[30.7512,-8.1937]]]}},{"type":"Feature","properties":{"code":"CF","name":"Central African Republic"},"geometry":{"type":"Polygon","coordinates":[[[24.1474,8.6656],[23.6793,8.7325],[23.5373,8.8158],[23.4683,9.1147],[23.6227,9.3406],[23.6463,9.8229],[23.3123,10.3879],[22.9644,10.7518],[22.8601,10.9197],[22.4938,10.9962],[22.0432,10.8227],[21.7065,10.5748],[21.7258,10.3666],[21.528,10.2078],[21.396,10.0014],[21.2639,9.9746],[20.7732,9.4057],[20.3421,9.1271],[20.0727,9.1332],[19.6684,9.0209],[19.1455,9.016],[18.8883,8.8897],[19.1087,8.6562],[18.9064,8.4051],[18.4551,8.032],[17.6494,7.9836],[17.247,7.813],[17.118,7.7019],[16.7848,7.551],[16.5232,7.86],[16.3789,7.6835],[15.845,7.4753],[15.4801,7.5238],[15.2459,7.2636],[15.0346,6.7844],[14.8619,6.5557],[14.7393,6.2798],[14.5121,6.1619],[14.4312,6.0387],[14.6169,5.8651],[14.6169,5.4955],[14.563,5.2799],[14.6406,5.1791],[14.709,4.6656],[15.0228,4.3585],[15.1369,4.0691],[15.1287,3.8269],[15.775,3.1272],[15.9049,3.0958],[16.0635,2.9086],[16.1067,2.4735],[16.1834,2.2701],[16.4686,2.8317],[16.4963,3.2088],[16.5704,3.4631],[16.6733,3.5352],[17.0025,3.5567],[17.438,3.6846],[18.1609,3.4998],[18.4744,3.623],[18.6104,3.4784],[18.6337,3.9543],[18.5675,4.2576],[18.8317,4.5234],[19.0686,4.8914],[19.3234,5.0708],[19.501,5.1275],[19.8065,5.0893],[20.2264,4.8296],[20.5581,4.4627],[20.9558,4.4131],[21.2298,4.3022],[21.5376,4.2448],[21.9082,4.2539],[22.4222,4.135],[22.5057,4.2077],[22.7558,4.6467],[22.8646,4.7239],[23.1159,4.7369],[23.4172,4.6631],[24.3198,4.9941],[24.7655,4.9301],[25.2493,5.0246],[25.4002,5.2559],[25.5251,5.3121],[26.1735,5.1711],[26.8221,5.0624],[27.1149,5.1979],[27.4033,5.1092],[27.2567,5.2896],[27.2134,5.6188],[27.0834,5.7769],[26.7264,5.9982],[26.5143,6.0692],[26.3086,6.4553],[26.3618,6.6353],[25.889,7.0649],[25.3807,7.3334],[25.1901,7.5193],[25.2474,7.7246],[24.8533,8.1375],[24.2914,8.2914],[24.1474,8.6656]]]}},{"type":"Feature","properties":{"code":"CG","name":"Congo"},"geometry":{"type":"Polygon","coordinates":[[[11.1302,-3.9163],[11.7775,-4.5658],[11.7809,-4.6766],[12.0184,-5.0043],[12.3846,-4.6191],[12.8811,-4.4451],[13.0728,-4.6348],[13.4149,-4.8374],[13.6854,-4.6887],[13.7171,-4.4545],[13.9409,-4.4847],[14.3583,-4.2994],[14.4498,-4.4495],[14.3654,-4.5855],[14.4107,-4.8312],[14.7079,-4.8817],[15.1062,-4.461],[15.3946,-4.2449],[15.6001,-4.031],[15.8725,-3.9343],[16.1468,-3.4642],[16.2174,-3.0303],[16.1916,-2.2791],[16.2153,-2.1778],[16.5407,-1.8401],[16.8799,-1.2259],[17.2788,-0.9996],[17.7528,-0.549],[17.7241,-0.2775],[17.8877,0.2341],[17.9252,0.5373],[17.9024,1.1181],[18.0578,1.5349],[18.0722,2.0133],[18.2116,2.4149],[18.4909,2.9244],[18.6222,3.3041],[18.6104,3.4784],[18.4744,3.623],[18.1609,3.4998],[17.438,3.6846],[17.0025,3.5567],[16.6733,3.5352],[16.5704,3.4631],[16.4963,3.2088],[16.4686,2.8317],[16.1834,2.2701],[16.0801,2.1068],[16.1361,1.7242],[16.0594,1.6762],[15.7416,1.915],[15.3388,1.9447],[15.2035,2.0245],[14.9024,2.0123],[14.5789,2.1991],[14.4841,2.1547],[13.2936,2.1616],[13.1627,1.6481],[13.2741,1.241],[13.8514,1.4187],[14.1809,1.3702],[14.3864,1.0044],[14.4345,0.8115],[14.3242,0.6242],[14.0875,0.5366],[13.8846,0.1908],[13.8601,-0.2033],[14.0694,-0.2701],[14.2067,-0.4273],[14.3638,-0.4686],[14.4806,-0.6184],[14.4106,-0.9721],[14.4556,-1.4132],[14.384,-1.89],[14.2515,-2.0015],[14.0874,-2.4669],[13.8869,-2.4654],[13.7844,-2.1638],[13.4649,-2.3954],[12.992,-2.3134],[12.7936,-1.9318],[12.5904,-1.8269],[12.4321,-1.9289],[12.4464,-2.33],[12.0645,-2.4126],[11.9503,-2.3448],[11.5752,-2.3971],[11.6034,-2.5954],[11.5378,-2.8367],[11.7602,-2.9831],[11.7154,-3.177],[11.9342,-3.3186],[11.6857,-3.682],[11.5043,-3.5203],[11.2883,-3.6411],[11.1302,-3.9163]]]}},{"type":"Feature","properties":{"code":"CH","name":"Switzerland"},"geometry":{"type":"Polygon","coordinates":[[[9.524,47.5242],[9.1828,47.6707],[8.8812,47.6564],[8.6179,47.7661],[8.1982,47.6069],[7.6156,47.5927],[7.42,47.4552],[7.0006,47.3225],[6.6248,47.0043],[6.4562,46.9483],[6.4102,46.7554],[6.1607,46.611],[6.0603,46.4282],[6.0866,46.147],[6.4289,46.4305],[6.7581,46.4158],[6.7721,46.1651],[7.0211,45.9258],[7.129,45.8804],[7.5386,45.9782],[7.7879,45.9218],[7.9932,46.0159],[8.0815,46.256],[8.3707,46.4451],[8.4584,46.2459],[8.9537,45.83],[9.0224,46.0515],[9.2511,46.2868],[9.2602,46.4752],[9.6395,46.2959],[9.9393,46.3618],[10.087,46.5999],[10.4307,46.55],[10.4528,46.8649],[9.9969,46.8854],[9.5803,47.0574],[9.4877,47.0623],[9.5275,47.2708],[9.524,47.5242]]]}},{"type":"Feature","properties":{"code":"CI","name":"Côte d'Ivoire"},"geometry":{"type":"Polygon","coordinates":[[[-7.9906,10.1625],[-8.1366,10.0221],[-8.137,9.4957],[-7.8962,9.4159],[-7.951,8.7868],[-7.784,8.7206],[-7.691,8.5625],[-7.8236,8.4677],[-8.237,8.4557],[-8.2561,8.2537],[-8.0167,8.1449],[-8.2319,7.5567],[-8.4864,7.5585],[-8.2966,7.074],[-8.3326,6.8016],[-8.6036,6.5078],[-8.2039,6.2907],[-7.8886,6.2349],[-7.7965,5.9751],[-7.4544,5.8413],[-7.3999,5.5506],[-7.4298,5.3245],[-7.5689,5.0807],[-7.5912,4.8215],[-7.545,4.3513],[-7.4261,4.376],[-6.8452,4.6715],[-6.5484,4.7618],[-5.9138,5.0109],[-5.5647,5.0895],[-4.8997,5.1383],[-4.0372,5.2301],[-3.3476,5.1307],[-3.1687,5.203],[-3.0191,5.1308],[-2.7952,5.1845],[-2.7937,5.6001],[-2.9623,5.643],[-3.2006,6.3482],[-3.2358,6.8072],[-2.9858,7.2049],[-2.9591,7.4545],[-2.7897,7.9319],[-2.5059,8.2087],[-2.6004,8.8004],[-2.7467,9.1096],[-2.6742,9.2826],[-2.6958,9.4813],[-2.8167,9.4258],[-2.9883,9.6874],[-3.2235,9.8955],[-3.5812,9.9243],[-3.8776,9.8949],[-4.2672,9.7433],[-4.3322,9.6457],[-4.6258,9.7136],[-4.9699,9.9301],[-5.0999,10.2416],[-5.3823,10.314],[-5.5235,10.426],[-5.8438,10.3896],[-6.0346,10.1948],[-6.2413,10.2792],[-6.1907,10.4003],[-6.2611,10.7241],[-6.5646,10.5864],[-6.6933,10.3495],[-6.9503,10.3423],[-7.1049,10.2035],[-7.3632,10.2594],[-7.4979,10.4398],[-7.6611,10.4274],[-7.8142,10.2366],[-7.9906,10.1625]]]}},{"type":"Feature","properties":{"code":"CK","name":"Cook Islands"},"geometry":{"type":"Polygon","coordinates":[[[-159.7405,-21.2492],[-159.7684,-21.1885],[-159.832,-21.2005],[-159.8396,-21.2381],[-159.7405,-21.2492]]]}},{"type":"Feature","properties":{"code":"CL","name":"Chile"},"geometry":{"type":"MultiPolygon","coordinates":[[[[-70.4183,-18.3456],[-70.3616,-18.398],[-70.2758,-19.2676],[-70.1481,-19.8051],[-70.1475,-20.2298],[-70.197,-20.7254],[-70.0884,-21.2532],[-70.0875,-21.4931],[-70.2285,-22.1932],[-70.3317,-22.8486],[-70.5632,-23.057],[-70.5881,-23.3684],[-70.3923,-23.5659],[-70.4878,-23.7817],[-70.5741,-24.6443],[-70.4454,-25.1727],[-70.4895,-25.3765],[-70.633,-25.5456],[-70.7137,-25.7842],[-70.6354,-25.9927],[-70.6466,-26.3294],[-70.8979,-27.1875],[-70.9258,-27.5887],[-71.0526,-27.7273],[-71.1545,-28.0641],[-71.1864,-28.3778],[-71.3067,-28.6725],[-71.5192,-28.9265],[-71.4858,-29.1982],[-71.3533,-29.3504],[-71.3157,-29.6497],[-71.4004,-30.143],[-71.6695,-30.3304],[-71.7089,-30.628],[-71.662,-31.1695],[-71.5259,-31.8059],[-71.513,-32.2079],[-71.4213,-32.3868],[-71.4522,-32.6596],[-71.592,-32.9695],[-71.743,-33.0951],[-71.6644,-33.6526],[-71.831,-33.8195],[-72.0028,-34.1653],[-72.056,-34.6158],[-72.2238,-35.0962],[-72.3867,-35.2404],[-72.6239,-35.5857],[-72.5874,-35.7597],[-72.7784,-35.9785],[-72.8746,-36.3904],[-73.1181,-36.6884],[-73.216,-37.1669],[-73.6017,-37.1885],[-73.6618,-37.6985],[-73.4648,-38.0403],[-73.5326,-38.3668],[-73.4808,-38.624],[-73.2265,-39.2244],[-73.2499,-39.4224],[-73.4104,-39.7892],[-73.671,-39.9632],[-73.6694,-40.0823],[-73.9203,-40.8716],[-73.9659,-41.1183],[-73.8107,-41.5175],[-73.5213,-41.7971],[-73.2418,-41.7809],[-73.015,-41.5438],[-72.6698,-41.6594],[-72.8241,-41.9088],[-72.4994,-41.9809],[-72.7852,-42.3013],[-72.7739,-42.5052],[-72.878,-43.0481],[-73.101,-43.4552],[-72.9966,-43.6315],[-73.0688,-43.862],[-73.2245,-43.8979],[-73.2651,-44.1687],[-72.6639,-44.4364],[-72.739,-44.7342],[-73.0784,-44.9202],[-73.3625,-44.9782],[-73.5499,-45.4838],[-74.0375,-45.4177],[-74.1579,-45.7672],[-74.4628,-45.8407],[-75.0667,-45.8749],[-74.9245,-46.1597],[-75.6568,-46.6104],[-75.4784,-46.6624],[-75.1458,-46.6001],[-75.006,-46.7411],[-74.5123,-46.8852],[-74.3136,-46.7882],[-74.1519,-46.9744],[-74.1584,-47.1825],[-74.4827,-47.4305],[-74.1341,-47.5908],[-74.243,-47.6793],[-74.5338,-47.5677],[-74.6549,-47.7022],[-74.2271,-47.9689],[-73.9409,-47.9294],[-73.7159,-47.6555],[-73.5282,-48.1982],[-73.8538,-48.0422],[-74.5847,-47.999],[-74.5772,-48.2744],[-74.341,-48.5957],[-74.3821,-48.7937],[-74.3666,-49.4005],[-74.2908,-49.6041],[-74.3337,-49.9746],[-74.6296,-50.194],[-74.7759,-50.4699],[-74.6857,-50.662],[-75.0947,-50.6812],[-74.8147,-51.0629],[-73.8959,-51.3314],[-73.9732,-51.7845],[-73.7526,-51.7955],[-73.5182,-52.041],[-73.8345,-52.234],[-74.2957,-52.1179],[-74.0145,-52.6394],[-73.2408,-52.7071],[-73.6452,-52.837],[-73.3382,-53.0547],[-73.0203,-52.8918],[-72.6448,-52.5291],[-72.4377,-52.6258],[-72.2257,-52.521],[-71.8119,-52.537],[-72.4535,-52.8145],[-72.7277,-52.7623],[-72.8892,-52.8716],[-72.9155,-53.122],[-73.0527,-53.2435],[-72.5489,-53.4607],[-72.4583,-53.2545],[-72.1291,-53.0644],[-71.3877,-52.7643],[-71.1551,-52.8456],[-71.4003,-53.107],[-71.8527,-53.2857],[-72.3061,-53.2537],[-72.3768,-53.4712],[-72.1744,-53.6323],[-71.2978,-53.8834],[-70.9958,-53.7793],[-70.9521,-53.227],[-70.7951,-52.7687],[-69.5606,-52.4216],[-69.241,-52.2055],[-68.4434,-52.3566],[-69.2062,-52.1361],[-69.4884,-52.1361],[-69.9603,-52.0082],[-71.9187,-51.9896],[-71.9535,-51.8804],[-72.4077,-51.5408],[-72.3032,-51.2989],[-72.3768,-51.0954],[-72.2763,-50.9103],[-72.3402,-50.6818],[-72.5098,-50.6075],[-73.1529,-50.7383],[-73.3866,-50.2312],[-73.5013,-50.1253],[-73.4704,-49.7945],[-73.5763,-49.5829],[-73.4616,-49.3139],[-73.1353,-49.3007],[-72.9817,-48.9768],[-72.6144,-48.7929],[-72.6084,-48.5193],[-72.3547,-48.3658],[-72.3283,-48.1101],[-72.5179,-47.8764],[-72.3459,-47.4927],[-71.905,-47.2017],[-71.9402,-46.8312],[-71.6952,-46.5784],[-71.8757,-46.1605],[-71.6315,-45.9537],[-71.7727,-45.7244],[-71.6933,-45.5348],[-71.5081,-45.5127],[-71.3538,-45.2305],[-71.5963,-44.9792],[-72.0417,-44.9042],[-71.957,-44.7915],[-71.2611,-44.7631],[-71.2126,-44.4412],[-71.82,-44.3831],[-71.8124,-44.1061],[-71.6801,-43.9296],[-71.7947,-43.7532],[-71.7506,-43.5901],[-71.905,-43.4401],[-71.7815,-43.1668],[-72.1464,-42.99],[-72.1246,-42.2983],[-72.0261,-42.1479],[-71.7609,-42.1015],[-71.9113,-41.6504],[-71.873,-40.893],[-71.9321,-40.6917],[-71.6953,-40.3353],[-71.8183,-40.1767],[-71.6598,-40.0208],[-71.7199,-39.6353],[-71.5395,-39.6024],[-71.42,-39.2872],[-71.4256,-38.9856],[-71.2857,-38.8454],[-70.9516,-38.7385],[-70.8477,-38.5416],[-70.968,-38.4459],[-71.0282,-38.0412],[-71.1676,-37.7623],[-71.1348,-37.4451],[-71.2004,-37.3003],[-71.1184,-37.1144],[-71.1922,-36.8437],[-71.0555,-36.5237],[-70.7493,-36.3926],[-70.7219,-36.2832],[-70.4048,-36.0617],[-70.3802,-35.7719],[-70.4704,-35.3262],[-70.2899,-34.7328],[-70.0521,-34.3008],[-69.8524,-34.2243],[-69.8943,-33.7313],[-69.7978,-33.3986],[-70.0198,-33.2715],[-70.0931,-33.0268],[-70.1696,-32.4717],[-70.3638,-32.0835],[-70.2544,-31.9577],[-70.4501,-31.8419],[-70.5852,-31.5694],[-70.5196,-31.1484],[-70.3091,-31.0227],[-70.3481,-30.9023],[-70.1614,-30.4402],[-69.9563,-30.3582],[-69.9276,-29.7691],[-70.0268,-29.324],[-69.8279,-29.1032],[-69.6569,-28.4136],[-69.1744,-27.9247],[-68.9994,-27.449],[-68.8463,-27.1537],[-68.6522,-27.1483],[-68.346,-27.0279],[-68.3187,-26.8775],[-68.5812,-26.5184],[-68.5298,-26.277],[-68.4145,-26.1537],[-68.6003,-25.4856],[-68.5408,-25.2367],[-68.3842,-25.0919],[-68.562,-24.8377],[-68.5073,-24.6298],[-68.2503,-24.392],[-67.3562,-24.0338],[-67.0088,-23.0014],[-67.1949,-22.8217],[-67.5799,-22.8917],[-67.8794,-22.8229],[-67.8817,-22.4934],[-67.9884,-22.0571],[-68.0768,-21.9828],[-68.1864,-21.6186],[-68.197,-21.3003],[-68.5632,-20.7201],[-68.4999,-20.612],[-68.7452,-20.4586],[-68.6886,-20.3101],[-68.7275,-20.0696],[-68.5783,-19.8565],[-68.6983,-19.7211],[-68.4629,-19.4328],[-68.9683,-18.968],[-69.0923,-18.2824],[-69.0939,-18.0505],[-69.3134,-17.9432],[-69.5109,-17.5061],[-69.8521,-17.7038],[-69.8024,-17.9],[-69.9264,-18.2061],[-70.1838,-18.3252],[-70.4183,-18.3456]]],[[[-68.6299,-52.6526],[-68.7898,-52.5768],[-69.167,-52.6676],[-69.4984,-52.4914],[-69.7636,-52.7313],[-70.3907,-53.0265],[-70.4603,-53.2062],[-70.3293,-53.3776],[-70.0904,-53.4182],[-69.637,-53.3341],[-69.3524,-53.48],[-70.1488,-53.7611],[-69.9881,-54.1091],[-69.7418,-54.3059],[-70.169,-54.3793],[-70.6298,-54.0056],[-70.3797,-53.9867],[-70.5313,-53.6273],[-70.8677,-53.8842],[-70.8631,-54.1104],[-70.2977,-54.4855],[-70.7011,-54.4854],[-70.8982,-54.3379],[-71.4409,-54.6196],[-70.4972,-54.8096],[-70.0305,-54.8155],[-69.7234,-54.7121],[-69.4863,-54.8589],[-69.0816,-54.9099],[-68.6532,-54.8536],[-68.6398,-54.324],[-68.6299,-52.6526]]],[[[-67.0799,-55.1538],[-67.2453,-54.9776],[-68.1069,-54.9294],[-68.3014,-54.9807],[-68.07,-55.2211],[-67.7678,-55.2596],[-67.0799,-55.1538]]],[[[-73.7734,-43.3459],[-73.7497,-43.1591],[-73.4363,-42.9365],[-73.7893,-42.5857],[-73.4708,-42.4663],[-73.4393,-42.2778],[-73.5278,-41.8963],[-74.0367,-41.7955],[-74.1602,-42.2164],[-74.2095,-42.8787],[-74.3549,-43.2636],[-74.1144,-43.3579],[-73.7734,-43.3459]]],[[[-74.4762,-49.1479],[-74.5666,-48.7548],[-74.7935,-48.7051],[-74.9492,-48.9602],[-75.1842,-49.0836],[-75.086,-49.2702],[-75.4675,-49.3589],[-75.3059,-49.494],[-75.3001,-49.8475],[-75.066,-49.8523],[-74.5947,-50.0066],[-74.4762,-49.1479]]],[[[-75.5103,-48.7635],[-75.1585,-48.6227],[-75.1555,-48.4252],[-75.3914,-48.0197],[-75.5607,-48.0709],[-75.5185,-48.3288],[-75.6509,-48.5863],[-75.5103,-48.7635]]],[[[-74.5673,-48.592],[-74.7293,-48.1259],[-74.9751,-47.9229],[-75.1983,-47.9746],[-75.2129,-48.1417],[-74.923,-48.6265],[-74.5673,-48.592]]],[[[-72.9232,-53.4816],[-73.6865,-53.4269],[-73.3047,-53.9439],[-72.7638,-53.8648],[-72.871,-54.1266],[-72.3691,-53.9808],[-72.2054,-53.8074],[-72.4823,-53.5881],[-72.9232,-53.4816]]],[[[-74.8229,-51.6302],[-75.1054,-51.7889],[-74.8518,-52.2707],[-74.6945,-52.2792],[-74.5318,-51.992],[-74.7801,-51.8247],[-74.8229,-51.6302]]],[[[-69.703,-54.919],[-69.9798,-55.1475],[-69.4118,-55.4442],[-69.2971,-55.1658],[-68.889,-55.2633],[-68.867,-55.4502],[-68.2934,-55.5214],[-68.2827,-55.2552],[-68.9008,-55.0178],[-69.703,-54.919]]],[[[-71.3905,-54.0328],[-71.9965,-53.8849],[-72.2104,-54.0478],[-71.9724,-54.2072],[-71.4733,-54.2312],[-71.1433,-54.374],[-71.0219,-54.1118],[-71.3905,-54.0328]]],[[[-73.7354,-44.3945],[-73.9002,-44.1349],[-74.0828,-44.1864],[-74.0972,-44.3894],[-74.5018,-44.4735],[-74.6178,-44.6479],[-74.3499,-44.9108],[-74.0991,-45.3254],[-73.849,-45.3406],[-73.7271,-45.119],[-73.9833,-44.4948],[-73.7354,-44.3945]]],[[[-72.9861,-44.7801],[-72.7641,-44.549],[-73.2077,-44.335],[-73.4451,-44.641],[-73.35,-44.8332],[-72.9861,-44.7801]]],[[[-75.1067,-48.8365],[-75.6191,-48.8859],[-75.4876,-49.0824],[-75.2627,-49.0689],[-75.1067,-48.8365]]],[[[-74.5586,-51.2771],[-74.7367,-51.2076],[-75.0403,-51.3182],[-74.8533,-51.4342],[-74.5586,-51.2771]]],[[[-75.0548,-50.2961],[-74.876,-50.11],[-75.3267,-50.0118],[-75.4491,-50.3434],[-75.0548,-50.2961]]],[[[-74.3129,-45.6915],[-74.3105,-45.1727],[-74.6898,-45.6626],[-74.3129,-45.6915]]],[[[-70.9916,-54.868],[-70.9398,-55.0619],[-70.5435,-55.1613],[-70.2831,-55.0659],[-70.4175,-54.9089],[-70.8048,-54.9677],[-70.9916,-54.868]]]]}},{"type":"Feature","properties":{"code":"CM","name":"Cameroon"},"geometry":{"type":"Polygon","coordinates":[[[8.5559,4.7552],[8.5328,4.6059],[8.7619,4.58],[8.9028,4.4352],[9.0001,4.0916],[9.4253,3.9223],[9.5562,3.798],[9.6721,3.5376],[9.8762,3.3098],[9.9484,3.0791],[9.8854,2.9166],[9.8008,2.3044],[9.9799,2.1678],[11.3287,2.1674],[11.3484,2.2997],[12.3613,2.296],[12.8675,2.2468],[13.2203,2.2564],[13.2936,2.1616],[14.4841,2.1547],[14.5789,2.1991],[14.9024,2.0123],[15.2035,2.0245],[15.3388,1.9447],[15.7416,1.915],[16.0594,1.6762],[16.1361,1.7242],[16.0801,2.1068],[16.1834,2.2701],[16.1067,2.4735],[16.0635,2.9086],[15.9049,3.0958],[15.775,3.1272],[15.1287,3.8269],[15.1369,4.0691],[15.0228,4.3585],[14.709,4.6656],[14.6406,5.1791],[14.563,5.2799],[14.6169,5.4955],[14.6169,5.8651],[14.4312,6.0387],[14.5121,6.1619],[14.7393,6.2798],[14.8619,6.5557],[15.0346,6.7844],[15.2459,7.2636],[15.4801,7.5238],[15.5498,7.7879],[15.443,7.8519],[15.2523,8.3224],[15.1162,8.5573],[14.3323,9.2035],[14.005,9.5887],[13.9772,9.6916],[14.2433,9.9797],[14.8358,9.9417],[15.1932,9.9815],[15.5409,9.9603],[15.5319,10.0885],[15.2761,10.3574],[15.0687,10.8511],[15.0299,11.1137],[15.122,11.5413],[15.0813,11.8455],[14.8807,12.2694],[14.7612,12.6556],[14.5447,12.8202],[14.5162,12.9797],[14.064,13.0785],[14.1975,12.3838],[14.5189,12.2982],[14.6271,12.1087],[14.5598,11.4923],[14.2023,11.2682],[13.8921,11.1401],[13.5354,10.6051],[13.4146,10.1714],[13.2699,10.0362],[13.1755,9.5396],[12.9295,9.4263],[12.8065,8.8866],[12.5827,8.6241],[12.4035,8.5956],[12.2334,8.2823],[12.156,7.9425],[12.016,7.5897],[11.7674,7.2723],[11.8614,7.1164],[11.5801,6.8889],[11.5517,6.6973],[11.3246,6.4847],[11.1533,6.4379],[11.0325,6.6979],[10.6062,7.0631],[10.4823,6.8913],[10.2055,6.8916],[10.1436,6.9964],[9.7799,6.7602],[9.66,6.532],[9.3733,6.3196],[9.0602,6.0091],[8.9351,5.781],[8.801,5.1975],[8.5559,4.7552]]]}},{"type":"Feature","properties":{"code":"CN","name":"China"},"geometry":{"type":"MultiPolygon","coordinates":[[[[107.9727,21.508],[108.2463,21.5584],[108.3248,21.6935],[109.0306,21.6265],[109.1486,21.4255],[109.544,21.5379],[109.9308,21.4806],[109.6813,21.1316],[109.6626,20.9169],[109.9464,20.4744],[109.9385,20.2951],[110.1231,20.2637],[110.4495,20.3554],[110.5115,20.5183],[110.1804,20.8586],[110.1936,21.0376],[110.458,21.2306],[110.5672,21.2141],[110.7711,21.3865],[111.1006,21.4847],[111.6027,21.5591],[111.9439,21.8497],[112.305,21.7417],[112.5863,21.7769],[112.8086,21.9446],[112.9838,21.9382],[113.0082,22.1193],[113.2664,22.0888],[113.4789,22.1956],[113.4941,22.2416],[113.5271,22.2459],[113.553,22.594],[113.3311,22.912],[113.5863,23.02],[113.6196,22.8614],[113.8283,22.6072],[114.0154,22.5119],[114.266,22.541],[114.4962,22.5271],[114.6517,22.7553],[114.8538,22.6168],[115.1958,22.8173],[115.4983,22.7188],[115.6404,22.8534],[115.8521,22.8016],[116.1574,22.8875],[116.2519,22.9813],[116.4707,22.9459],[116.5383,23.1797],[116.8609,23.4531],[116.9106,23.6467],[117.0825,23.5788],[117.4664,23.8406],[117.6282,23.8367],[118.0561,24.2461],[118.006,24.482],[118.0871,24.627],[118.5604,24.5804],[118.9091,24.9289],[118.9145,25.1268],[119.0246,25.2234],[119.2355,25.206],[119.2631,25.468],[119.6191,25.4375],[119.5395,25.5913],[119.6482,25.9187],[119.4631,26.0547],[119.8811,26.3342],[119.7848,26.5466],[120.0867,26.6716],[120.1386,26.8861],[120.2787,27.0971],[120.5398,27.3184],[120.5875,27.5808],[120.9586,28.037],[121.0984,28.2905],[121.3546,28.2299],[121.6021,28.3666],[121.4752,28.6414],[121.6301,28.7679],[121.6649,29.0106],[121.5209,29.1185],[121.7175,29.2563],[121.9178,29.135],[121.9684,29.4906],[121.9443,29.8941],[121.6779,29.9791],[121.4327,30.2267],[121.1594,30.3018],[120.9045,30.1606],[120.6334,30.1332],[120.4498,30.3878],[120.8215,30.3546],[120.9977,30.5583],[121.5275,30.841],[121.8779,30.917],[121.6606,31.3197],[121.351,31.4854],[121.0554,31.7194],[120.9735,31.8694],[121.352,31.8588],[121.6809,31.7122],[121.8324,31.8998],[121.4039,32.2062],[121.401,32.3719],[120.8532,32.6614],[120.8711,33.0165],[120.5048,33.6382],[120.3227,34.169],[120.2015,34.3257],[119.5829,34.5822],[119.3514,34.7494],[119.201,34.7484],[119.2158,35.0118],[119.4297,35.3014],[120.0547,35.8611],[120.219,35.9349],[120.0941,36.1189],[120.3277,36.2282],[120.3931,36.0539],[120.681,36.1684],[120.6822,36.3407],[120.8958,36.4441],[120.9899,36.5979],[121.6696,36.8364],[121.9327,36.9595],[122.1624,36.9586],[122.3409,36.8322],[122.5197,36.9468],[122.6023,37.4264],[122.3377,37.4053],[122.0566,37.5289],[121.9648,37.4453],[121.6402,37.4604],[121.2195,37.6001],[120.75,37.8339],[120.3701,37.701],[120.1559,37.495],[119.8829,37.3508],[119.7605,37.1551],[119.4499,37.1248],[119.1118,37.2012],[118.9526,37.3312],[118.9908,37.6414],[119.0892,37.7007],[118.94,38.0428],[118.8,38.1267],[118.5433,38.0949],[118.0149,38.1834],[117.7667,38.3117],[117.5578,38.6251],[117.7847,39.1345],[118.0409,39.2268],[118.2979,39.0671],[118.6264,39.1769],[118.9123,39.1664],[119.2246,39.4081],[119.3911,39.7525],[119.5911,39.9026],[120.4791,40.231],[120.7707,40.5891],[121.1745,40.9013],[121.8588,40.8421],[122.275,40.5418],[122.1909,40.3583],[121.801,39.9505],[121.5174,39.8448],[121.5176,39.639],[121.2675,39.5447],[121.2755,39.3848],[121.7854,39.4008],[121.6276,39.2202],[121.6799,39.1087],[121.1067,38.9208],[121.3201,38.8082],[121.6499,38.8651],[122.1209,39.1519],[122.3349,39.3661],[123.0322,39.6735],[123.3481,39.7629],[124.1058,39.841],[124.3621,40.0041],[124.3866,40.1042],[124.8894,40.4598],[125.4169,40.6599],[125.7283,40.8667],[125.9891,40.9046],[126.4904,41.3581],[126.6013,41.641],[126.9035,41.7811],[127.1797,41.5313],[128.1112,41.3893],[128.2909,41.5628],[128.0329,41.8985],[128.0452,41.9875],[128.9234,42.0382],[129.1955,42.2185],[129.3137,42.4136],[129.7197,42.475],[129.8982,42.9981],[130.2403,42.8918],[130.2467,42.7448],[130.527,42.5354],[130.4248,42.7271],[130.5772,42.8116],[131.0686,42.9022],[131.2618,43.4331],[131.1742,43.7047],[131.2553,44.0716],[131.0606,44.6597],[131.0823,44.91],[131.4469,44.984],[131.8519,45.3269],[131.9775,45.244],[132.936,45.0299],[133.1135,45.1307],[133.186,45.4948],[133.4364,45.6047],[133.5131,45.8788],[133.8613,46.2478],[133.8666,46.4991],[134.2021,47.1281],[134.1677,47.3022],[134.4835,47.4474],[134.7523,47.7154],[134.566,48.0225],[134.6693,48.1533],[134.5636,48.3217],[134.2934,48.3734],[133.8422,48.2737],[133.4684,48.0972],[133.144,48.1057],[132.7072,47.9473],[132.5619,47.7685],[131.7853,47.6805],[131.3193,47.7278],[131.0027,47.6915],[130.7121,48.1276],[130.8043,48.3415],[130.5521,48.6025],[130.5531,48.8612],[130.196,48.8917],[129.4981,49.3888],[129.1201,49.3621],[128.8193,49.4638],[128.704,49.6001],[127.9996,49.5686],[127.7111,49.6715],[127.5024,49.8734],[127.5902,50.209],[127.3061,50.4535],[127.307,50.708],[126.9248,51.1001],[126.8055,51.5057],[126.5105,51.9258],[126.3129,52.3998],[126.016,52.6102],[126.0481,52.7395],[125.7281,52.8907],[125.649,53.0423],[124.9709,53.1973],[124.8123,53.1338],[124.2914,53.3409],[123.6078,53.5465],[123.1541,53.5446],[122.7447,53.4685],[122.3378,53.485],[121.4055,53.317],[120.9854,53.2846],[120.7041,53.1718],[120.0945,52.7872],[120.0676,52.6329],[120.6562,52.5667],[120.7498,52.0965],[120.5105,51.8485],[120.0669,51.6007],[119.1919,50.3798],[119.3463,50.279],[119.2599,50.0664],[118.756,49.9628],[118.4516,49.8445],[117.8734,49.5135],[117.2456,49.6249],[116.6833,49.8238],[115.9538,48.6894],[115.8205,48.5772],[115.7855,48.2482],[115.5251,48.1309],[115.5576,47.945],[115.8982,47.6869],[116.2312,47.8582],[116.7605,47.8698],[117.0697,47.8064],[117.3508,47.6522],[117.7684,47.9879],[118.1471,48.0289],[118.4984,47.984],[118.76,47.7576],[119.1229,47.5585],[119.7111,47.15],[119.8979,46.8578],[119.7066,46.606],[119.1621,46.6387],[118.8439,46.7602],[118.7229,46.6919],[118.3087,46.717],[117.6711,46.5221],[117.4056,46.5709],[117.3334,46.362],[116.8591,46.3879],[116.5626,46.2898],[116.213,45.8869],[116.2406,45.796],[115.6811,45.4583],[114.5172,45.3646],[114.4191,45.2026],[114.0303,44.9426],[113.587,44.7457],[113.0494,44.8104],[112.5968,44.9177],[112.4113,45.0582],[111.898,45.0641],[111.6213,44.8271],[111.4022,44.3673],[111.5197,44.1919],[111.8369,43.9347],[111.9332,43.7114],[111.5474,43.4963],[111.0072,43.3414],[110.4004,42.7737],[109.4432,42.456],[108.6873,42.4161],[108.1712,42.4473],[106.77,42.2887],[105.8676,41.994],[105.1971,41.738],[105.0506,41.6159],[104.4982,41.6587],[104.4982,41.877],[103.7111,41.7513],[103.0729,42.006],[102.1566,42.1581],[101.9729,42.2159],[101.7139,42.4658],[101.4953,42.5388],[101.092,42.5513],[99.9838,42.6773],[99.4679,42.5682],[97.2057,42.7898],[96.3854,42.7204],[96.2995,42.9287],[95.9125,43.2065],[95.5256,43.954],[95.3564,44.006],[95.3503,44.2781],[95.0498,44.2594],[94.712,44.3508],[94.1993,44.6452],[93.9579,44.675],[93.6564,44.901],[92.7879,45.0357],[92.4238,45.0089],[91.5844,45.0765],[91.05,45.2174],[90.8772,45.1961],[90.6618,45.5252],[90.7097,45.7308],[91.0018,46.0358],[90.9115,46.2707],[91.0339,46.529],[90.8699,46.9545],[90.7155,47.0039],[90.4962,47.2852],[90.3133,47.6762],[90.0279,47.8777],[89.7781,47.827],[89.5609,48.004],[89.0477,48.0025],[88.576,48.2202],[88.5171,48.3845],[87.9797,48.5551],[88.0279,48.7356],[87.7432,48.8816],[87.8143,49.1623],[87.3229,49.0858],[86.8859,49.0906],[86.7531,49.0088],[86.718,48.6972],[86.5494,48.5286],[85.7494,48.3851],[85.526,47.9156],[85.6566,47.2546],[85.4848,47.0635],[85.2335,47.0364],[84.7861,46.8307],[84.6666,46.9724],[84.016,46.9705],[83.1931,47.1866],[83.0041,47.0335],[82.5551,46.1587],[82.3267,45.5199],[82.5825,45.4426],[82.6211,45.2931],[82.4787,45.1236],[82.2666,45.2191],[81.9893,45.1619],[81.6021,45.3108],[80.8533,45.1293],[80.6348,45.1265],[80.0592,45.0064],[79.9972,44.7972],[80.4555,44.7461],[80.3363,44.4384],[80.3553,44.0973],[80.496,43.8921],[80.7857,43.1616],[80.3902,43.0431],[80.5438,42.9117],[80.2503,42.7973],[80.165,42.6655],[80.2094,42.19],[80.2162,42.0324],[79.8404,41.9958],[79.7661,41.8989],[79.2936,41.7828],[78.3624,41.3716],[78.1234,41.0756],[77.5817,40.9928],[76.9866,41.0392],[76.824,40.9823],[76.4802,40.4495],[75.872,40.3032],[75.656,40.3292],[75.5835,40.6053],[75.0045,40.4495],[74.4119,40.1372],[73.9916,40.0431],[73.8354,39.8001],[73.9146,39.6065],[73.6316,39.4489],[73.6073,39.2292],[73.7956,39.0021],[73.6961,38.8543],[73.8017,38.6069],[74.0256,38.5398],[74.2774,38.6598],[74.745,38.51],[74.8359,38.4043],[74.7896,38.1036],[74.9383,37.7725],[74.8942,37.6014],[75.1188,37.3857],[74.8913,37.2316],[74.7267,37.2907],[74.3722,37.1577],[74.5414,37.0222],[74.8893,36.9524],[75.0539,36.9872],[75.3467,36.9135],[75.4242,36.7382],[75.6672,36.742],[75.8402,36.6497],[75.9744,36.3824],[75.9451,36.0176],[76.2517,35.8109],[76.5635,35.773],[76.7669,35.6617],[77.4465,35.4756],[77.7994,35.4959],[78.0475,35.4494],[78.0122,35.251],[78.282,34.6539],[78.6708,34.5182],[78.9364,34.352],[78.9706,34.2282],[78.753,34.0877],[78.8019,33.4997],[79.1125,33.2263],[79.2022,32.946],[79.2193,32.5011],[78.9189,32.3582],[78.7009,32.597],[78.3896,32.5199],[78.4959,32.2158],[78.7354,31.958],[78.6935,31.7404],[78.8029,31.6181],[78.7268,31.4718],[78.7916,31.2937],[79.1071,31.4026],[79.3388,31.1057],[79.5654,30.9491],[79.7946,30.9683],[80.1943,30.7592],[80.1912,30.5684],[80.6821,30.4148],[81.0103,30.1645],[81.2551,30.0933],[81.4172,30.3376],[81.6419,30.3875],[82.0434,30.3268],[82.159,30.1152],[82.4865,29.9415],[82.8543,29.6834],[83.1555,29.6126],[83.5835,29.1836],[83.9359,29.2795],[84.1014,29.22],[84.2287,28.9118],[84.7143,28.5956],[85.1591,28.5922],[85.1225,28.316],[85.6783,28.2774],[85.9541,27.9282],[86.0787,28.0836],[86.4087,27.9287],[86.5545,28.0852],[87.0201,27.9287],[87.1414,27.8383],[87.6827,27.8214],[88.1098,27.8706],[88.109,27.933],[88.6211,28.0918],[88.8488,27.8687],[88.749,27.5219],[88.8914,27.3161],[88.9476,27.464],[89.5369,28.1074],[89.9811,28.3112],[90.3482,28.2439],[90.3527,28.0802],[90.7157,28.0717],[91.0777,27.9745],[91.2259,28.0712],[91.6056,27.9517],[91.6319,27.76],[91.9776,27.7304],[92.1013,27.8076],[92.4148,27.8246],[92.6644,27.9489],[92.7019,28.1471],[93.1192,28.4023],[93.2065,28.5908],[93.6649,28.6902],[93.9022,28.8032],[94.2933,29.1446],[94.623,29.3124],[94.7694,29.1759],[95.4202,29.0543],[95.5158,29.2063],[96.0354,29.4472],[96.235,29.2458],[96.1224,29.0821],[96.1622,28.9097],[96.4357,29.0507],[96.5809,28.7637],[96.2789,28.4282],[96.6026,28.4599],[96.7758,28.367],[97.0754,28.3689],[97.3225,28.218],[97.5379,28.5102],[97.8649,28.3636],[98.0989,28.1423],[98.2988,27.5501],[98.5045,27.6477],[98.6512,27.5725],[98.7165,27.0449],[98.7318,26.5834],[98.6547,25.9178],[98.4655,25.7889],[98.3338,25.5868],[98.1726,25.5945],[98.0107,25.2925],[97.8195,25.2519],[97.7149,25.0343],[97.7238,24.842],[97.5833,24.7748],[97.5314,24.4917],[97.6666,24.38],[97.686,23.8981],[98.2125,24.1106],[98.7644,24.1161],[98.6809,23.8418],[98.8322,23.6244],[98.8638,23.1913],[99.3408,23.0959],[99.5071,22.9591],[99.3852,22.8251],[99.3377,22.498],[99.193,22.126],[99.9177,22.028],[99.9256,21.8208],[100.2147,21.463],[100.5313,21.4581],[100.8352,21.6552],[101.1207,21.7461],[101.1389,21.5675],[101.2244,21.2237],[101.5424,21.2343],[101.7048,21.1501],[101.7365,21.8265],[101.6029,21.9897],[101.5245,22.2537],[101.6715,22.4623],[101.8418,22.3885],[102.1274,22.3792],[102.4279,22.7328],[102.5172,22.741],[103.0054,22.453],[103.3561,22.7547],[103.471,22.5974],[103.6202,22.782],[103.915,22.5382],[104.0539,22.7523],[104.2125,22.8094],[104.3718,22.7041],[104.7957,22.9111],[104.8647,23.1364],[105.2754,23.3452],[105.5481,23.0727],[105.843,22.9228],[106.1484,22.9701],[106.2494,22.8694],[106.5418,22.9083],[106.7803,22.7789],[106.5824,22.5732],[106.5363,22.3954],[106.7295,22.0003],[107.0064,21.8934],[107.3512,21.6089],[107.8021,21.6452],[107.9727,21.508]]],[[[110.8888,19.9919],[110.6785,20.1371],[110.5882,19.9764],[110.4176,20.0547],[110.1716,20.0537],[109.9062,19.9627],[109.6514,19.9844],[109.2189,19.8428],[109.1791,19.6741],[108.6936,19.3383],[108.6356,18.9077],[108.7016,18.5353],[109.0299,18.3678],[109.5193,18.2183],[109.7027,18.2591],[109.8156,18.3967],[110.4513,18.7479],[110.5722,19.1719],[110.8223,19.5579],[111.0137,19.6555],[110.8888,19.9919]]]]}},{"type":"Feature","properties":{"code":"CO","name":"Colombia"},"geometry":{"type":"Polygon","coordinates":[[[-71.3197,11.8619],[-71.1373,12.0463],[-71.2621,12.3353],[-71.494,12.4323],[-71.7146,12.42],[-72.1357,12.1886],[-72.275,11.8893],[-72.7218,11.7122],[-73.3134,11.2958],[-73.7957,11.2757],[-74.0591,11.3406],[-74.2002,11.2657],[-74.3502,10.8137],[-74.4542,10.9891],[-74.8446,11.1097],[-75.446,10.6109],[-75.5537,10.3277],[-75.6709,10.1963],[-75.5927,9.9927],[-75.68,9.7298],[-75.6394,9.4504],[-75.905,9.4309],[-76.1355,9.2656],[-76.2769,8.9891],[-76.6894,8.6947],[-76.888,8.6199],[-76.7721,8.3105],[-76.8519,8.0905],[-77.3742,8.6583],[-77.4073,8.4272],[-77.2123,8.0339],[-77.3508,7.7059],[-77.5866,7.5431],[-77.7439,7.537],[-77.9012,7.2293],[-77.8037,7.1373],[-77.526,6.6931],[-77.3599,6.5045],[-77.4694,6.1768],[-77.2493,5.7802],[-77.5344,5.5371],[-77.4018,5.4162],[-77.3395,4.8385],[-77.2863,4.7217],[-77.4273,4.0604],[-77.1666,3.8623],[-77.2428,3.5854],[-77.67,2.8789],[-78.12,2.4882],[-78.2961,2.5105],[-78.5347,2.4237],[-78.617,2.3068],[-78.5769,1.7738],[-78.793,1.8487],[-79.0254,1.6237],[-78.8597,1.4554],[-78.6816,1.2834],[-78.3121,1.0461],[-77.4677,0.6365],[-77.4228,0.4249],[-76.9201,0.2685],[-76.4946,0.2354],[-76.311,0.4485],[-76.0679,0.3456],[-75.8798,0.151],[-75.2845,-0.1065],[-75.1384,-0.0505],[-74.8018,-0.2001],[-74.4179,-0.5807],[-74.2464,-0.9706],[-74.0544,-1.0286],[-73.8632,-1.1967],[-73.6643,-1.2488],[-73.4943,-1.5366],[-73.4963,-1.6931],[-73.197,-1.8303],[-73.1265,-2.0811],[-73.1545,-2.2782],[-72.8872,-2.4085],[-72.6253,-2.3517],[-72.3956,-2.4289],[-71.9843,-2.3266],[-71.7525,-2.1527],[-71.397,-2.3341],[-70.9146,-2.2186],[-70.0958,-2.6582],[-70.074,-2.7502],[-70.7351,-3.7815],[-70.5297,-3.8664],[-70.3395,-3.8144],[-69.9659,-4.2359],[-69.669,-2.6677],[-69.4002,-1.1949],[-69.5436,-0.9172],[-69.6675,-0.4824],[-69.9228,-0.3175],[-70.0705,-0.1389],[-70.0539,0.5786],[-69.8071,0.6075],[-69.4721,0.7299],[-69.1741,0.6354],[-69.1632,0.8641],[-69.3614,1.064],[-69.8521,1.0595],[-69.8486,1.7087],[-69.5812,1.7708],[-69.3197,1.7212],[-68.1766,1.7198],[-67.8151,1.7901],[-67.4997,2.1079],[-67.352,2.0858],[-67.0901,1.6156],[-67.0937,1.21],[-66.876,1.223],[-66.8845,1.3583],[-67.2108,2.3901],[-67.5967,2.7693],[-67.8348,2.8928],[-67.3536,3.3227],[-67.3111,3.4159],[-67.6616,3.8643],[-67.8553,4.5069],[-67.8143,4.9308],[-67.8249,5.2705],[-67.6423,5.5588],[-67.6313,5.7094],[-67.4394,6.0255],[-67.5681,6.2418],[-67.8592,6.2899],[-68.1431,6.1975],[-68.4718,6.1565],[-69.0899,6.1844],[-69.2682,6.0997],[-69.4393,6.1349],[-70.095,6.9379],[-70.3875,6.9726],[-70.6551,7.0828],[-71.0133,6.9944],[-71.6209,7.0329],[-71.8927,6.9903],[-72.0843,7.0969],[-72.2077,7.3703],[-72.443,7.4549],[-72.479,7.6132],[-72.446,7.9661],[-72.3576,8.0873],[-72.4166,8.382],[-72.6654,8.6276],[-72.7964,9.109],[-73.0584,9.2596],[-73.3563,9.2269],[-73.0065,9.7892],[-72.8693,10.4913],[-72.6901,10.8358],[-72.4461,11.1143],[-72.2485,11.1964],[-71.9581,11.6664],[-71.3197,11.8619]]]}},{"type":"Feature","properties":{"code":"CR","name":"Costa Rica"},"geometry":{"type":"Polygon","coordinates":[[[-82.5636,9.5767],[-82.7784,9.6695],[-83.0285,9.9913],[-83.1246,10.0416],[-83.4482,10.4659],[-83.642,10.9172],[-83.8112,10.7433],[-84.1684,10.7804],[-84.3483,10.9799],[-84.7012,11.0522],[-84.9092,10.9453],[-85.6214,11.1845],[-85.7443,11.0621],[-85.908,10.8976],[-85.6672,10.745],[-85.6633,10.6354],[-85.8306,10.3981],[-85.7965,10.1329],[-85.6249,9.9024],[-85.3146,9.8109],[-85.1145,9.5818],[-84.8864,9.8209],[-84.7149,9.8994],[-84.6589,9.6467],[-84.4827,9.5262],[-84.2224,9.4625],[-83.8956,9.2764],[-83.6373,9.0354],[-83.6137,8.8041],[-83.7341,8.6145],[-83.5438,8.4458],[-83.4218,8.6192],[-83.1624,8.5882],[-83.1233,8.3531],[-82.8793,8.0707],[-82.9976,8.3678],[-82.8616,8.4535],[-82.917,8.7403],[-82.7412,8.9517],[-82.9403,9.0601],[-82.9398,9.4492],[-82.801,9.5918],[-82.5636,9.5767]]]}},{"type":"Feature","properties":{"code":"CU","name":"Cuba"},"geometry":{"type":"MultiPolygon","coordinates":[[[[-81.8375,23.163],[-82.1014,23.1904],[-82.6658,23.0436],[-83.2578,22.9676],[-84.0449,22.666],[-84.3613,22.3789],[-84.3264,22.0743],[-84.5014,21.9303],[-84.4488,21.7917],[-84.031,21.9431],[-83.9007,22.1701],[-83.3796,22.223],[-82.738,22.6893],[-81.9034,22.679],[-81.7457,22.6329],[-81.7571,22.4667],[-82.0777,22.3877],[-81.8162,22.2002],[-81.4411,22.1838],[-80.9619,22.0529],[-80.4991,22.0635],[-80.2313,21.8722],[-79.9103,21.7426],[-79.2744,21.5626],[-78.8229,21.6189],[-78.6365,21.5155],[-78.4908,21.0537],[-77.9973,20.7154],[-77.467,20.6895],[-77.2296,20.6438],[-77.1079,20.4917],[-77.2134,20.3004],[-77.5538,20.0821],[-77.7151,19.8555],[-76.9995,19.8928],[-76.7797,19.9402],[-76.1584,19.9897],[-75.7651,19.9604],[-75.552,19.8911],[-75.1164,19.9014],[-74.6348,20.0582],[-74.2528,20.0797],[-74.1675,20.2922],[-74.5131,20.3846],[-74.8826,20.6506],[-75.2133,20.7139],[-75.6428,20.7335],[-75.7402,20.812],[-75.5958,20.9947],[-75.7229,21.111],[-76.0736,21.1334],[-76.2592,21.2274],[-76.6474,21.2845],[-77.0986,21.589],[-77.1813,21.5977],[-77.4973,21.8716],[-77.5451,21.7746],[-77.865,21.9006],[-78.1431,22.1094],[-78.6865,22.3668],[-79.2757,22.4076],[-79.5492,22.5778],[-79.6767,22.7431],[-80.0752,22.9423],[-80.3649,22.9434],[-80.6501,23.1031],[-81.1786,23.0597],[-81.2716,23.1286],[-81.8375,23.163]]],[[[-82.5618,21.5717],[-82.7146,21.8903],[-82.9912,21.9427],[-83.0825,21.7914],[-82.8532,21.4439],[-82.5618,21.5717]]]]}},{"type":"Feature","properties":{"code":"CV","name":"Cabo Verde"},"geometry":{"type":"MultiPolygon","coordinates":[[[[-25.1698,16.9465],[-24.9797,17.0947],[-25.1135,17.1937],[-25.3371,17.091],[-25.1698,16.9465]]],[[[-23.4442,15.008],[-23.7006,15.2716],[-23.785,15.0769],[-23.7054,14.9613],[-23.4442,15.008]]],[[[-22.9177,16.2373],[-22.9593,16.0451],[-22.7101,16.0434],[-22.7494,16.2215],[-22.9177,16.2373]]]]}},{"type":"Feature","properties":{"code":"CY","name":"Cyprus"},"geometry":{"type":"Polygon","coordinates":[[[32.7127,35.171],[32.556,35.1558],[32.3172,34.9533],[32.449,34.7294],[32.9418,34.5759],[33.1155,34.6956],[33.5145,34.8064],[33.6994,34.9699],[34.0045,35.0652],[33.5257,35.0387],[33.3838,35.1627],[32.9195,35.0878],[32.7127,35.171]]]}},{"type":"Feature","properties":{"code":"CZ","name":"Czechia"},"geometry":{"type":"Polygon","coordinates":[[[18.8322,49.5108],[18.5624,49.8793],[18.0283,50.0353],[17.8748,49.9723],[17.152,50.3783],[16.6791,50.0975],[16.0072,50.6116],[15.7306,50.7397],[15.3544,50.8118],[15.2586,50.9585],[14.9938,51.0144],[14.8094,50.859],[14.5073,51.0099],[14.369,50.8987],[13.5266,50.6928],[13.4726,50.6169],[12.4526,50.3498],[12.2773,50.1814],[12.4576,49.9555],[12.3905,49.7396],[12.632,49.4612],[13.5477,48.9597],[13.8147,48.7669],[14.0491,48.6025],[14.6913,48.5992],[14.9226,48.7714],[14.9722,48.9839],[15.3109,48.974],[16.0572,48.7548],[16.4779,48.8001],[16.8837,48.7037],[16.9531,48.5988],[17.1885,48.8609],[17.4826,48.8278],[17.7585,48.8881],[18.0859,49.0651],[18.1609,49.2574],[18.5965,49.4915],[18.8322,49.5108]]]}},{"type":"Feature","properties":{"code":"DE","name":"Germany"},"geometry":{"type":"MultiPolygon","coordinates":[[[[9.524,47.5242],[9.7489,47.5755],[10.3128,47.3134],[10.4304,47.5411],[10.873,47.5202],[10.9809,47.3981],[11.2979,47.4249],[11.7168,47.5835],[12.6858,47.6693],[13.0144,47.4781],[12.9535,47.8906],[12.8143,48.1608],[13.4094,48.3941],[13.4866,48.5818],[13.7854,48.5875],[13.8147,48.7669],[13.5477,48.9597],[12.632,49.4612],[12.3905,49.7396],[12.4576,49.9555],[12.2773,50.1814],[12.4526,50.3498],[13.4726,50.6169],[13.5266,50.6928],[14.369,50.8987],[14.5073,51.0099],[14.8094,50.859],[15.0166,51.2527],[14.6017,51.8324],[14.7525,52.0818],[14.5546,52.3597],[14.6194,52.5285],[14.1286,52.8782],[14.3686,53.1056],[14.4146,53.2835],[14.2589,53.7296],[13.8655,53.8534],[13.7242,54.1532],[13.448,54.1409],[13.0286,54.411],[12.5754,54.4674],[12.1113,54.1683],[11.7963,54.1455],[11.3996,53.9446],[10.8107,54.0751],[11.0086,54.1812],[10.3604,54.4383],[9.7397,54.8255],[9.342,54.8063],[8.6703,54.9034],[8.9572,54.5383],[8.648,54.3977],[8.9066,54.2608],[8.8978,53.8357],[8.6189,53.875],[8.5385,53.5569],[8.0093,53.6907],[7.2853,53.6813],[7.0533,53.3758],[7.1973,53.2823],[7.1899,52.9995],[7.0132,52.6335],[6.7488,52.464],[7.0352,52.3802],[6.9772,52.2055],[6.749,52.0987],[6.7418,51.9109],[5.9485,51.7624],[6.1933,51.4889],[5.8947,50.9842],[5.9939,50.7504],[6.2359,50.5967],[6.3645,50.3162],[6.1165,50.121],[6.2561,49.8722],[6.4873,49.7985],[6.3443,49.4527],[6.7354,49.1606],[7.4506,49.1522],[7.6109,49.0618],[8.1349,48.9736],[7.838,48.636],[7.5842,48.0643],[7.5294,47.6739],[7.6156,47.5927],[8.1982,47.6069],[8.6179,47.7661],[8.8812,47.6564],[9.1828,47.6707],[9.524,47.5242]]],[[[13.7092,54.3827],[13.6707,54.5354],[13.4228,54.6993],[13.1767,54.5442],[13.19,54.3256],[13.3644,54.2458],[13.7092,54.3827]]]]}},{"type":"Feature","properties":{"code":"DJ","name":"Djibouti"},"geometry":{"type":"Polygon","coordinates":[[[43.246,11.4998],[43.1617,11.566],[42.64,11.5601],[42.799,11.7394],[43.2721,11.9695],[43.4098,12.1899],[43.2986,12.4639],[43.1167,12.7086],[42.8833,12.6213],[42.6701,12.3766],[42.4794,12.5136],[42.3785,12.4664],[41.7665,11.5891],[41.7982,10.9805],[41.9574,10.941],[42.5577,11.0808],[42.9228,10.9993],[43.246,11.4998]]]}},{"type":"Feature","properties":{"code":"DK","name":"Denmark"},"geometry":{"type":"MultiPolygon","coordinates":[[[[12.5687,55.7851],[12.5787,56.0641],[12.2189,56.1187],[11.8664,55.9682],[11.4747,55.9435],[11.3223,55.7525],[10.9789,55.7215],[11.1897,55.4656],[11.2863,55.2044],[11.6538,55.1869],[11.7409,54.9153],[12.0504,54.8153],[12.0899,55.1881],[12.4131,55.2862],[12.215,55.4665],[12.5712,55.685],[12.5687,55.7851]]],[[[9.7397,54.8255],[9.6454,55.0228],[9.5911,55.4932],[10.183,55.8652],[10.3187,56.2129],[10.8564,56.2955],[10.8459,56.5217],[10.4902,56.5205],[10.2827,56.6205],[10.2961,56.9991],[10.5241,57.2432],[10.5371,57.4485],[10.2591,57.617],[9.9623,57.581],[9.5543,57.2325],[9.2988,57.1465],[8.6186,57.1113],[8.2841,56.8523],[8.5529,56.5603],[8.164,56.6069],[8.1215,56.1399],[8.2023,55.9824],[8.1321,55.5998],[8.6159,55.4182],[8.6703,54.9034],[9.342,54.8063],[9.7397,54.8255]]],[[[10.6451,55.6098],[10.2861,55.6108],[9.8606,55.5155],[9.9888,55.1632],[10.4428,55.0488],[10.7853,55.1334],[10.8192,55.3219],[10.6451,55.6098]]],[[[11.3614,54.8917],[11.0355,54.7731],[11.4574,54.6289],[11.7396,54.8074],[11.3614,54.8917]]],[[[15.0877,55.0219],[15.1326,55.1445],[14.7653,55.2967],[14.6842,55.1022],[15.0877,55.0219]]]]}},{"type":"Feature","properties":{"code":"DM","name":"Dominica"},"geometry":{"type":"Polygon","coordinates":[[[-61.2817,15.249],[-61.32,15.5851],[-61.4812,15.5251],[-61.3754,15.2273],[-61.2817,15.249]]]}},{"type":"Feature","properties":{"code":"DO","name":"Dominican Republic"},"geometry":{"type":"Polygon","coordinates":[[[-71.7683,18.0392],[-71.6317,17.7736],[-71.3957,17.6461],[-71.106,18.07],[-71.0278,18.2732],[-70.6447,18.3362],[-70.4799,18.2173],[-70.1831,18.2518],[-70.0183,18.3736],[-69.7707,18.4436],[-68.935,18.408],[-68.6588,18.222],[-68.3593,18.5381],[-68.3814,18.6711],[-68.6848,18.9048],[-68.9014,18.9885],[-69.6236,19.1178],[-69.3228,19.2011],[-69.325,19.3277],[-69.7394,19.2992],[-69.9568,19.6719],[-70.1294,19.6361],[-70.4364,19.7712],[-70.6362,19.7756],[-70.9542,19.914],[-71.2359,19.8481],[-71.5578,19.8954],[-71.7792,19.7182],[-71.657,19.1308],[-71.8071,18.987],[-71.7432,18.7329],[-72.0004,18.5979],[-71.7619,18.3413],[-71.7683,18.0392]]]}},{"type":"Feature","properties":{"code":"DZ","name":"Algeria"},"geometry":{"type":"Polygon","coordinates":[[[8.5766,36.9372],[7.9104,36.8563],[7.6077,36.9998],[6.9275,36.9194],[6.4865,37.0857],[6.0647,36.8643],[5.7255,36.7996],[5.4246,36.6754],[5.1956,36.6768],[4.7581,36.8963],[3.779,36.8962],[3.5205,36.7951],[2.9729,36.7845],[2.5934,36.6007],[1.2572,36.5196],[0.5149,36.2618],[0.1517,36.0631],[0.0479,35.9005],[-0.1892,35.8191],[-0.4261,35.8615],[-0.9175,35.6684],[-1.3358,35.3643],[-1.9133,35.0942],[-2.2196,35.1042],[-2.1318,34.9708],[-1.7956,34.7519],[-1.8497,34.6073],[-1.7069,34.1761],[-1.703,33.7168],[-1.6313,33.5667],[-1.6792,33.3187],[-1.51,32.8776],[-1.0655,32.4683],[-1.2403,32.3376],[-1.2753,32.089],[-2.4484,32.13],[-2.9309,32.0425],[-3.0174,31.8343],[-3.4398,31.7045],[-3.8268,31.6619],[-3.8334,31.1978],[-3.6725,31.1114],[-3.702,30.9445],[-3.9854,30.9135],[-4.3229,30.6989],[-4.9683,30.4654],[-5.1801,30.1662],[-5.4488,29.9569],[-5.775,29.869],[-6.5009,29.8091],[-6.6354,29.5688],[-7.0949,29.6252],[-7.4857,29.3922],[-7.6852,29.3495],[-8.6599,28.7186],[-8.6833,28.6208],[-8.6833,27.6564],[-8.6833,27.2859],[-7.367,26.5118],[-6.2387,25.8482],[-4.8226,24.9956],[-3.2579,23.9812],[-2.2754,23.3389],[-1.293,22.6965],[-0.3105,22.0542],[1.1455,21.1022],[1.1657,20.8174],[1.6106,20.5556],[1.6854,20.3784],[1.9288,20.2727],[2.2193,20.2478],[2.4062,20.0639],[2.8657,19.956],[3.2037,19.7897],[3.2559,19.4109],[3.1061,19.1501],[3.4009,18.9884],[4.2276,19.1428],[5.7483,19.4342],[5.8366,19.4792],[6.9894,20.4705],[7.4817,20.8731],[8.3431,21.3809],[9.3787,21.9914],[10.9322,22.9073],[11.9679,23.5179],[11.5369,24.2908],[10.6861,24.5514],[10.439,24.4802],[10.2559,24.591],[10.0281,25.051],[10.0007,25.3321],[9.4482,26.0671],[9.4914,26.3337],[9.8594,26.552],[9.8944,26.8479],[9.7476,27.3309],[9.916,27.7857],[9.8582,28.0433],[9.8156,28.5602],[9.8426,28.967],[9.6727,29.567],[9.3103,30.1152],[9.5188,30.2294],[9.044,32.0724],[8.3334,32.5436],[8.2109,32.9267],[8.0756,33.0891],[7.7627,33.2331],[7.5002,33.8325],[7.5139,34.0805],[7.7485,34.2545],[7.8383,34.4103],[8.1234,34.5639],[8.2456,34.7341],[8.2769,34.9795],[8.3942,35.2039],[8.3164,35.4031],[8.2457,35.8706],[8.3487,36.368],[8.2308,36.5453],[8.5766,36.9372]]]}},{"type":"Feature","properties":{"code":"EC","name":"Ecuador"},"geometry":{"type":"MultiPolygon","coordinates":[[[[-75.2845,-0.1065],[-75.8798,0.151],[-76.0679,0.3456],[-76.311,0.4485],[-76.4946,0.2354],[-76.9201,0.2685],[-77.4228,0.4249],[-77.4677,0.6365],[-78.3121,1.0461],[-78.6816,1.2834],[-78.8597,1.4554],[-78.8997,1.2063],[-79.7412,0.9798],[-80.0883,0.7848],[-80.025,0.4102],[-80.0461,0.1554],[-80.1334,-0.0061],[-80.4823,-0.3683],[-80.4555,-0.5854],[-80.5539,-0.8479],[-80.8414,-0.9747],[-80.9024,-1.0789],[-80.8014,-1.3834],[-80.835,-1.6324],[-80.7631,-1.8229],[-80.7704,-2.0767],[-80.9628,-2.1893],[-80.8391,-2.349],[-80.6849,-2.3969],[-80.4501,-2.626],[-80.2847,-2.7067],[-80.1271,-2.5284],[-79.7299,-2.5791],[-79.9216,-3.0901],[-80.0267,-3.2281],[-80.3247,-3.3879],[-80.2735,-3.4246],[-80.1792,-3.8777],[-80.3033,-4.0051],[-80.51,-4.0695],[-80.4885,-4.3937],[-80.3835,-4.4637],[-80.1396,-4.2961],[-79.7973,-4.4764],[-79.6385,-4.4549],[-79.331,-4.9278],[-79.0763,-4.9906],[-78.8615,-4.665],[-78.686,-4.5624],[-78.6794,-4.3259],[-78.5504,-3.9869],[-78.4198,-3.7769],[-78.3473,-3.4312],[-78.1833,-3.3502],[-77.8606,-2.9816],[-76.6791,-2.5626],[-76.0898,-2.1331],[-75.5706,-1.5312],[-75.4204,-0.9622],[-75.2496,-0.9519],[-75.2632,-0.5554],[-75.4247,-0.4089],[-75.476,-0.1571],[-75.2845,-0.1065]]],[[[-90.3349,-0.7716],[-90.1927,-0.6588],[-90.2694,-0.4847],[-90.4697,-0.5174],[-90.5421,-0.6765],[-90.3349,-0.7716]]],[[[-91.2722,0.0251],[-91.4289,-0.0234],[-91.3692,-0.2872],[-91.2495,-0.3736],[-91.1447,-0.6229],[-91.4583,-0.7995],[-91.3715,-1.017],[-91.1311,-1.0196],[-90.9055,-0.9405],[-90.7997,-0.7521],[-90.9589,-0.5953],[-90.9755,-0.4169],[-91.1762,-0.223],[-91.2722,0.0251]]]]}},{"type":"Feature","properties":{"code":"EE","name":"Estonia"},"geometry":{"type":"MultiPolygon","coordinates":[[[[27.352,57.5281],[27.5421,57.7994],[27.7528,57.841],[27.4878,58.2701],[27.4645,58.8413],[27.7576,59.052],[28.0125,59.4843],[27.8926,59.4142],[26.9747,59.4506],[26.625,59.5539],[25.5093,59.639],[25.4438,59.5211],[24.3804,59.4727],[24.0834,59.2919],[23.4944,59.1957],[23.432,58.9207],[23.5093,58.6585],[23.7676,58.3608],[24.1148,58.2661],[24.5291,58.3542],[24.3226,57.8706],[25.111,58.0634],[25.9911,57.8382],[26.298,57.6011],[26.5326,57.531],[26.8998,57.6088],[27.352,57.5281]]],[[[22.6174,58.6212],[22.0813,58.4781],[21.8821,58.2624],[22.1529,58.1153],[22.757,58.2609],[23.2929,58.4835],[22.9643,58.6057],[22.6174,58.6212]]],[[[22.9237,58.8269],[22.9099,58.9912],[22.5872,59.0812],[22.411,58.8634],[22.5422,58.69],[22.9237,58.8269]]]]}},{"type":"Feature","properties":{"code":"EG","name":"Egypt"},"geometry":{"type":"Polygon","coordinates":[[[36.8714,21.9967],[36.8297,22.0977],[36.4146,22.3942],[36.2297,22.6288],[35.9134,22.7396],[35.6979,22.9462],[35.5228,23.4425],[35.5044,23.7793],[35.6247,24.066],[35.4778,24.1548],[35.1941,24.4751],[34.5651,25.6912],[34.3293,26.0244],[34.0495,26.5507],[33.9591,26.649],[33.8931,27.0495],[33.5498,27.6074],[33.5471,27.8981],[33.2021,28.2083],[32.8982,28.5652],[32.6318,28.9922],[32.565,29.3863],[32.3598,29.6307],[32.5657,29.974],[32.7215,29.5218],[33.0758,29.073],[33.2478,28.5677],[33.5941,28.2556],[33.7603,28.0477],[34.0451,27.8289],[34.2201,27.7643],[34.3997,28.016],[34.4465,28.3573],[34.6172,28.7579],[34.7364,29.2706],[34.9043,29.4773],[34.6586,30.1915],[34.2453,31.2083],[34.1981,31.3226],[33.6665,31.1304],[33.1299,31.1682],[32.6033,31.0688],[32.3235,31.2561],[32.1018,31.0928],[32.0085,31.2205],[31.7711,31.2926],[31.889,31.5414],[31.5244,31.4583],[31.1939,31.5876],[31.0018,31.4628],[30.7005,31.4039],[30.3951,31.4576],[30.2227,31.2584],[29.9298,31.2275],[29.5916,31.0115],[29.0721,30.8303],[28.5148,31.0504],[27.9676,31.0974],[27.83,31.195],[27.54,31.2127],[27.248,31.3779],[25.8933,31.6209],[25.3822,31.5128],[25.1505,31.655],[24.8527,31.3348],[24.9739,30.7766],[24.8775,30.4575],[24.7265,30.2506],[24.9803,29.1819],[24.9803,28.0591],[24.9803,26.9362],[24.9803,25.1397],[24.9803,24.0169],[24.9803,22.8941],[24.9803,21.9958],[26.1264,21.9957],[28.0364,21.9954],[29.5646,21.9951],[31.4345,21.9958],[32.6061,21.996],[33.9185,21.9962],[35.2309,21.9964],[36.8714,21.9967]]]}},{"type":"Feature","properties":{"code":"ER","name":"Eritrea"},"geometry":{"type":"Polygon","coordinates":[[[36.5243,14.2568],[36.8119,14.315],[37.0245,14.272],[37.2572,14.4538],[37.5712,14.1491],[37.8842,14.8523],[38.2215,14.6497],[38.5044,14.4244],[38.812,14.4823],[39.0742,14.6282],[39.198,14.4794],[39.5318,14.5367],[39.8951,14.4407],[40.2215,14.4312],[40.5244,14.2252],[40.7695,14.1445],[41.3629,13.4998],[41.765,13.1839],[41.9521,12.8823],[42.1343,12.7714],[42.3785,12.4664],[42.4794,12.5136],[42.6701,12.3766],[42.8833,12.6213],[43.1167,12.7086],[43.0829,12.8246],[42.7962,12.8643],[42.7345,13.0186],[42.5229,13.2215],[42.3993,13.2126],[42.2451,13.5876],[41.6582,13.9831],[41.1765,14.6203],[40.7993,14.743],[40.6344,14.883],[40.2041,15.0141],[40.041,15.3345],[39.8638,15.4703],[39.7208,15.2137],[39.6313,15.4525],[39.5065,15.5321],[39.4223,15.7867],[39.2989,15.9211],[39.2226,16.1937],[39.1426,16.7292],[38.9117,17.4271],[38.6095,18.0051],[38.2535,17.5848],[37.7824,17.458],[37.5102,17.2881],[37.411,17.0617],[37.009,17.0589],[36.9787,16.8006],[36.8878,16.6247],[36.9138,16.2962],[36.6792,15.7264],[36.5218,15.2501],[36.4268,15.1321],[36.5243,14.2568]]]}},{"type":"Feature","properties":{"code":"ES","name":"Spain"},"geometry":{"type":"MultiPolygon","coordinates":[[[[3.1453,39.7901],[3.1587,39.9705],[2.785,39.8548],[2.3713,39.6131],[2.6341,39.5562],[2.7698,39.4103],[3.0729,39.3013],[3.2447,39.3866],[3.4618,39.6978],[3.1453,39.7901]]],[[[-1.794,43.4073],[-2.3371,43.328],[-2.875,43.4544],[-3.0456,43.3716],[-3.6046,43.5195],[-4.3128,43.4147],[-4.523,43.4157],[-5.6658,43.5825],[-7.262,43.5946],[-7.6981,43.7646],[-8.2567,43.5799],[-8.2489,43.4394],[-8.5371,43.3371],[-8.8737,43.3344],[-9.1781,43.174],[-9.2352,42.9769],[-9.0416,42.814],[-8.9878,42.5856],[-8.6909,42.2742],[-8.8872,42.1053],[-8.7771,41.9411],[-8.5381,42.0693],[-8.2131,42.1337],[-8.1525,41.812],[-7.9208,41.8836],[-7.4036,41.8337],[-7.0305,41.9506],[-6.6183,41.9424],[-6.5422,41.6725],[-6.2125,41.532],[-6.9285,41.0091],[-6.8184,40.6541],[-6.8102,40.3431],[-7.0147,40.2083],[-6.8961,40.0218],[-7.0367,39.714],[-7.4541,39.6807],[-7.4451,39.5362],[-7.046,38.907],[-7.2815,38.7146],[-7.343,38.4574],[-7.0229,38.0447],[-7.1854,38.0063],[-7.5035,37.5855],[-7.4062,37.1794],[-6.8846,37.1942],[-6.4924,36.9546],[-6.3841,36.637],[-6.2689,36.5967],[-6.0407,36.1884],[-5.6255,36.0259],[-5.3609,36.1349],[-5.1715,36.4238],[-4.6741,36.5064],[-4.3668,36.7181],[-3.8278,36.7561],[-3.4312,36.7079],[-3.2591,36.7558],[-2.7875,36.7147],[-2.5957,36.8065],[-2.1115,36.7767],[-1.9393,36.9458],[-1.7976,37.2329],[-1.3275,37.5611],[-0.8222,37.5808],[-0.8231,37.7116],[-0.6468,38.1519],[-0.3812,38.4356],[0.2016,38.7592],[-0.2049,39.0626],[-0.327,39.5199],[-0.0751,39.8759],[0.3637,40.319],[0.7146,40.8229],[1.0329,41.0621],[2.0826,41.2874],[2.3109,41.4665],[3.0049,41.7674],[3.248,41.9442],[3.1664,42.2565],[3.2114,42.4312],[2.97,42.4672],[2.568,42.3458],[2.2004,42.4209],[2.0327,42.3535],[1.7061,42.5033],[1.4862,42.4345],[1.4283,42.5959],[1.3494,42.6907],[0.6969,42.8451],[0.6316,42.6896],[-0.0412,42.6891],[-0.2993,42.8253],[-0.5864,42.799],[-0.7626,42.9398],[-1.2854,43.0596],[-1.4107,43.2401],[-1.794,43.4073]]],[[[-16.3345,28.3799],[-16.5174,28.4127],[-16.9053,28.3396],[-16.658,28.0072],[-16.4182,28.1514],[-16.3345,28.3799]]],[[[-14.1968,28.1693],[-13.928,28.2535],[-13.8276,28.5852],[-14.0034,28.7067],[-14.232,28.2158],[-14.1968,28.1693]]],[[[-15.4006,28.1474],[-15.6828,28.1541],[-15.8095,27.9945],[-15.7103,27.7841],[-15.5594,27.747],[-15.3892,27.8747],[-15.4006,28.1474]]],[[[-17.8343,28.4932],[-17.7445,28.7866],[-18.0008,28.7583],[-17.8343,28.4932]]]]}},{"type":"Feature","properties":{"code":"ET","name":"Ethiopia"},"geometry":{"type":"Polygon","coordinates":[[[35.2684,5.4923],[35.745,5.344],[35.8003,5.1569],[35.7631,4.808],[35.9787,4.5038],[36.0819,4.4497],[36.9056,4.4115],[38.0861,3.6488],[38.608,3.6001],[39.2255,3.4788],[39.4944,3.4561],[39.6575,3.5778],[39.8422,3.8515],[40.7652,4.273],[41.0872,3.9919],[41.2209,3.9436],[41.884,3.9777],[42.0241,4.1379],[42.2284,4.2017],[42.7916,4.292],[43.016,4.5633],[43.5383,4.8403],[44.0281,4.951],[44.9405,4.912],[45.935,5.9972],[46.4229,6.4973],[46.9712,7.026],[47.9782,7.9971],[46.9782,7.9971],[46.296,8.235],[44.8936,8.7002],[44.0229,8.986],[43.6205,9.3374],[43.4825,9.3795],[43.3031,9.6091],[43.1816,9.88],[43.0689,9.9262],[42.8416,10.2031],[42.6596,10.6214],[42.9228,10.9993],[42.5577,11.0808],[41.9574,10.941],[41.7982,10.9805],[41.7665,11.5891],[42.3785,12.4664],[42.1343,12.7714],[41.9521,12.8823],[41.765,13.1839],[41.3629,13.4998],[40.7695,14.1445],[40.5244,14.2252],[40.2215,14.4312],[39.8951,14.4407],[39.5318,14.5367],[39.198,14.4794],[39.0742,14.6282],[38.812,14.4823],[38.5044,14.4244],[38.2215,14.6497],[37.8842,14.8523],[37.5712,14.1491],[37.2572,14.4538],[37.0245,14.272],[36.8119,14.315],[36.5243,14.2568],[36.3906,13.6261],[36.2122,13.2711],[36.1075,12.7265],[35.8206,12.6849],[35.5961,12.5373],[35.2524,11.957],[35.1123,11.8166],[34.9607,11.2768],[34.9314,10.8648],[34.7713,10.7462],[34.5719,10.8802],[34.4314,10.7878],[34.2757,10.5281],[34.2915,10.1248],[34.1203,9.7297],[34.0781,9.4615],[34.0945,8.5822],[33.9533,8.4435],[33.4094,8.4478],[33.2343,8.3964],[33.0126,7.9515],[33.226,7.7606],[33.6661,7.671],[33.9024,7.5095],[34.0643,7.2257],[34.2793,7.0028],[34.4844,6.8984],[34.7106,6.6603],[34.959,6.0451],[35.0819,5.6731],[35.2684,5.4923]]]}},{"type":"Feature","properties":{"code":"FI","name":"Finland"},"geometry":{"type":"Polygon","coordinates":[[[24.1555,65.8053],[24.5815,65.7571],[25.3479,65.4792],[25.2559,65.1433],[25.3727,65.0095],[24.5579,64.801],[24.2783,64.5153],[23.2487,63.8961],[22.2433,63.4379],[22.1203,63.2441],[21.5451,63.2043],[21.651,63.0393],[21.1957,62.7905],[21.1036,62.6229],[21.3537,62.2238],[21.256,61.9896],[21.606,61.5916],[21.3605,60.9675],[21.436,60.5964],[22.5759,60.3591],[22.4627,60.0292],[22.7935,60.0768],[23.7218,59.9657],[24.3426,60.0423],[25.1559,60.1941],[25.6564,60.3332],[26.5347,60.4129],[27.2419,60.5387],[27.7977,60.5361],[28.4074,60.8969],[29.2517,61.2878],[29.6901,61.5461],[31.2856,62.5678],[31.534,62.8854],[31.1809,63.2083],[30.0554,63.689],[30.5039,64.0206],[30.4879,64.2365],[30.1081,64.3661],[29.9855,64.5577],[30.0729,64.765],[29.6042,64.9684],[29.7159,65.6246],[30.0953,65.6817],[29.9034,66.0911],[29.0931,66.8492],[29.087,66.9709],[29.9412,67.5475],[29.9792,67.6886],[29.3438,68.0619],[28.6852,68.1898],[28.4707,68.4884],[28.7521,68.7714],[28.566,68.9282],[28.9658,69.022],[28.8463,69.1769],[29.3334,69.473],[29.1416,69.6714],[28.4117,69.8228],[27.8899,70.0617],[27.1087,69.9047],[26.5254,69.915],[26.0115,69.6526],[25.7486,69.2314],[25.7483,68.9901],[25.3571,68.8625],[24.9414,68.5933],[23.854,68.8059],[23.324,68.649],[22.4109,68.7199],[21.6218,69.2707],[21.2668,69.2737],[21.1278,69.0808],[20.6222,69.0369],[21.4654,68.6907],[21.9975,68.5206],[22.7824,68.391],[23.6389,67.9544],[23.5019,67.8752],[23.4681,67.45],[23.7749,67.3286],[23.623,67.1841],[23.9886,66.8105],[23.7012,66.4808],[24.1555,65.8053]]]}},{"type":"Feature","properties":{"code":"FJ","name":"Fiji"},"geometry":{"type":"MultiPolygon","coordinates":[[[[179.9992,-16.1686],[180,-16.1529],[179.5518,-16.2499],[179.3592,-16.3799],[179.0914,-16.4375],[178.8051,-16.6314],[178.5836,-16.6219],[178.7066,-16.9762],[179.0068,-16.9002],[179.2023,-16.7127],[179.4193,-16.8065],[179.9279,-16.7444],[179.7481,-16.4463],[179.9992,-16.1686]]],[[[178.2802,-17.372],[178.1876,-17.313],[177.618,-17.461],[177.4007,-17.6316],[177.264,-17.8635],[177.3214,-18.0775],[177.8471,-18.2549],[178.1602,-18.2502],[178.3315,-18.1353],[178.6677,-18.0809],[178.5916,-17.6515],[178.2802,-17.372]]]]}},{"type":"Feature","properties":{"code":"FK","name":"Falkland Islands"},"geometry":{"type":"MultiPolygon","coordinates":[[[[-58.8502,-51.2699],[-59.0966,-51.4914],[-59.0595,-51.6854],[-59.5708,-51.9254],[-59.6487,-52.1344],[-59.068,-52.173],[-59.1313,-52.0079],[-58.6528,-52.0992],[-58.6835,-51.9362],[-57.8382,-51.7092],[-57.8085,-51.518],[-57.9765,-51.3844],[-58.4737,-51.5091],[-58.5063,-51.3081],[-58.8502,-51.2699]]],[[[-60.2862,-51.4619],[-60.2385,-51.772],[-60.5911,-51.9516],[-60.9614,-52.0573],[-60.6864,-52.1884],[-60.3535,-52.1399],[-60.2463,-51.9864],[-59.9214,-51.9695],[-59.2681,-51.4275],[-59.3876,-51.36],[-59.7884,-51.446],[-60.2862,-51.4619]]]]}},{"type":"Feature","properties":{"code":"FO","name":"Faroe Islands"},"geometry":{"type":"Polygon","coordinates":[[[-6.6311,62.2279],[-7.1722,62.2856],[-7.0136,62.094],[-6.6311,62.2279]]]}},{"type":"Feature","properties":{"code":"FR","name":"France"},"geometry":{"type":"MultiPolygon","coordinates":[[[[9.4804,42.8054],[8.7131,42.5498],[8.5662,42.2188],[8.701,42.0956],[8.718,41.7614],[8.8075,41.5884],[9.1861,41.3849],[9.3948,41.7312],[9.4009,41.9262],[9.5507,42.1297],[9.4804,42.8054]]],[[[7.6156,47.5927],[7.5294,47.6739],[7.5842,48.0643],[7.838,48.636],[8.1349,48.9736],[7.6109,49.0618],[7.4506,49.1522],[6.7354,49.1606],[6.3443,49.4527],[5.9595,49.4546],[5.7897,49.5383],[5.5073,49.5109],[5.2788,49.6779],[4.8676,49.7881],[4.6562,50.0024],[4.1761,49.9603],[4.1746,50.2465],[3.748,50.3435],[3.6268,50.4573],[3.2733,50.5315],[3.1068,50.7794],[2.8397,50.7118],[2.5968,50.8759],[2.5249,51.0971],[1.9125,50.9906],[1.5795,50.7393],[1.5516,50.2939],[1.2455,49.9982],[0.6162,49.8629],[0.1867,49.703],[0.2776,49.4633],[-0.1635,49.2968],[-1.1385,49.3879],[-1.2586,49.6802],[-1.8564,49.6838],[-1.8701,49.5951],[-1.5831,49.2024],[-1.5655,48.8055],[-1.4376,48.6414],[-2.4462,48.6483],[-2.6923,48.5368],[-3.0032,48.7907],[-3.2314,48.8408],[-3.7148,48.7105],[-4.0589,48.7075],[-4.7208,48.5399],[-4.7194,48.3631],[-4.3932,48.3676],[-4.6292,48.0858],[-4.3121,47.8229],[-3.9009,47.8375],[-3.1588,47.6947],[-2.7703,47.5139],[-2.4277,47.4709],[-2.5031,47.3121],[-2.0189,47.0376],[-2.0594,46.8103],[-1.7865,46.5148],[-1.3925,46.3501],[-1.1463,46.3114],[-1.066,45.8057],[-1.081,45.5324],[-1.1891,45.1615],[-1.2455,44.5599],[-1.346,44.0202],[-1.4849,43.5638],[-1.794,43.4073],[-1.4107,43.2401],[-1.2854,43.0596],[-0.7626,42.9398],[-0.5864,42.799],[-0.2993,42.8253],[-0.0412,42.6891],[0.6316,42.6896],[0.6969,42.8451],[1.3494,42.6907],[1.4283,42.5959],[1.7061,42.5033],[2.0327,42.3535],[2.2004,42.4209],[2.568,42.3458],[2.97,42.4672],[3.2114,42.4312],[3.0909,42.5909],[3.0518,42.9151],[3.2589,43.1932],[4.0526,43.5931],[4.1628,43.5037],[4.6287,43.3871],[5.0598,43.4445],[5.4065,43.2285],[5.8095,43.0979],[6.1159,43.0724],[6.494,43.1693],[7.1814,43.6591],[7.3777,43.7317],[7.4145,43.7709],[7.4387,43.7504],[7.4932,43.7671],[7.6515,44.0336],[6.9673,44.28],[6.843,44.5107],[7.0307,44.7167],[6.7382,44.9214],[6.6277,45.118],[7.0783,45.2399],[7.1534,45.4009],[6.8045,45.8146],[7.0211,45.9258],[6.7721,46.1651],[6.7581,46.4158],[6.4289,46.4305],[6.0866,46.147],[6.0603,46.4282],[6.1607,46.611],[6.4102,46.7554],[6.4562,46.9483],[6.6248,47.0043],[7.0006,47.3225],[7.42,47.4552],[7.6156,47.5927]]],[[[55.7974,-21.3394],[55.8391,-21.1386],[55.6619,-20.9062],[55.3113,-20.9041],[55.2328,-21.0584],[55.3627,-21.2736],[55.5576,-21.3583],[55.7974,-21.3394]]],[[[-60.8263,14.4945],[-60.9187,14.7354],[-61.1274,14.8753],[-61.2197,14.8044],[-61.0637,14.4671],[-60.8263,14.4945]]],[[[-61.3271,16.2304],[-61.4064,16.4683],[-61.5289,16.4338],[-61.5222,16.228],[-61.3271,16.2304]]],[[[-61.5896,16.0069],[-61.5523,16.2709],[-61.7941,16.301],[-61.7594,16.0621],[-61.5896,16.0069]]],[[[-54.6163,2.3268],[-54.5151,2.2455],[-54.1301,2.121],[-53.7678,2.3548],[-53.509,2.2531],[-53.3344,2.3397],[-53.2298,2.2049],[-52.9648,2.1835],[-52.7006,2.3637],[-52.3566,3.0516],[-51.9906,3.702],[-51.6525,4.0613],[-51.7856,4.5705],[-51.9196,4.5243],[-52.2905,4.9422],[-52.454,5.0213],[-52.8993,5.425],[-53.4544,5.5635],[-53.8472,5.7822],[-53.9896,5.676],[-54.156,5.359],[-54.4522,5.0135],[-54.4496,4.485],[-54.3507,4.0541],[-53.9905,3.5896],[-54.0096,3.4485],[-54.2031,3.1382],[-54.1955,2.8179],[-54.402,2.4615],[-54.6163,2.3268]]]]}},{"type":"Feature","properties":{"code":"GA","name":"Gabon"},"geometry":{"type":"Polygon","coordinates":[[[13.2936,2.1616],[13.2203,2.2564],[12.8675,2.2468],[12.3613,2.296],[11.3484,2.2997],[11.3287,2.1674],[11.3354,0.9997],[10.0285,1.004],[9.7605,1.0747],[9.5908,1.032],[9.618,0.5765],[9.4953,0.6648],[9.33,0.6108],[9.4701,0.3619],[9.7767,0.1925],[9.7384,0.085],[9.4111,0.2004],[9.2967,-0.3513],[9.1365,-0.5733],[8.8214,-0.7084],[8.8442,-0.9136],[9.0646,-1.2983],[9.3307,-1.5346],[9.2656,-1.8251],[9.5332,-2.1639],[9.7595,-2.5186],[10.3477,-3.0131],[10.6407,-3.398],[10.9473,-3.6621],[11.1302,-3.9163],[11.2883,-3.6411],[11.5043,-3.5203],[11.6857,-3.682],[11.9342,-3.3186],[11.7154,-3.177],[11.7602,-2.9831],[11.5378,-2.8367],[11.6034,-2.5954],[11.5752,-2.3971],[11.9503,-2.3448],[12.0645,-2.4126],[12.4464,-2.33],[12.4321,-1.9289],[12.5904,-1.8269],[12.7936,-1.9318],[12.992,-2.3134],[13.4649,-2.3954],[13.7844,-2.1638],[13.8869,-2.4654],[14.0874,-2.4669],[14.2515,-2.0015],[14.384,-1.89],[14.4556,-1.4132],[14.4106,-0.9721],[14.4806,-0.6184],[14.3638,-0.4686],[14.2067,-0.4273],[14.0694,-0.2701],[13.8601,-0.2033],[13.8846,0.1908],[14.0875,0.5366],[14.3242,0.6242],[14.4345,0.8115],[14.3864,1.0044],[14.1809,1.3702],[13.8514,1.4187],[13.2741,1.241],[13.1627,1.6481],[13.2936,2.1616]]]}},{"type":"Feature","properties":{"code":"GB","name":"United Kingdom"},"geometry":{"type":"MultiPolygon","coordinates":[[[[-2.6677,51.623],[-3.136,51.205],[-3.8423,51.2309],[-4.1882,51.1885],[-4.2965,51.0271],[-4.5231,50.9774],[-4.5829,50.7764],[-5.3423,50.2461],[-5.2252,50.0214],[-4.728,50.2905],[-4.1726,50.3908],[-3.7934,50.2292],[-3.5844,50.3218],[-3.4046,50.6324],[-2.9994,50.7166],[-2.5478,50.6163],[-2.0358,50.6031],[-2.0311,50.7254],[-1.5167,50.7475],[-1.2851,50.8573],[-0.7853,50.7654],[-0.2039,50.8144],[0.2051,50.763],[0.9602,50.9259],[1.0444,51.0473],[1.3976,51.182],[1.4149,51.3633],[0.6865,51.3866],[0.8909,51.5714],[0.9551,51.8078],[1.2744,51.8454],[1.559,52.0869],[1.7466,52.469],[1.6567,52.7537],[1.0556,52.959],[0.5588,52.9669],[0.2798,52.8087],[0.0459,52.9056],[0.3558,53.16],[-0.2056,54.0217],[-0.0844,54.1181],[-0.6714,54.5039],[-1.1544,54.6545],[-1.2917,54.7739],[-1.6554,55.5704],[-2.1471,55.903],[-2.5993,56.0273],[-3.0487,55.952],[-3.1782,56.0801],[-2.6527,56.3183],[-2.5927,56.5616],[-2.2603,56.8633],[-2.0203,57.2589],[-1.7779,57.4937],[-2.0741,57.7024],[-3.0839,57.6735],[-3.4028,57.7083],[-3.8682,57.6003],[-3.99,57.959],[-3.2124,58.3212],[-3.0531,58.6348],[-4.7154,58.51],[-5.0665,58.5202],[-5.0083,58.2626],[-5.3383,58.2387],[-5.3937,58.0436],[-5.6083,57.8813],[-5.8181,57.4361],[-5.5619,57.2327],[-5.7306,56.8531],[-6.0347,56.7639],[-5.9368,56.6057],[-5.3919,56.5148],[-5.6096,56.0553],[-5.6229,55.8131],[-5.7682,55.3626],[-5.5564,55.3896],[-5.2456,55.9292],[-4.8441,56.0512],[-4.8918,55.6991],[-4.7211,55.421],[-5.1355,54.8575],[-4.5175,54.7583],[-4.3037,54.8357],[-3.9579,54.781],[-3.4341,54.9638],[-3.5694,54.4676],[-3.166,54.1279],[-2.8465,54.1353],[-3.0268,53.9059],[-2.9251,53.7328],[-3.0647,53.4269],[-3.3262,53.3472],[-4.111,53.2189],[-4.6383,52.8911],[-4.1015,52.9155],[-3.9803,52.5417],[-4.1494,52.3263],[-4.3832,52.1973],[-5.0881,51.9959],[-5.1248,51.7059],[-4.9023,51.6263],[-4.3863,51.7411],[-4.1153,51.5664],[-3.9437,51.5975],[-3.5624,51.4138],[-3.2931,51.3904],[-2.6677,51.623]]],[[[-1.3081,60.5375],[-1.4944,60.2925],[-1.1792,60.1139],[-1.0657,60.3816],[-1.3081,60.5375]]],[[[-5.7779,56.3443],[-5.7608,56.4907],[-6.1027,56.6457],[-6.1762,56.2887],[-5.7779,56.3443]]],[[[-6.1987,58.3633],[-6.2375,58.5028],[-7.0853,58.1822],[-6.8642,57.9329],[-6.4252,58.0213],[-6.1987,58.3633]]],[[[-6.1447,57.505],[-6.2469,57.6512],[-6.7611,57.4424],[-6.1355,57.3143],[-6.1447,57.505]]],[[[-6.218,54.0887],[-6.019,54.0513],[-5.8262,54.2358],[-5.6068,54.2726],[-5.4704,54.5002],[-5.7168,54.8175],[-6.1292,55.2174],[-6.475,55.241],[-7.2187,55.092],[-7.5504,54.768],[-7.8861,54.6661],[-8.1183,54.4143],[-7.8549,54.2153],[-7.3552,54.1212],[-6.9361,54.3743],[-6.6498,54.0586],[-6.218,54.0887]]]]}},{"type":"Feature","properties":{"code":"GD","name":"Grenada"},"geometry":{"type":"Polygon","coordinates":[[[-61.7155,12.0126],[-61.6271,12.054],[-61.607,12.2233],[-61.715,12.1852],[-61.7155,12.0126]]]}},{"type":"Feature","properties":{"code":"GE","name":"Georgia"},"geometry":{"type":"Polygon","coordinates":[[[43.4395,41.1071],[44.2273,41.2133],[44.8414,41.2114],[45.0014,41.291],[45.281,41.4496],[45.7156,41.3376],[45.7928,41.2244],[46.1707,41.1979],[46.4579,41.0702],[46.6264,41.1597],[46.6189,41.3438],[46.3055,41.5077],[46.1821,41.6571],[46.4299,41.891],[45.954,42.0354],[45.6386,42.2051],[45.7275,42.475],[45.3438,42.5298],[45.2082,42.6482],[44.871,42.7564],[44.5059,42.7486],[43.9574,42.5666],[43.7826,42.747],[43.0892,42.9891],[42.9916,43.0915],[42.419,43.2242],[42.05,43.1901],[41.5806,43.2192],[40.648,43.5339],[40.1502,43.5698],[39.9783,43.4198],[40.524,43.121],[40.8366,43.0635],[41.1287,42.8281],[41.4888,42.6593],[41.763,41.97],[41.7018,41.7054],[41.5101,41.5175],[41.8235,41.4324],[41.9258,41.4957],[42.4664,41.4398],[42.7879,41.5637],[43.4395,41.1071]]]}},{"type":"Feature","properties":{"code":"GH","name":"Ghana"},"geometry":{"type":"Polygon","coordinates":[[[-0.0686,11.1156],[-0.2995,11.1669],[-0.6485,10.9268],[-0.7014,10.989],[-1.5997,10.9977],[-2.8299,10.9984],[-2.9149,10.5923],[-2.7866,10.4019],[-2.766,9.6581],[-2.6958,9.4813],[-2.6742,9.2826],[-2.7467,9.1096],[-2.6004,8.8004],[-2.5059,8.2087],[-2.7897,7.9319],[-2.9591,7.4545],[-2.9858,7.2049],[-3.2358,6.8072],[-3.2006,6.3482],[-2.9623,5.643],[-2.7937,5.6001],[-2.7952,5.1845],[-3.0191,5.1308],[-3.0867,5.1283],[-3.114,5.0887],[-2.3989,4.9293],[-2.0019,4.7625],[-1.6385,4.9809],[-1.0643,5.1827],[-0.7977,5.2267],[-0.3487,5.5008],[0.2597,5.7573],[0.7488,5.7601],[0.9497,5.8103],[1.1872,6.0894],[0.985,6.3203],[0.7369,6.4526],[0.5256,6.8509],[0.6348,7.3537],[0.5,7.5469],[0.6052,7.7282],[0.5836,8.1458],[0.6881,8.3042],[0.6162,8.4796],[0.4153,8.6527],[0.4888,8.8515],[0.4661,9.1153],[0.529,9.3583],[0.4476,9.4803],[0.2619,9.4956],[0.3239,9.6876],[0.3627,10.2365],[-0.0577,10.6306],[0.0094,11.021],[-0.0686,11.1156]]]}},{"type":"Feature","properties":{"code":"GL","name":"Greenland"},"geometry":{"type":"MultiPolygon","coordinates":[[[[-29.9529,83.5648],[-32.9844,83.5996],[-37.828,83.4855],[-38.7478,83.3326],[-40.3568,83.3322],[-41.3001,83.1008],[-43.1946,83.2551],[-46.4782,82.9519],[-44.5772,82.5426],[-44.2389,82.3682],[-44.6371,82.1044],[-44.5324,81.8489],[-45.2911,81.8288],[-46.6173,82.097],[-48.8612,82.4054],[-50.9899,82.4602],[-50.7131,82.2374],[-49.6943,81.9721],[-50.8944,81.8952],[-52.7756,82.3217],[-54.7259,82.3514],[-58.7174,82.0931],[-59.2819,81.884],[-60.4324,81.9202],[-61.2029,81.7469],[-61.1,81.3961],[-61.436,81.1336],[-62.9933,81.207],[-63.4417,81.0139],[-64.5155,81],[-65.6452,80.6851],[-66.9959,80.413],[-66.8437,80.0762],[-64.7923,80.0006],[-65.4199,79.3402],[-65.9679,79.1324],[-67.4822,79.1169],[-69.0305,78.9429],[-68.9935,78.8574],[-70.9058,78.6385],[-72.3956,78.5043],[-72.8181,78.1943],[-71.6499,77.8998],[-69.3514,77.4671],[-68.6215,77.6019],[-67.9773,77.5189],[-66.6912,77.6812],[-66.4531,77.3931],[-68.1355,77.3796],[-68.9783,77.1953],[-70.8628,77.1754],[-71.1549,77.0739],[-70.7928,76.8691],[-69.8881,76.8271],[-69.2521,76.6861],[-68.2234,76.6777],[-69.3997,76.4363],[-69.3729,76.3319],[-68.1487,76.067],[-66.8262,75.9688],[-65.9541,76.2417],[-65.4568,76.1298],[-64.3873,76.304],[-63.4389,76.3395],[-61.1882,76.1579],[-58.5162,75.6891],[-58.2497,75.5067],[-58.6035,75.3853],[-57.8132,75.04],[-57.1909,74.8937],[-56.8013,74.6717],[-56.7063,74.2192],[-56.2985,74.1634],[-55.9295,73.8954],[-56.1041,73.5582],[-55.2972,73.2623],[-55.6686,73.0079],[-54.7379,72.8725],[-54.7904,72.6416],[-55.6017,72.4535],[-55.6595,72.2226],[-55.3156,72.1107],[-55.594,71.5535],[-55.3364,71.4268],[-54.6891,71.3672],[-53.963,71.459],[-54.0199,71.6579],[-53.476,71.6402],[-52.7494,71.5015],[-53.117,71.3129],[-52.0614,71.1216],[-51.3767,71.119],[-51.1301,70.9717],[-51.5245,70.4395],[-52.4052,70.6868],[-54.1658,70.8201],[-54.5012,70.6569],[-54.0145,70.4217],[-53.023,70.3019],[-52.2546,70.0589],[-51.4188,69.9892],[-51.1057,70.0574],[-50.5,69.9358],[-51.077,69.2095],[-51.2494,68.7399],[-51.1333,68.5984],[-51.7807,68.5482],[-52.3028,68.7011],[-53.0395,68.6109],[-53.3832,68.2974],[-52.78,68.3099],[-52.1985,68.2208],[-51.2073,68.3255],[-51.5969,68.0548],[-53.1516,68.2078],[-53.578,67.8368],[-53.4188,67.5746],[-53.7986,67.4182],[-53.8844,67.1355],[-53.6872,66.9865],[-53.0383,66.8268],[-53.4188,66.6485],[-53.6347,66.4137],[-53.6147,66.1545],[-53.1063,65.9771],[-53.199,65.594],[-52.7609,65.5908],[-52.259,65.1549],[-52.0889,64.6815],[-52.0934,64.4159],[-51.7581,64.2799],[-51.4511,63.9048],[-51.4688,63.6423],[-50.7435,63.0513],[-50.3383,62.8288],[-50.3192,62.4732],[-49.5535,62.2327],[-49.6238,61.9986],[-49.3803,61.8902],[-49.2891,61.5899],[-49.0492,61.5239],[-48.9221,61.2774],[-48.4948,61.2247],[-48.3864,61.0047],[-48.014,60.722],[-47.7962,60.8289],[-47.2244,60.7829],[-46.8745,60.8164],[-46.5824,60.9621],[-46.0117,61.0968],[-46.1419,60.7765],[-46.0466,60.6157],[-45.5903,60.5188],[-45.3678,60.3729],[-45.3792,60.2029],[-44.8122,60.0499],[-44.0655,59.9248],[-43.3201,59.9281],[-43.1229,60.0612],[-43.1565,60.3329],[-43.0441,60.5237],[-42.717,60.7675],[-42.4188,61.537],[-42.1102,61.8572],[-42.3215,62.1527],[-42.153,62.5685],[-41.6345,62.9725],[-41.1077,63.2738],[-41.0487,63.5138],[-40.5504,63.7252],[-40.6178,64.1317],[-40.7817,64.2218],[-40.1822,64.4799],[-40.6555,64.9153],[-40.966,64.8688],[-41.0844,65.1008],[-40.2531,65.0489],[-39.5779,65.3408],[-39.9609,65.5562],[-38.6367,65.6244],[-38.0013,65.7096],[-37.7542,65.5931],[-36.9324,65.7826],[-36.3792,65.8308],[-35.6301,66.1399],[-34.6328,66.4348],[-34.1017,66.7259],[-33.157,67.6267],[-32.2748,67.9229],[-32.3668,68.213],[-32.1373,68.3849],[-31.4195,68.1285],[-30.9786,68.0613],[-29.8685,68.3116],[-29.2495,68.2988],[-26.3414,68.7021],[-25.698,68.8899],[-25.544,69.0457],[-23.709,69.6272],[-23.0882,69.883],[-22.4351,69.9857],[-22.2845,70.1258],[-23.1732,70.1146],[-24.041,70.1812],[-25.5299,70.3532],[-26.1557,70.2456],[-26.7473,70.4755],[-28.015,70.4022],[-28.5409,70.4769],[-28.1457,70.6557],[-27.9922,70.8952],[-27.6888,70.9935],[-26.7179,70.9505],[-25.7422,71.1836],[-25.6559,71.53],[-24.377,71.1464],[-24.1304,70.7911],[-23.7918,70.5552],[-23.3278,70.451],[-21.9435,70.4435],[-21.5227,70.5262],[-21.6745,70.8563],[-21.7522,71.4783],[-22.5032,71.5004],[-22.0133,71.6888],[-22.8685,71.9707],[-24.6668,72.4374],[-24.771,72.8687],[-26.6576,72.7158],[-24.63,73.0376],[-24.069,72.4987],[-22.2932,72.1195],[-22.0748,72.3992],[-22.0363,72.9185],[-22.8523,73.084],[-23.899,73.3983],[-24.5872,73.4229],[-24.1577,73.7645],[-23.7606,73.5431],[-22.9875,73.3462],[-22.1851,73.2699],[-21.548,73.4317],[-20.5097,73.4929],[-20.3673,73.8482],[-22.3353,74.0634],[-22.3216,74.3025],[-21.1294,74.1109],[-19.3691,74.284],[-19.2251,74.4795],[-19.9849,74.9752],[-20.9858,75.0744],[-20.485,75.3143],[-19.7985,75.1575],[-19.426,75.2298],[-19.509,75.7575],[-20.1036,76.2191],[-21.5691,76.2937],[-21.8773,76.5735],[-20.9421,76.887],[-20.0644,76.9276],[-18.5103,76.7782],[-18.339,77.2153],[-19.3003,77.2224],[-20.2319,77.3684],[-20.6808,77.619],[-19.4904,77.7189],[-20.8626,77.9119],[-21.7476,77.7906],[-20.9557,78.555],[-21.1337,78.6586],[-20.0505,78.8418],[-19.723,79.065],[-19.075,79.1523],[-19.414,79.3488],[-19.2836,79.6832],[-20.1385,79.8034],[-20.1501,80.0112],[-19.4292,80.2577],[-18.0709,80.1721],[-16.8684,80.1982],[-15.9326,80.3951],[-16.7606,80.5734],[-14.5036,80.7633],[-14.4901,80.9733],[-13.4512,81.0381],[-11.5288,81.424],[-12.1929,81.6491],[-13.7045,81.7891],[-15.5555,81.8336],[-16.359,81.7291],[-17.2262,81.4304],[-20.0157,81.5644],[-20.7559,81.312],[-21.7236,81.3482],[-21.1466,81.6952],[-21.338,82.0687],[-23.1037,82.0118],[-23.6365,81.7418],[-24.2931,81.701],[-25.1488,82.0011],[-27.8395,82.0489],[-29.5438,81.9399],[-29.5794,82.1612],[-23.8622,82.2871],[-22.4726,82.3847],[-21.5207,82.5954],[-22.5249,82.7892],[-24.4703,82.8774],[-25.9474,83.2896],[-29.9529,83.5648]]],[[[-52.7312,69.9447],[-53.3751,70.2213],[-54.3716,70.3173],[-54.8305,70.1611],[-54.6646,69.9657],[-54.8041,69.6305],[-53.7831,69.5063],[-54.0512,69.3372],[-53.5784,69.2566],[-52.1126,69.4891],[-51.9002,69.6048],[-52.0453,69.8072],[-52.7312,69.9447]]],[[[-51.0137,69.5525],[-50.9402,69.9087],[-51.3503,69.8548],[-51.0137,69.5525]]],[[[-55.0169,72.7911],[-55.9936,72.7823],[-55.5236,72.5684],[-55.0169,72.7911]]],[[[-44.8646,82.0836],[-44.7499,82.4011],[-46.3992,82.6921],[-47.2723,82.6569],[-46.7519,82.3482],[-44.8646,82.0836]]],[[[-25.4323,70.9213],[-25.8189,71.0437],[-26.9756,70.8627],[-27.7089,70.8971],[-27.898,70.454],[-26.6047,70.5534],[-26.2179,70.4541],[-25.4022,70.6527],[-25.4323,70.9213]]],[[[-17.6125,79.8259],[-17.9829,80.0552],[-18.9972,79.9405],[-19.0324,79.7729],[-18.0358,79.7112],[-17.6125,79.8259]]],[[[-18.0005,75.4073],[-18.8561,75.3191],[-18.6708,75.0017],[-17.586,74.9928],[-18.0005,75.4073]]]]}},{"type":"Feature","properties":{"code":"GM","name":"Gambia"},"geometry":{"type":"Polygon","coordinates":[[[-16.5623,13.5873],[-16.8248,13.3411],[-16.7633,13.0642],[-16.6488,13.1542],[-15.8343,13.1564],[-15.8144,13.3251],[-15.2862,13.396],[-15.1511,13.5565],[-14.6719,13.3517],[-14.2468,13.2358],[-13.8475,13.3353],[-13.9774,13.5435],[-14.4055,13.5037],[-14.9358,13.7852],[-15.1083,13.8121],[-15.4269,13.727],[-15.5097,13.5862],[-16.5623,13.5873]]]}},{"type":"Feature","properties":{"code":"GN","name":"Guinea"},"geometry":{"type":"Polygon","coordinates":[[[-10.2832,8.4852],[-10.0644,8.4299],[-9.7683,8.5346],[-9.5183,8.3461],[-9.3689,7.6396],[-9.4598,7.4425],[-9.2633,7.3777],[-9.1176,7.2159],[-8.8896,7.2627],[-8.7083,7.6589],[-8.4864,7.5585],[-8.2319,7.5567],[-8.0167,8.1449],[-8.2561,8.2537],[-8.237,8.4557],[-7.8236,8.4677],[-7.691,8.5625],[-7.784,8.7206],[-7.951,8.7868],[-7.8962,9.4159],[-8.137,9.4957],[-8.1366,10.0221],[-7.9906,10.1625],[-8.0073,10.3219],[-8.2315,10.438],[-8.3241,10.7495],[-8.3374,10.9906],[-8.6639,11.0358],[-8.4075,11.3863],[-8.6649,11.515],[-8.822,11.6732],[-8.8183,11.9225],[-9.0431,12.4023],[-9.3652,12.4793],[-9.3581,12.2554],[-9.8207,12.0425],[-10.2749,12.2126],[-10.4658,12.1387],[-10.6773,11.8994],[-10.9332,12.2052],[-11.3052,12.0154],[-11.5022,12.1986],[-11.3894,12.4044],[-12.0424,12.398],[-12.2912,12.328],[-12.7973,12.4519],[-13.0829,12.6335],[-13.7292,12.6739],[-13.7079,12.3127],[-13.9489,12.1782],[-13.738,12.0097],[-13.7328,11.736],[-13.9532,11.6646],[-14.2656,11.6599],[-14.683,11.5085],[-14.7793,11.4055],[-15.043,10.9401],[-14.7759,10.9316],[-14.6096,10.5499],[-14.4269,10.2483],[-13.7005,9.8513],[-13.6914,9.5358],[-13.5683,9.5434],[-13.2695,9.1706],[-13.2927,9.0492],[-13.028,9.1036],[-12.9588,9.2633],[-12.7559,9.3736],[-12.5015,9.8622],[-12.2777,9.9298],[-12.1423,9.8754],[-11.9111,9.993],[-11.2057,9.9777],[-10.6905,9.3143],[-10.75,9.1224],[-10.616,9.0592],[-10.6056,8.8676],[-10.5005,8.6875],[-10.7121,8.3353],[-10.5577,8.3157],[-10.2832,8.4852]]]}},{"type":"Feature","properties":{"code":"GQ","name":"Equatorial Guinea"},"geometry":{"type":"MultiPolygon","coordinates":[[[[8.7357,3.7583],[8.4749,3.2646],[8.704,3.2236],[8.9461,3.6275],[8.7357,3.7583]]],[[[11.3287,2.1674],[9.9799,2.1678],[9.8008,2.3044],[9.807,1.9275],[9.6321,1.5655],[9.4942,1.4353],[9.3859,1.1393],[9.5908,1.032],[9.7605,1.0747],[10.0285,1.004],[11.3354,0.9997],[11.3287,2.1674]]]]}},{"type":"Feature","properties":{"code":"GR","name":"Greece"},"geometry":{"type":"MultiPolygon","coordinates":[[[[20.0779,39.4327],[19.9553,39.4704],[19.9368,39.7467],[19.6489,39.7262],[19.884,39.4615],[20.0779,39.4327]]],[[[23.4154,38.9586],[23.2521,38.8012],[23.7588,38.4012],[24.0401,38.39],[24.212,38.1175],[24.5023,37.9699],[24.5633,38.1475],[24.2758,38.22],[24.099,38.671],[23.8782,38.6866],[23.472,38.8501],[23.4154,38.9586]]],[[[26.094,38.2181],[26.1496,38.4685],[25.8513,38.5084],[26.094,38.2181]]],[[[26.4102,39.3294],[26.1654,39.3735],[25.9096,39.2875],[25.9062,39.139],[26.4688,38.9728],[26.5782,39.1095],[26.4102,39.3294]]],[[[25.4377,39.9833],[25.058,39.9997],[25.0622,39.8524],[25.357,39.8081],[25.4377,39.9833]]],[[[27.8428,35.9293],[28.144,36.2099],[28.1715,36.4262],[27.9145,36.3453],[27.7163,36.1716],[27.8428,35.9293]]],[[[23.8522,35.5354],[23.5698,35.5348],[23.5616,35.2952],[24.4637,35.1604],[24.7089,35.0891],[24.7998,34.9345],[26.2443,35.0447],[26.2986,35.2686],[25.745,35.1427],[25.7302,35.3486],[25.4757,35.3062],[24.7213,35.4248],[24.3129,35.3638],[24.166,35.5952],[23.8522,35.5354]]],[[[26.3209,41.7166],[26.066,41.6732],[26.1552,41.4349],[25.785,41.3304],[25.2512,41.2436],[25.1334,41.3158],[24.596,41.4427],[24.5183,41.5525],[24.0561,41.5272],[23.6352,41.3868],[22.916,41.3363],[22.7248,41.1785],[22.4936,41.1185],[22.2377,41.1552],[21.9295,41.1074],[21.5758,40.8689],[20.9643,40.8499],[21.0311,40.6586],[20.8061,40.4455],[20.6574,40.1174],[20.3111,39.9794],[20.3816,39.8418],[20.2068,39.6535],[20.0013,39.7094],[20.1914,39.5458],[20.3008,39.3271],[20.7797,39.0085],[21.1184,39.03],[21.0742,38.8852],[20.7769,38.8075],[20.9922,38.654],[21.1132,38.3847],[21.4726,38.3214],[21.9653,38.4125],[22.2269,38.3528],[22.4217,38.4385],[23.1221,38.0733],[22.7996,37.9812],[22.5559,38.1132],[21.8247,38.3281],[21.6584,38.1751],[21.4037,38.1967],[21.145,37.9193],[21.3293,37.6693],[21.5713,37.541],[21.6925,37.3093],[21.5829,37.081],[21.8924,36.7373],[21.9556,36.9901],[22.0805,37.029],[22.4891,36.5682],[22.6084,36.7797],[22.7799,36.7862],[22.9829,36.5284],[23.0735,36.775],[22.995,37.0159],[22.765,37.3933],[22.775,37.5851],[23.0965,37.4406],[23.1615,37.3338],[23.4893,37.4402],[23.1976,37.6202],[23.1937,37.959],[23.5805,38.0105],[24.0554,37.7096],[23.967,38.275],[23.684,38.3524],[23.5696,38.4894],[23.2529,38.6612],[22.774,38.8004],[22.9655,39.0309],[22.839,39.2586],[22.9929,39.3311],[23.2885,39.2888],[22.919,39.6289],[22.5922,40.0369],[22.6295,40.4956],[23.312,40.2165],[23.6646,40.2238],[23.8354,40.0223],[23.9675,40.1146],[23.7205,40.2863],[23.8789,40.5444],[23.7628,40.7478],[24.0823,40.7241],[24.3838,40.9127],[24.793,40.8575],[25.1045,40.9947],[25.2501,40.9328],[25.8557,40.8441],[26.039,40.7268],[26.3311,40.9545],[26.3307,41.2388],[26.6249,41.4018],[26.5813,41.6013],[26.3209,41.7166]]]]}},{"type":"Feature","properties":{"code":"GT","name":"Guatemala"},"geometry":{"type":"Polygon","coordinates":[[[-92.2352,14.5454],[-91.8191,14.2282],[-91.3773,13.9902],[-91.146,13.9256],[-90.6069,13.929],[-90.0952,13.7365],[-90.1047,13.8348],[-89.8727,14.0456],[-89.5472,14.2413],[-89.5405,14.4099],[-89.3626,14.416],[-89.1718,14.6069],[-89.2224,14.8661],[-89.1426,15.0723],[-88.9764,15.1427],[-88.2283,15.729],[-88.5362,15.8496],[-88.6034,15.7642],[-88.894,15.8906],[-89.2375,15.8944],[-89.1615,17.8148],[-90.9892,17.8164],[-90.993,17.2524],[-91.4096,17.2559],[-90.9758,16.8678],[-90.7107,16.7081],[-90.6341,16.5107],[-90.417,16.391],[-90.4472,16.0727],[-91.7366,16.0702],[-92.1872,15.3209],[-92.0748,15.0742],[-92.1864,14.8184],[-92.2352,14.5454]]]}},{"type":"Feature","properties":{"code":"GU","name":"Guam"},"geometry":{"type":"Polygon","coordinates":[[[144.7418,13.2593],[144.7903,13.5269],[144.6493,13.4287],[144.7418,13.2593]]]}},{"type":"Feature","properties":{"code":"GW","name":"Guinea-Bissau"},"geometry":{"type":"Polygon","coordinates":[[[-16.7118,12.3548],[-16.4368,12.2042],[-16.1384,11.9173],[-15.9588,11.9596],[-15.8194,11.7635],[-15.4348,11.9436],[-15.5019,11.7238],[-15.413,11.6152],[-15.4795,11.4103],[-15.3931,11.2172],[-15.2167,11.1562],[-15.043,10.9401],[-14.7793,11.4055],[-14.683,11.5085],[-14.2656,11.6599],[-13.9532,11.6646],[-13.7328,11.736],[-13.738,12.0097],[-13.9489,12.1782],[-13.7079,12.3127],[-13.7292,12.6739],[-15.1961,12.6799],[-15.5748,12.4904],[-15.8396,12.4379],[-16.1442,12.4574],[-16.4163,12.3677],[-16.7118,12.3548]]]}},{"type":"Feature","properties":{"code":"GY","name":"Guyana"},"geometry":{"type":"Polygon","coordinates":[[[-60.7421,5.2021],[-60.142,5.2388],[-59.9907,5.0829],[-60.0318,4.7405],[-60.1111,4.5112],[-59.8333,4.4759],[-59.7033,4.3811],[-59.7386,4.2268],[-59.5511,3.9335],[-59.679,3.6998],[-59.8544,3.5875],[-59.8312,3.3492],[-59.9723,2.9905],[-59.9943,2.69],[-59.8896,2.3629],[-59.7552,2.2741],[-59.7562,1.9006],[-59.2312,1.376],[-58.9685,1.3046],[-58.8625,1.2036],[-58.5119,1.2847],[-58.5061,1.4387],[-58.3407,1.5875],[-58.0347,1.5203],[-57.9828,1.6484],[-57.5944,1.7041],[-57.4127,1.9089],[-57.1189,2.014],[-56.8367,1.8813],[-56.4828,1.9421],[-56.7043,2.0365],[-56.9315,2.3954],[-57.029,2.6375],[-57.2098,2.8828],[-57.3037,3.3771],[-57.5496,3.3528],[-57.8327,3.676],[-58.0322,4.002],[-58.0545,4.1719],[-57.846,4.6682],[-57.917,4.8204],[-57.7111,4.9911],[-57.331,5.0202],[-57.2073,5.2142],[-57.3186,5.3354],[-57.1948,5.5484],[-57.1902,6.0973],[-57.3437,6.2721],[-57.5401,6.3315],[-57.6076,6.4504],[-57.9826,6.7859],[-58.2984,6.8793],[-58.5829,6.8437],[-58.4806,7.0381],[-58.4773,7.3258],[-58.6266,7.5459],[-59.2002,8.0746],[-59.6661,8.3626],[-59.8365,8.3738],[-60.0175,8.5493],[-59.8316,8.306],[-60.0324,8.0536],[-60.3806,7.8276],[-60.5136,7.8132],[-60.7192,7.4987],[-60.5232,7.1437],[-60.3255,7.134],[-60.395,6.9454],[-60.7179,6.7683],[-60.8733,6.7869],[-61.1456,6.6945],[-61.2036,6.5884],[-61.1287,6.2143],[-61.3768,5.907],[-60.7421,5.2021]]]}},{"type":"Feature","properties":{"code":"HK","name":"Hong Kong"},"geometry":{"type":"Polygon","coordinates":[[[114.0154,22.5119],[114.268,22.2956],[114.266,22.541],[114.0154,22.5119]]]}},{"type":"Feature","properties":{"code":"HN","name":"Honduras"},"geometry":{"type":"Polygon","coordinates":[[[-83.1575,14.9931],[-83.3692,15.24],[-83.5511,15.294],[-83.7604,15.2204],[-83.9728,15.5196],[-84.2614,15.8226],[-84.6461,15.8836],[-84.9737,15.9899],[-85.1637,15.9182],[-85.4837,15.8995],[-85.784,16.0028],[-86.1812,15.8852],[-86.3566,15.7832],[-86.9072,15.7624],[-87.2859,15.8344],[-87.4869,15.7902],[-87.6182,15.9099],[-87.875,15.8793],[-88.1311,15.701],[-88.2283,15.729],[-88.9764,15.1427],[-89.1426,15.0723],[-89.2224,14.8661],[-89.1718,14.6069],[-89.3626,14.416],[-89.0571,14.3292],[-88.8459,14.1248],[-88.5125,13.979],[-88.4491,13.851],[-88.151,13.9874],[-87.991,13.8796],[-87.7153,13.8127],[-87.8142,13.3992],[-87.4891,13.3529],[-87.3373,12.9792],[-87.0592,12.9915],[-86.9182,13.2236],[-86.7107,13.3134],[-86.7336,13.7635],[-86.3317,13.7701],[-86.1512,13.9946],[-85.7867,13.8444],[-85.6819,13.9826],[-85.1795,14.3433],[-85.1613,14.5251],[-84.9852,14.7524],[-84.7892,14.7904],[-84.6459,14.6611],[-83.8673,14.7945],[-83.415,15.0081],[-83.1575,14.9931]]]}},{"type":"Feature","properties":{"code":"HR","name":"Croatia"},"geometry":{"type":"MultiPolygon","coordinates":[[[[13.5779,45.5169],[13.6293,45.1082],[13.9658,44.8356],[14.3861,45.3421],[14.8546,45.081],[14.8952,44.7066],[15.2698,44.3835],[15.1229,44.2568],[15.4994,43.9088],[15.9415,43.6566],[15.9855,43.5198],[16.3939,43.5434],[16.9031,43.3924],[17.5852,42.9384],[17.6248,43.0428],[17.0846,43.5166],[16.7135,43.7788],[16.2143,44.2151],[16.1303,44.4737],[15.7366,44.7658],[15.7881,45.179],[16.0283,45.1896],[16.2934,45.0088],[16.5307,45.2167],[16.9187,45.2766],[17.1254,45.1718],[17.8128,45.0781],[17.9963,45.1418],[18.6626,45.0774],[18.8364,44.8833],[19.0071,44.8692],[19.0629,45.1372],[19.3303,45.2681],[19.0047,45.3995],[19.0551,45.5272],[18.8391,45.8357],[18.9054,45.9317],[18.666,45.9075],[18.4373,45.7673],[17.9639,45.7703],[17.3106,45.9961],[16.748,46.4164],[16.5162,46.4999],[16.2274,46.3729],[15.6359,46.2007],[15.6248,45.834],[15.2771,45.7326],[15.3395,45.467],[14.7336,45.5085],[14.534,45.6453],[14.3699,45.4814],[13.8787,45.4284],[13.5779,45.5169]]],[[[14.8103,44.9771],[14.5711,45.2248],[14.4379,45.0986],[14.8103,44.9771]]],[[[14.4881,44.6601],[14.4674,44.9702],[14.3025,44.9404],[14.4881,44.6601]]],[[[18.4363,42.5597],[17.6676,42.8971],[18.5175,42.4329],[18.4363,42.5597]]]]}},{"type":"Feature","properties":{"code":"HT","name":"Haiti"},"geometry":{"type":"MultiPolygon","coordinates":[[[[-71.7792,19.7182],[-72.2198,19.7446],[-72.637,19.9009],[-73.1178,19.9038],[-73.4005,19.8074],[-73.3963,19.6587],[-73.0527,19.6107],[-72.7032,19.4411],[-72.8111,19.0716],[-72.6491,18.8941],[-72.3477,18.675],[-72.7894,18.4348],[-73.5916,18.5224],[-74.2277,18.6627],[-74.3875,18.6247],[-74.419,18.3462],[-74.0854,18.2151],[-73.885,18.0419],[-73.7473,18.1902],[-73.3852,18.2512],[-72.8767,18.1518],[-72.5036,18.2199],[-72.0599,18.2286],[-71.7683,18.0392],[-71.7619,18.3413],[-72.0004,18.5979],[-71.7432,18.7329],[-71.8071,18.987],[-71.657,19.1308],[-71.7792,19.7182]]],[[[-72.8046,18.7777],[-73.1706,18.9673],[-73.2853,18.8967],[-72.8222,18.7071],[-72.8046,18.7777]]]]}},{"type":"Feature","properties":{"code":"HU","name":"Hungary"},"geometry":{"type":"Polygon","coordinates":[[[22.1318,48.4053],[21.767,48.3381],[21.4514,48.5522],[21.0673,48.5059],[20.49,48.5269],[20.3338,48.2956],[19.8986,48.1313],[19.6254,48.2231],[19.467,48.1107],[18.9142,48.0508],[18.7242,47.7872],[17.7619,47.7702],[17.3173,47.9909],[17.1474,48.006],[17.0666,47.7076],[16.7476,47.6863],[16.623,47.4476],[16.4344,47.3674],[16.4534,47.0068],[16.0931,46.8633],[16.2836,46.8573],[16.5162,46.4999],[16.748,46.4164],[17.3106,45.9961],[17.9639,45.7703],[18.4373,45.7673],[18.666,45.9075],[18.9054,45.9317],[19.2084,45.9844],[19.5308,46.1552],[20.2418,46.1086],[20.6137,46.1335],[20.837,46.2597],[21.152,46.3043],[21.3202,46.6078],[21.7854,47.1381],[21.9997,47.505],[22.2906,47.7278],[22.6768,47.799],[22.8767,47.9473],[22.1318,48.4053]]]}},{"type":"Feature","properties":{"code":"ID","name":"Indonesia"},"geometry":{"type":"MultiPolygon","coordinates":[[[[97.4815,1.4651],[97.2442,1.4236],[97.4054,0.947],[97.6039,0.8339],[97.684,0.5961],[97.8765,0.6283],[97.9319,0.9739],[97.6983,1.1837],[97.4815,1.4651]]],[[[99.1639,-1.7779],[99.2673,-1.6277],[98.869,-0.9156],[98.6761,-0.9705],[98.6018,-1.1979],[98.8743,-1.6637],[99.1639,-1.7779]]],[[[116.6408,-8.6139],[116.7341,-8.3869],[116.647,-8.2827],[116.4016,-8.2042],[116.0611,-8.4374],[116.0765,-8.7449],[116.3772,-8.929],[116.6408,-8.6139]]],[[[115.4479,-8.1552],[115.154,-8.0657],[114.9981,-8.1744],[114.4753,-8.1194],[114.6132,-8.3783],[114.8421,-8.4285],[115.0551,-8.573],[115.2361,-8.7976],[115.3338,-8.6157],[115.7043,-8.4071],[115.4479,-8.1552]]],[[[106.0457,-1.6694],[105.9101,-1.505],[105.5854,-1.5268],[105.3731,-1.6573],[105.3748,-1.8132],[105.1334,-2.0426],[105.3429,-2.1251],[105.5527,-2.079],[105.7858,-2.1813],[105.9391,-2.4935],[105.908,-2.6433],[105.9987,-2.8249],[106.2501,-2.894],[106.5468,-3.0556],[106.6788,-2.704],[106.8185,-2.5733],[106.3659,-2.4648],[106.2088,-2.1887],[106.1617,-1.867],[106.0457,-1.6694]]],[[[123.1798,-4.5512],[123.0383,-4.3947],[122.8533,-4.6184],[122.7665,-5.2102],[122.585,-5.5446],[122.8121,-5.6713],[122.9857,-5.3936],[123.202,-5.2733],[122.9717,-5.1385],[123.0552,-4.7482],[123.1798,-4.5512]]],[[[122.6451,-5.2694],[122.6141,-5.1387],[122.7599,-4.9339],[122.702,-4.6187],[122.3689,-4.7672],[122.3963,-5.0698],[122.2831,-5.3195],[122.5639,-5.3875],[122.6451,-5.2694]]],[[[108.316,3.6896],[108.3929,3.9862],[108.202,4.2005],[108.0035,4.0426],[108.0885,3.8521],[108.316,3.6896]]],[[[108.2072,-2.9977],[108.2906,-2.83],[108.0744,-2.597],[107.8378,-2.5303],[107.6663,-2.5663],[107.5981,-2.7997],[107.6145,-3.2094],[107.9411,-3.1293],[108.0553,-3.2269],[108.2072,-2.9977]]],[[[135.383,-0.6514],[135.4316,-0.7688],[135.6457,-0.8819],[135.7471,-0.823],[135.8388,-1.1194],[136.1104,-1.2168],[136.2826,-1.0646],[135.8936,-0.7258],[135.383,-0.6514]]],[[[135.4742,-1.5918],[135.4876,-1.6684],[136.1926,-1.8592],[136.4608,-1.8904],[136.3896,-1.7216],[136.2016,-1.655],[135.4742,-1.5918]]],[[[130.8133,-0.0041],[130.2949,-0.1015],[130.2366,-0.2097],[130.6887,-0.2966],[130.7502,-0.4438],[131.0978,-0.3301],[131.2575,-0.3657],[131.2769,-0.1498],[130.8133,-0.0041]]],[[[128.4539,2.0518],[128.6232,2.2244],[128.6885,2.4737],[128.6021,2.5976],[128.3304,2.4693],[128.218,2.2975],[128.2959,2.0347],[128.4539,2.0518]]],[[[128.153,-1.6605],[128.1487,-1.6037],[127.743,-1.3603],[127.4567,-1.4537],[127.3922,-1.6448],[127.5616,-1.7285],[128.153,-1.6605]]],[[[126.0242,-1.7897],[125.5209,-1.8009],[125.4792,-1.94],[125.9564,-1.9166],[126.0242,-1.7897]]],[[[124.9695,-1.7055],[124.664,-1.6359],[124.3809,-1.6875],[124.3297,-1.8589],[124.4178,-2.0052],[124.8345,-1.8944],[125.0067,-1.9431],[125.3202,-1.8101],[124.9695,-1.7055]]],[[[131.3256,-7.9995],[131.3771,-7.8691],[131.6244,-7.6262],[131.6911,-7.4389],[131.5607,-7.1357],[131.2601,-7.4705],[131.0868,-7.865],[131.1138,-7.9974],[131.3256,-7.9995]]],[[[126.801,-7.6679],[126.6096,-7.5718],[126.2137,-7.7067],[125.9753,-7.6634],[125.8432,-7.8167],[126.4721,-7.9504],[126.5773,-7.8076],[126.801,-7.6679]]],[[[124.5756,-8.1408],[124.4307,-8.1832],[124.4442,-8.4446],[125.0968,-8.3528],[125.1246,-8.2048],[124.5756,-8.1408]]],[[[131.0019,-1.3155],[131.0739,-0.9683],[130.8972,-0.89],[130.6729,-0.9598],[130.7823,-1.2555],[131.0019,-1.3155]]],[[[96.4926,5.2293],[96.1333,5.2943],[95.8413,5.5145],[95.6289,5.6091],[95.3961,5.6288],[95.2278,5.5648],[95.2066,5.284],[95.4947,4.7614],[95.988,4.2633],[96.2301,4.0728],[96.4447,3.8163],[96.801,3.7085],[96.9689,3.5751],[97.3913,2.9753],[97.5908,2.8466],[97.7008,2.3585],[98.0051,2.2382],[98.5643,1.9021],[98.7964,1.4946],[99.1592,0.3518],[99.3346,0.2086],[99.5977,0.1024],[99.8601,-0.3138],[100.3082,-0.8267],[100.4865,-1.2991],[100.8553,-1.9342],[100.848,-2.1439],[101.1186,-2.5878],[101.3057,-2.7287],[101.5786,-3.167],[102.1275,-3.5992],[102.5377,-4.1521],[102.9189,-4.4707],[103.4057,-4.8164],[103.8314,-5.0796],[104.0668,-5.3859],[104.6016,-5.9046],[104.6396,-5.5204],[105.0813,-5.7455],[105.3494,-5.5495],[105.6186,-5.7996],[105.8161,-5.6766],[105.8872,-5.0096],[105.8865,-4.5539],[105.8314,-4.1629],[105.9277,-3.8813],[105.8438,-3.6137],[105.9015,-3.4101],[106.0584,-3.2172],[106.0443,-3.1063],[105.582,-2.492],[105.397,-2.3802],[105.0259,-2.3575],[104.7357,-2.5709],[104.6685,-2.3855],[104.8261,-2.2342],[104.8452,-2.093],[104.5687,-1.9218],[104.5159,-1.8194],[104.4469,-1.3624],[104.3605,-1.0384],[104.1985,-1.0543],[103.7211,-0.8867],[103.5327,-0.7547],[103.4312,-0.5336],[103.4285,-0.1918],[103.7867,0.047],[103.6727,0.2889],[103.4789,0.4802],[103.0665,0.492],[102.8494,0.7155],[102.4692,0.7793],[102.2391,0.9903],[102.1572,1.2589],[102.0199,1.4421],[101.7848,1.6214],[101.4767,1.6931],[101.3008,2.0118],[101.0462,2.2575],[100.8282,2.2426],[100.6853,2.1201],[100.457,2.2574],[100.1272,2.6476],[99.7323,3.1831],[99.1512,3.5812],[98.7779,3.7594],[98.6587,3.9281],[98.3073,4.0929],[98.2484,4.4146],[98.0207,4.6352],[97.9084,4.88],[97.5472,5.2059],[97.1904,5.2073],[96.8427,5.2745],[96.4926,5.2293]]],[[[122.7829,-8.6117],[122.8505,-8.3044],[122.6035,-8.4024],[122.4335,-8.6008],[122.2631,-8.6249],[121.9665,-8.4552],[121.4445,-8.5778],[121.2767,-8.4779],[120.6103,-8.2404],[120.2312,-8.2898],[119.9183,-8.4451],[119.8079,-8.6977],[119.9094,-8.8576],[120.1209,-8.777],[120.5505,-8.8019],[121.0353,-8.9354],[121.3283,-8.9169],[121.4146,-8.8148],[121.6514,-8.8987],[122.0941,-8.7447],[122.4702,-8.7255],[122.7829,-8.6117]]],[[[120.0125,-9.3747],[119.6147,-9.3524],[119.1856,-9.3845],[118.9588,-9.5193],[119.0854,-9.7069],[119.6011,-9.7735],[119.9307,-9.9665],[120.1448,-10.2001],[120.4392,-10.294],[120.698,-10.2066],[120.8326,-10.0375],[120.5037,-9.674],[120.2911,-9.6479],[120.2211,-9.5063],[120.0125,-9.3747]]],[[[118.2424,-8.3178],[118.1175,-8.1223],[117.7553,-8.1495],[117.8148,-8.3421],[118.2349,-8.5919],[117.9695,-8.728],[117.8061,-8.7111],[117.5671,-8.4264],[117.1648,-8.3672],[116.8351,-8.5324],[116.7831,-8.6646],[116.7885,-9.0063],[117.0613,-9.099],[118.1899,-8.8405],[118.3789,-8.6746],[118.4786,-8.8564],[119.0062,-8.7496],[119.0421,-8.5609],[118.9878,-8.3377],[118.4906,-8.2715],[118.2424,-8.3178]]],[[[124.8889,0.9953],[125.2338,1.5023],[125.1648,1.6437],[124.9893,1.701],[124.7877,1.4676],[124.6002,1.3924],[124.5337,1.2305],[124.2736,1.0223],[123.8467,0.8382],[123.2781,0.9281],[122.9601,0.923],[122.8925,0.85],[122.4366,1.0181],[121.8674,1.0885],[121.5918,1.068],[121.44,1.2144],[121.0817,1.3276],[120.9121,1.289],[120.7549,1.0356],[120.5166,0.8175],[120.2695,0.9708],[120.0564,0.6925],[119.8093,0.2387],[119.8656,0.0401],[119.7219,-0.0885],[119.7717,-0.4836],[119.7113,-0.6808],[119.5082,-0.9067],[119.309,-1.4082],[119.3219,-1.9297],[119.1723,-2.14],[119.0922,-2.4829],[118.7837,-2.7647],[118.8581,-2.9285],[118.8125,-3.1566],[118.8677,-3.398],[118.9946,-3.5376],[119.4198,-3.4754],[119.4937,-3.7686],[119.6236,-4.0344],[119.6117,-4.4235],[119.5195,-4.8773],[119.3604,-5.3142],[119.3762,-5.4248],[119.7173,-5.6934],[119.9516,-5.5776],[120.3116,-5.5416],[120.3909,-5.3926],[120.2793,-5.1461],[120.4201,-4.6174],[120.3625,-4.0857],[120.4366,-3.7073],[120.3924,-3.3481],[120.2541,-3.0528],[120.3414,-2.8696],[120.6536,-2.6676],[120.9901,-2.6703],[121.0521,-2.7517],[121.0543,-3.1671],[120.9069,-3.404],[120.9143,-3.5558],[121.3127,-3.9194],[121.6181,-4.0927],[121.4865,-4.5811],[121.5887,-4.7596],[121.917,-4.8479],[122.0732,-4.7917],[122.0542,-4.6201],[122.2071,-4.4964],[122.8974,-4.3491],[122.8773,-4.1091],[122.6896,-4.0845],[122.61,-3.9234],[122.2529,-3.6204],[122.3173,-3.2751],[122.399,-3.2009],[122.2917,-2.9076],[122.0826,-2.7495],[121.8482,-2.3315],[121.3488,-1.946],[121.7188,-1.8628],[121.8586,-1.6933],[122.1576,-1.5939],[122.5066,-1.3479],[122.8074,-0.966],[123.0494,-0.8724],[123.2258,-1.0018],[123.3779,-1.0041],[123.4342,-0.7782],[123.3797,-0.6485],[123.1715,-0.5707],[122.8295,-0.6589],[122.8888,-0.7552],[122.28,-0.757],[121.9696,-0.9333],[121.5193,-0.8556],[121.0337,-1.4065],[120.6674,-1.3701],[120.5176,-1.0395],[120.2698,-0.8992],[120.0975,-0.6499],[120.0133,-0.1962],[120.1273,0.1666],[120.349,0.4492],[120.7004,0.5147],[121.013,0.4417],[121.4258,0.4948],[121.842,0.4366],[122.2808,0.4811],[123.0825,0.4858],[123.2654,0.3266],[123.7538,0.3055],[124.2168,0.3804],[124.4275,0.4706],[124.6981,0.8256],[124.8889,0.9953]]],[[[107.3739,-6.0076],[107.0463,-5.9042],[106.8252,-6.0982],[106.6759,-6.0384],[106.1658,-5.9647],[106.075,-5.9142],[105.8683,-6.1164],[105.7869,-6.4569],[105.6551,-6.4695],[105.4837,-6.7815],[105.9443,-6.859],[106.5197,-7.0537],[106.4169,-7.2394],[106.4553,-7.3687],[106.6314,-7.4155],[107.285,-7.4717],[107.5469,-7.5419],[107.9175,-7.7241],[108.4518,-7.797],[108.7412,-7.6671],[109.2816,-7.7049],[110.0387,-7.8905],[110.6072,-8.1494],[111.51,-8.3051],[112.1151,-8.3239],[112.6788,-8.4092],[113.2533,-8.2867],[113.6926,-8.478],[114.5838,-8.7696],[114.3869,-8.4052],[114.4442,-7.8956],[114.3827,-7.7711],[114.0707,-7.633],[113.7475,-7.703],[113.2484,-7.7182],[112.7945,-7.5524],[112.7943,-7.3045],[112.6487,-7.2213],[112.5393,-6.9265],[112.0873,-6.8934],[111.9898,-6.806],[111.7376,-6.7734],[111.5403,-6.6482],[111.1544,-6.669],[110.9723,-6.4356],[110.7369,-6.4724],[110.5836,-6.8057],[110.4263,-6.9473],[110.1984,-6.8951],[109.821,-6.9024],[109.5006,-6.8102],[109.2942,-6.867],[108.6778,-6.7905],[108.5159,-6.4712],[108.295,-6.265],[108.1376,-6.2967],[107.6668,-6.2158],[107.3739,-6.0076]]],[[[109.6289,2.0275],[109.3785,1.9227],[109.2731,1.7055],[109.0759,1.4959],[108.9586,1.1346],[108.9059,0.7939],[108.9445,0.3557],[109.2575,0.0312],[109.1218,-0.265],[109.1605,-0.4949],[109.3728,-0.6382],[109.4538,-0.8688],[109.7874,-1.0113],[109.9381,-1.1812],[110.0192,-1.3988],[109.9599,-1.8628],[110.075,-1.9464],[110.2243,-2.6887],[110.2326,-2.9251],[110.574,-2.8914],[110.7031,-3.0209],[111.0443,-3.0558],[111.3676,-2.9337],[111.823,-3.0572],[111.8221,-3.5325],[111.9549,-3.5297],[112.285,-3.321],[112.6003,-3.4005],[112.9715,-3.1871],[113.034,-2.9335],[113.3432,-3.2465],[113.526,-3.1841],[113.6336,-3.4199],[113.7958,-3.4562],[114.0822,-3.2789],[114.5361,-3.4944],[114.606,-3.7033],[114.6253,-4.1117],[114.6936,-4.1697],[115.9562,-3.595],[116.1671,-3.183],[116.1723,-3.0253],[116.3307,-2.9021],[116.3755,-2.578],[116.5293,-2.5105],[116.5654,-2.2997],[116.4235,-2.0525],[116.4243,-1.7849],[116.5545,-1.4739],[116.771,-1.2666],[117.0032,-1.1877],[117.2407,-0.9257],[117.5625,-0.7709],[117.4629,-0.3237],[117.5222,0.2359],[117.7451,0.7296],[117.923,0.8313],[118.0163,1.0392],[118.1961,0.8744],[118.5348,0.8135],[118.8924,0.8869],[118.985,0.9821],[118.639,1.319],[118.0804,1.7019],[117.8646,1.9684],[118.0666,2.3178],[117.7859,2.7468],[117.6389,2.8253],[117.6106,3.0644],[117.3524,3.1938],[117.3847,3.3654],[117.1664,3.592],[117.6299,3.6363],[117.7282,3.7967],[117.4653,4.0761],[117.5744,4.1706],[117.1006,4.3371],[116.5147,4.3708],[116.4146,4.3082],[115.8962,4.3487],[115.6788,4.193],[115.5685,3.9388],[115.5661,3.4458],[115.4544,3.0343],[115.247,3.0259],[115.0863,2.8411],[115.0808,2.6342],[115.1791,2.5232],[114.7864,2.2505],[114.8306,1.98],[114.7035,1.8508],[114.5459,1.4671],[114.3871,1.5],[113.9023,1.4343],[113.6223,1.2359],[113.0065,1.4339],[112.943,1.567],[112.4762,1.5591],[112.1857,1.4391],[112.0785,1.1434],[111.7697,0.9995],[111.2867,1.0432],[110.9381,1.0173],[110.5058,0.862],[110.3152,0.996],[109.654,1.6149],[109.539,1.8962],[109.6289,2.0275]]],[[[127.7327,0.8481],[127.6528,1.0139],[127.8854,1.1628],[128.0117,1.3317],[128.0109,1.7012],[127.8868,1.833],[127.8999,2.1374],[127.6317,1.8437],[127.5371,1.4675],[127.4203,1.252],[127.5204,0.924],[127.5554,0.4896],[127.7087,0.2881],[127.6916,-0.2419],[127.889,-0.4235],[128.0464,-0.7061],[128.2535,-0.7316],[127.9778,-0.2483],[127.889,0.0495],[127.8874,0.2983],[127.9831,0.4719],[128.6916,0.3604],[128.6112,0.55],[128.2606,0.7338],[128.2988,0.8768],[128.7026,1.1064],[128.6884,1.5726],[128.4241,1.5175],[128.1574,1.3166],[128.1607,1.1578],[127.9673,1.0426],[127.8811,0.8321],[127.7327,0.8481]]],[[[129.7547,-2.8658],[129.4273,-2.7907],[129.1163,-2.937],[129.0577,-2.8385],[128.1985,-2.8659],[128.0821,-3.1841],[128.28,-3.2405],[128.4192,-3.416],[128.639,-3.4334],[128.8625,-3.235],[128.9675,-3.3261],[129.4677,-3.4532],[129.5117,-3.3285],[129.8441,-3.3271],[130.0195,-3.4747],[130.8051,-3.8577],[130.86,-3.5703],[130.6711,-3.3915],[130.5699,-3.1309],[130.3791,-2.9894],[129.9844,-2.9767],[129.7547,-2.8658]]],[[[126.8611,-3.0879],[126.5551,-3.0652],[126.0265,-3.1705],[126.0565,-3.421],[126.2146,-3.6052],[126.6863,-3.8236],[127.2296,-3.633],[127.2273,-3.391],[127.0255,-3.166],[126.8611,-3.0879]]],[[[124.9223,-8.9425],[124.4444,-9.1903],[124.2823,-9.4279],[124.0363,-9.3416],[123.7094,-9.6148],[123.5893,-9.9668],[123.7164,-10.0786],[123.6441,-10.3109],[123.8576,-10.3436],[124.176,-10.1833],[124.4275,-10.1486],[124.9631,-9.6656],[125.0682,-9.5119],[124.9683,-9.2942],[124.9223,-8.9425]]],[[[134.747,-5.707],[134.6165,-5.4386],[134.3413,-5.7129],[134.302,-6.0098],[134.1549,-6.0629],[134.4411,-6.3349],[134.6376,-6.3653],[134.7559,-6.1706],[134.7122,-5.9497],[134.747,-5.707]]],[[[134.5368,-6.4423],[134.1681,-6.1763],[134.0592,-6.7693],[134.2,-6.9088],[134.356,-6.8148],[134.5368,-6.4423]]],[[[138.5354,-8.2736],[138.7859,-8.0591],[138.9891,-7.6961],[138.7698,-7.3904],[138.2955,-7.4385],[138.0075,-7.6416],[137.6852,-8.2622],[137.8719,-8.3797],[138.2963,-8.4052],[138.5354,-8.2736]]],[[[140.9734,-2.6098],[140.7475,-2.6071],[140.6226,-2.4458],[140.251,-2.412],[140.1546,-2.35],[139.7896,-2.3482],[138.6498,-1.7911],[138.1109,-1.6159],[137.8063,-1.4832],[137.1234,-1.8409],[137.1711,-2.0255],[136.8433,-2.1977],[136.3899,-2.2733],[136.2433,-2.5831],[136.013,-2.7343],[135.8592,-2.9953],[135.4866,-3.3451],[135.0374,-3.3331],[134.7021,-2.9336],[134.6274,-2.5367],[134.4833,-2.583],[134.46,-2.8323],[134.1557,-2.1952],[134.1059,-1.721],[134.2596,-1.363],[134.072,-1.0019],[134.1115,-0.8468],[133.9745,-0.7443],[133.4727,-0.7262],[133.0771,-0.5118],[132.6251,-0.3589],[132.3938,-0.3555],[132.1284,-0.4541],[131.8043,-0.7038],[131.2572,-0.8555],[131.1178,-1.4553],[131.2937,-1.3935],[131.7314,-1.5412],[131.9304,-1.5597],[132.0234,-1.9903],[132.3076,-2.2423],[132.5026,-2.2185],[132.9628,-2.2726],[133.2249,-2.2145],[133.4878,-2.2256],[133.9216,-2.1021],[133.9049,-2.3909],[133.6087,-2.5472],[133.191,-2.4378],[133.0338,-2.4874],[132.725,-2.7891],[132.2307,-2.6804],[131.9712,-2.7886],[132.0539,-2.9146],[132.3482,-2.9751],[132.7514,-3.2946],[132.8697,-3.551],[132.7539,-3.7036],[132.8371,-3.9489],[132.9686,-4.0949],[133.2487,-4.0623],[133.4009,-3.899],[133.4151,-3.7321],[133.6531,-3.3644],[133.723,-3.5779],[133.9738,-3.818],[134.1471,-3.7968],[134.2662,-3.9458],[134.391,-3.91],[134.6797,-4.0791],[134.7542,-4.1954],[135.1956,-4.4507],[135.4502,-4.4431],[135.9797,-4.5309],[136.6188,-4.8187],[137.0893,-4.9244],[137.7591,-5.2562],[138.0608,-5.4652],[138.0871,-5.7092],[138.2521,-5.6882],[138.2963,-5.949],[138.4387,-6.3434],[138.8646,-6.8584],[138.6014,-6.9365],[138.7479,-7.2515],[139.088,-7.5872],[138.8562,-8.1451],[138.9335,-8.2624],[139.193,-8.0861],[139.3856,-8.1891],[139.9348,-8.1012],[140.1017,-8.3006],[140.4897,-8.6204],[140.6615,-8.8468],[140.9762,-9.1188],[140.9756,-7.8857],[140.9752,-6.9054],[140.8623,-6.74],[140.975,-6.3461],[140.9746,-5.243],[140.9742,-4.2265],[140.9734,-2.6098]]],[[[138.8951,-8.3887],[138.7962,-8.1736],[138.5942,-8.3715],[138.8951,-8.3887]]],[[[101.7081,2.0784],[101.4097,2.0217],[101.4678,1.7594],[101.6027,1.7157],[101.7735,1.9435],[101.7081,2.0784]]],[[[102.4271,0.9901],[102.4429,1.2342],[102.2286,1.3479],[102.3253,1.007],[102.4271,0.9901]]],[[[102.4919,1.4592],[102.0422,1.6254],[102.0787,1.4986],[102.4919,1.4592]]],[[[103.0275,0.7466],[103.0024,0.8593],[102.5492,1.1302],[102.4539,0.8895],[102.5416,0.8316],[103.0275,0.7466]]],[[[104.5854,1.2161],[104.3618,1.1815],[104.252,1.0149],[104.5752,0.8319],[104.6528,0.961],[104.5854,1.2161]]],[[[104.7786,-0.176],[104.5427,0.0177],[104.4471,-0.1892],[104.5666,-0.2456],[104.7786,-0.176]]],[[[104.4742,-0.3347],[104.2571,-0.4633],[104.4854,-0.6129],[104.5901,-0.4666],[104.4742,-0.3347]]],[[[109.7103,-1.1807],[109.7434,-1.0394],[109.476,-0.9854],[109.4281,-1.2412],[109.7103,-1.1807]]],[[[113.8445,-7.1054],[114.083,-6.9894],[113.9747,-6.873],[113.0674,-6.88],[112.8681,-6.8999],[112.7638,-7.1396],[113.0404,-7.2118],[113.4707,-7.2185],[113.6559,-7.1117],[113.8445,-7.1054]]],[[[127.567,-0.3189],[127.3,-0.5003],[127.4687,-0.643],[127.6824,-0.4684],[127.567,-0.3189]]],[[[128.2756,-3.6746],[128.2644,-3.5123],[128.0162,-3.6009],[128.1432,-3.7327],[128.2756,-3.6746]]],[[[129.8389,-7.9546],[129.813,-7.8197],[129.609,-7.8034],[129.7135,-8.0407],[129.8389,-7.9546]]],[[[130.3533,-1.6905],[129.9937,-1.7589],[129.7377,-1.8669],[129.8865,-1.9864],[130.248,-2.0478],[130.4188,-1.9713],[130.3533,-1.6905]]],[[[100.4251,-3.1829],[100.4546,-3.002],[100.2456,-2.7832],[100.2043,-2.9868],[100.4251,-3.1829]]],[[[99.8431,-2.3431],[99.6864,-2.0634],[99.607,-2.2575],[99.8431,-2.3431]]],[[[98.4593,-0.5305],[98.5441,-0.2576],[98.4271,-0.2265],[98.3097,-0.5318],[98.4593,-0.5305]]],[[[96.4637,2.36],[96.4173,2.5152],[95.8063,2.916],[95.7172,2.826],[95.8086,2.6556],[96.022,2.5958],[96.4637,2.36]]],[[[122.043,-5.438],[122.0618,-5.2213],[121.9657,-5.0756],[121.8085,-5.2562],[122.043,-5.438]]],[[[123.2123,-1.1713],[122.908,-1.1822],[122.8108,-1.4321],[122.8904,-1.5872],[123.1504,-1.3045],[123.367,-1.5071],[123.5473,-1.3374],[123.2123,-1.1713]]],[[[116.3033,-3.8682],[116.2621,-3.3948],[116.1174,-3.3396],[116.0184,-3.6999],[116.0934,-4.0541],[116.3033,-3.8682]]],[[[122.9489,-10.9093],[123.2148,-10.8062],[123.4182,-10.6513],[123.3711,-10.4749],[123.0614,-10.6984],[122.8457,-10.7618],[122.9489,-10.9093]]],[[[124.2866,-8.3295],[123.9715,-8.3541],[124.0657,-8.5517],[124.2866,-8.3295]]],[[[123.9248,-8.2725],[123.776,-8.1904],[123.53,-8.2652],[123.325,-8.4391],[123.4107,-8.5866],[123.9248,-8.2725]]],[[[123.2424,-4.113],[123.0249,-3.981],[122.9947,-4.148],[123.1445,-4.2333],[123.2424,-4.113]]],[[[117.649,4.169],[117.7368,4.004],[117.8848,4.1861],[117.649,4.169]]]]}},{"type":"Feature","properties":{"code":"IE","name":"Ireland"},"geometry":{"type":"Polygon","coordinates":[[[-7.2187,55.092],[-6.9617,55.2379],[-7.2467,55.353],[-7.8032,55.2],[-8.2746,55.1463],[-8.3773,54.8895],[-8.7639,54.6812],[-8.2304,54.5073],[-8.6231,54.3469],[-8.588,54.2311],[-9.3155,54.2986],[-9.9959,54.276],[-9.8563,54.0043],[-9.8783,53.5904],[-9.7954,53.395],[-9.2992,53.0976],[-9.5863,52.5592],[-9.9061,52.4037],[-9.9558,52.1367],[-10.3787,51.8687],[-10.3411,51.7989],[-9.8029,51.7801],[-9.5798,51.6893],[-9.8354,51.4833],[-9.2965,51.4982],[-8.8134,51.5849],[-7.6646,51.9797],[-7.5273,52.0989],[-6.7822,52.2105],[-6.5611,52.1888],[-6.2172,52.5431],[-6.0274,52.9271],[-6.1418,53.5775],[-6.3452,53.9872],[-6.218,54.0887],[-6.6498,54.0586],[-6.9361,54.3743],[-7.3552,54.1212],[-7.8549,54.2153],[-8.1183,54.4143],[-7.8861,54.6661],[-7.5504,54.768],[-7.2187,55.092]]]}},{"type":"Feature","properties":{"code":"IL","name":"Israel"},"geometry":{"type":"Polygon","coordinates":[[[35.8407,33.4157],[35.5325,33.2505],[35.4112,33.0757],[35.1086,33.0837],[34.6784,31.8957],[34.4773,31.5849],[34.5256,31.5256],[34.2453,31.2083],[34.6586,30.1915],[34.9043,29.4773],[34.9734,29.555],[35.1416,30.1417],[35.174,30.5239],[35.4393,31.1324],[35.4506,31.4793],[35.1012,31.3662],[34.8728,31.3969],[34.951,31.6023],[35.198,31.7763],[34.9897,31.9133],[34.956,32.1609],[35.065,32.4604],[35.1933,32.5344],[35.5515,32.3955],[35.5729,32.6409],[35.7873,32.7349],[35.888,32.9444],[35.8161,33.3619],[35.8407,33.4157]]]}},{"type":"Feature","properties":{"code":"IN","name":"India"},"geometry":{"type":"MultiPolygon","coordinates":[[[[68.165,23.8573],[68.235,23.597],[68.4175,23.5715],[68.6407,23.1899],[68.8171,23.0537],[69.2359,22.8485],[69.6646,22.7591],[70.2512,22.9709],[70.3277,22.8158],[70.1772,22.5728],[69.5492,22.4084],[69.2766,22.2855],[69.1313,22.4163],[68.9835,22.3854],[69.0088,22.1968],[69.1917,21.9915],[69.7484,21.5057],[70.1273,21.0947],[70.4851,20.8402],[70.7193,20.7404],[71.0246,20.7389],[71.3965,20.8698],[72.0152,21.1557],[72.254,21.531],[72.2566,21.6612],[72.0372,21.823],[72.2443,22.0276],[72.3326,22.2702],[72.5901,22.2781],[72.5223,21.9762],[72.5431,21.6966],[72.8397,21.6873],[72.6133,21.4618],[72.6924,21.1776],[72.8139,21.1172],[72.8812,20.5632],[72.709,20.078],[72.6678,19.831],[72.8116,19.2989],[72.8347,18.9756],[73.0056,19.0211],[72.8709,18.6831],[72.9939,18.0977],[73.1561,17.6219],[73.2392,17.1985],[73.3376,16.4599],[73.4761,16.0542],[73.7718,15.573],[73.9319,15.397],[73.9492,15.0748],[74.3822,14.4947],[74.4985,14.0463],[74.6709,13.6676],[74.7705,13.0773],[74.9455,12.5646],[75.1967,12.0575],[75.5245,11.7031],[75.7238,11.3618],[75.9226,10.7841],[76.3465,9.9221],[76.4588,9.5362],[76.3246,9.4521],[76.5534,8.9028],[76.9669,8.4073],[77.3015,8.1453],[77.5176,8.0783],[77.7703,8.1898],[78.0602,8.3846],[78.1925,8.8909],[78.4215,9.105],[78.9796,9.2686],[78.9191,9.4529],[78.9963,9.6831],[79.2578,10.0352],[79.2536,10.1748],[79.3905,10.306],[79.8382,10.3226],[79.8486,11.1969],[79.7541,11.5753],[79.8585,11.9888],[80.1431,12.452],[80.2291,12.6903],[80.3424,13.3613],[80.0621,13.6062],[80.2441,13.7735],[80.1117,14.2122],[80.1654,14.5778],[80.0534,15.074],[80.1011,15.3236],[80.2935,15.7107],[80.6466,15.895],[80.9787,15.7583],[81.1321,15.9618],[81.2386,16.264],[81.4019,16.3652],[81.7619,16.3295],[82.2588,16.5599],[82.3598,16.7828],[82.2819,16.9361],[82.3596,17.0962],[82.5932,17.2739],[83.1983,17.609],[83.6543,18.0699],[84.1041,18.2927],[84.4628,18.6897],[84.771,19.1254],[85.2256,19.5083],[85.4416,19.6266],[85.2486,19.7577],[85.46,19.8959],[85.575,19.6929],[86.2795,19.9194],[86.4987,20.1716],[86.7504,20.3132],[86.7625,20.4191],[86.9755,20.7001],[86.8423,21.1063],[86.8596,21.2367],[87.1007,21.5008],[87.6782,21.6535],[87.9484,21.8254],[88.2537,21.6223],[88.5847,21.6597],[89.0517,21.6541],[89.0515,22.0932],[89.05,22.2746],[88.9207,22.632],[88.8506,23.0405],[88.9281,23.1866],[88.7244,23.255],[88.7408,23.4366],[88.5674,23.6744],[88.6998,24.0025],[88.7336,24.2309],[88.6423,24.326],[88.1455,24.4858],[88.0234,24.6278],[88.1498,24.9146],[88.3134,24.8818],[88.4562,25.1884],[88.8901,25.1944],[88.7691,25.4905],[88.4523,25.5744],[88.0846,25.8882],[88.1508,26.0872],[88.4404,26.3695],[89.1083,26.2022],[89.2893,26.0376],[89.5499,26.0053],[89.7099,26.1712],[89.8229,25.9414],[89.8141,25.3054],[90.4394,25.1577],[91.2932,25.178],[91.4797,25.1421],[92.0497,25.1695],[92.4684,24.9441],[92.2513,24.8951],[92.0642,24.3744],[91.877,24.1953],[91.3671,24.0935],[91.232,23.9205],[91.1604,23.6606],[91.3152,23.1044],[91.6195,22.9797],[91.7738,23.1061],[91.7542,23.2873],[91.9379,23.5047],[91.9296,23.686],[92.2461,23.6836],[92.3342,23.3238],[92.3616,22.929],[92.4914,22.6854],[92.5749,21.9781],[92.689,22.131],[92.9646,22.0038],[93.162,22.3602],[93.0787,22.7182],[93.1625,22.908],[93.366,23.1325],[93.4149,23.6821],[93.3073,24.0219],[93.6834,24.0065],[94.1276,23.8765],[94.2931,24.3219],[94.5841,24.7672],[94.7076,25.0487],[94.5544,25.2435],[94.6229,25.41],[94.992,25.7705],[95.1324,26.0413],[95.0598,26.474],[95.1287,26.5973],[95.4639,26.7561],[95.9053,27.0466],[96.0614,27.2171],[96.6657,27.3393],[96.8803,27.1778],[97.1037,27.1633],[96.902,27.4396],[96.8997,27.6438],[97.3352,27.9377],[97.3225,28.218],[97.0754,28.3689],[96.7758,28.367],[96.6026,28.4599],[96.2789,28.4282],[96.5809,28.7637],[96.4357,29.0507],[96.1622,28.9097],[96.1224,29.0821],[96.235,29.2458],[96.0354,29.4472],[95.5158,29.2063],[95.4202,29.0543],[94.7694,29.1759],[94.623,29.3124],[94.2933,29.1446],[93.9022,28.8032],[93.6649,28.6902],[93.2065,28.5908],[93.1192,28.4023],[92.7019,28.1471],[92.6644,27.9489],[92.4148,27.8246],[92.1013,27.8076],[91.9776,27.7304],[91.6319,27.76],[91.5947,27.5577],[91.7431,27.4425],[91.9908,27.4502],[92.0834,27.2906],[91.9923,27.0999],[91.9983,26.855],[91.6716,26.802],[91.4268,26.8671],[91.2865,26.7899],[90.7396,26.7717],[90.3459,26.8903],[90.1229,26.7546],[89.7639,26.7016],[89.3321,26.8486],[89.1482,26.8162],[88.8576,26.9615],[88.7388,27.1756],[88.8914,27.3161],[88.749,27.5219],[88.8488,27.8687],[88.6211,28.0918],[88.109,27.933],[88.1098,27.8706],[88.147,27.7492],[88.0241,27.4089],[87.9844,27.1339],[88.1615,26.7248],[88.0549,26.43],[87.2874,26.3603],[87.0164,26.5554],[86.7014,26.4351],[86.3661,26.5744],[86.0073,26.6494],[85.7373,26.6397],[85.5685,26.8398],[85.293,26.741],[84.6854,27.041],[84.6102,27.2987],[84.091,27.4914],[83.8288,27.3778],[83.4472,27.4653],[83.2897,27.371],[82.7334,27.519],[82.6773,27.6734],[82.4514,27.6718],[81.9877,27.9138],[81.8526,27.8671],[81.3108,28.1764],[81.1689,28.335],[80.587,28.6496],[80.4186,28.612],[80.0707,28.8302],[80.1305,29.1004],[80.233,29.1946],[80.2549,29.4233],[80.4019,29.7303],[80.549,29.8998],[80.9076,30.1719],[81.0103,30.1645],[80.6821,30.4148],[80.1912,30.5684],[80.1943,30.7592],[79.7946,30.9683],[79.5654,30.9491],[79.3388,31.1057],[79.1071,31.4026],[78.7916,31.2937],[78.7268,31.4718],[78.8029,31.6181],[78.6935,31.7404],[78.7354,31.958],[78.4959,32.2158],[78.3896,32.5199],[78.7009,32.597],[78.9189,32.3582],[79.2193,32.5011],[79.2022,32.946],[79.1125,33.2263],[78.8019,33.4997],[78.753,34.0877],[78.9706,34.2282],[78.9364,34.352],[78.6708,34.5182],[78.282,34.6539],[78.0122,35.251],[78.0475,35.4494],[77.7994,35.4959],[77.0486,35.1099],[77.0009,34.992],[76.5944,34.7358],[76.041,34.6699],[75.7092,34.5031],[75.1875,34.639],[74.9519,34.6458],[74.3004,34.7654],[73.9612,34.6535],[73.81,34.3253],[73.9795,34.1913],[73.9499,34.0188],[74.2465,33.9902],[74.001,33.7882],[74.15,33.507],[73.9942,33.2422],[74.3036,32.9918],[74.3546,32.7687],[74.6633,32.7577],[74.6578,32.5189],[74.9873,32.4622],[75.3335,32.2792],[75.2541,32.1403],[74.7395,31.9488],[74.51,31.7129],[74.5939,31.4654],[74.5177,31.1856],[74.6328,31.0347],[74.2156,30.769],[73.8993,30.4354],[73.9334,30.2221],[73.8092,30.0934],[73.3816,29.9344],[73.2312,29.5506],[72.9033,29.0288],[72.3419,28.7519],[72.1792,28.4218],[71.948,28.1773],[71.8703,27.9625],[71.543,27.8699],[71.1848,27.8316],[70.8749,27.7145],[70.7374,27.729],[70.6291,27.9375],[70.4037,28.025],[70.1445,27.849],[69.8963,27.4736],[69.568,27.1746],[69.47,26.8044],[69.7359,26.6271],[70.0594,26.5788],[70.1568,26.4714],[70.0777,26.072],[70.1002,25.9101],[70.2646,25.7065],[70.6484,25.6669],[70.6521,25.4229],[70.8777,25.063],[71.0479,24.6877],[71.044,24.4001],[70.7163,24.238],[70.5468,24.4183],[70.0982,24.2875],[70.0211,24.1916],[69.7162,24.1726],[69.5592,24.2731],[68.7281,24.2656],[68.7241,23.9647],[68.2825,23.928],[68.165,23.8573]]],[[[93.89,6.8311],[93.9296,6.9735],[93.859,7.2068],[93.6842,7.1836],[93.7093,7.0007],[93.89,6.8311]]],[[[92.7228,11.5361],[92.7976,11.8747],[92.7477,11.9928],[92.8795,12.2279],[92.8637,12.436],[92.9902,12.5385],[92.965,12.8505],[92.8862,12.9423],[93.0738,13.2521],[93.0623,13.5455],[92.8573,13.3581],[92.807,12.8789],[92.74,12.7796],[92.6947,12.2147],[92.5339,11.8734],[92.7228,11.5361]]]]}},{"type":"Feature","properties":{"code":"IQ","name":"Iraq"},"geometry":{"type":"Polygon","coordinates":[[[42.359,37.1086],[42.3501,37.0606],[41.7886,36.5972],[41.4168,36.5146],[41.296,36.3833],[41.2456,36.0734],[41.3541,35.6404],[41.2164,35.2882],[41.1947,34.769],[40.987,34.4291],[40.6895,34.332],[39.5645,33.7684],[38.7735,33.3722],[39.0578,32.4932],[39.0414,32.3057],[39.1454,32.1245],[40.3693,31.939],[42.0744,31.0804],[42.8577,30.4952],[44.0996,29.6193],[44.6908,29.2023],[46.3564,29.0637],[46.5314,29.0962],[46.9059,29.5375],[47.1144,29.9613],[47.3313,30.0797],[47.6728,30.0956],[47.9787,29.9828],[48.1417,30.0409],[48.5465,29.9624],[48.3311,30.2854],[48.0149,30.4656],[48.0106,30.9898],[47.6795,31.0024],[47.6795,31.4006],[47.83,31.7944],[47.5119,32.1508],[47.3713,32.4237],[47.1214,32.4666],[46.3771,32.9292],[46.1128,32.9577],[46.1459,33.2296],[45.8794,33.6098],[45.7383,33.6028],[45.3971,33.9708],[45.5286,34.1525],[45.4376,34.4151],[45.6375,34.5738],[45.6781,34.7984],[45.9209,35.0285],[46.1338,35.1276],[46.1121,35.3217],[45.9711,35.5242],[46.1675,35.8206],[45.7234,35.8367],[45.3616,36.0153],[45.2411,36.356],[45.0311,36.5261],[44.7651,37.1424],[44.606,37.176],[44.2818,36.978],[44.2084,37.2026],[44.0132,37.3135],[43.8364,37.2235],[43.5158,37.2445],[43.0925,37.3674],[42.7746,37.3719],[42.359,37.1086]]]}},{"type":"Feature","properties":{"code":"IR","name":"Iran"},"geometry":{"type":"MultiPolygon","coordinates":[[[[56.188,26.9211],[56.0741,26.9833],[55.7626,26.812],[55.9543,26.7011],[56.188,26.9211]]],[[[53.9142,37.3436],[54.0172,36.9525],[53.3741,36.8687],[52.1901,36.6217],[51.762,36.6145],[51.1186,36.7426],[50.5332,37.0137],[50.3379,37.1492],[50.1305,37.4071],[49.4701,37.4967],[49.081,37.6676],[48.96,37.8901],[48.8687,38.4355],[48.5927,38.4111],[48.4174,38.5862],[48.0232,38.819],[48.242,38.979],[48.136,39.3124],[48.3222,39.3991],[47.9959,39.6839],[47.7729,39.6486],[46.8525,39.1484],[46.4906,38.9067],[46.1145,38.8778],[45.4797,39.0063],[45.1412,39.2543],[44.8172,39.6504],[44.5871,39.7686],[44.456,39.6667],[44.3894,39.4221],[44.0232,39.3774],[44.178,39.1448],[44.1445,38.9944],[44.2717,38.836],[44.2908,38.4201],[44.4309,38.3568],[44.2113,37.9081],[44.5612,37.7446],[44.574,37.4354],[44.7941,37.2904],[44.7651,37.1424],[45.0311,36.5261],[45.2411,36.356],[45.3616,36.0153],[45.7234,35.8367],[46.1675,35.8206],[45.9711,35.5242],[46.1121,35.3217],[46.1338,35.1276],[45.9209,35.0285],[45.6781,34.7984],[45.6375,34.5738],[45.4376,34.4151],[45.5286,34.1525],[45.3971,33.9708],[45.7383,33.6028],[45.8794,33.6098],[46.1459,33.2296],[46.1128,32.9577],[46.3771,32.9292],[47.1214,32.4666],[47.3713,32.4237],[47.5119,32.1508],[47.83,31.7944],[47.6795,31.4006],[47.6795,31.0024],[48.0106,30.9898],[48.0149,30.4656],[48.3311,30.2854],[48.5465,29.9624],[48.9191,30.1209],[48.9168,30.3973],[49.5549,30.029],[49.9831,30.2094],[50.1689,29.9212],[50.6496,29.4201],[50.6752,29.1466],[50.8758,29.0627],[50.867,28.8702],[51.062,28.7261],[51.0938,28.5121],[51.2789,28.1313],[51.6663,27.845],[52.0308,27.8244],[52.4759,27.6165],[52.6916,27.3234],[52.9825,27.1419],[53.455,26.9433],[53.7058,26.7256],[54.2471,26.6966],[54.6449,26.5089],[54.8958,26.5567],[55.2941,26.7859],[55.424,26.7706],[55.6503,26.9775],[55.9411,27.0376],[56.3562,27.2002],[56.8129,27.09],[56.9822,26.9055],[57.072,26.6801],[57.1043,26.3714],[57.3346,25.7916],[57.7325,25.7249],[57.7961,25.653],[58.3143,25.5809],[58.7979,25.5546],[59.0461,25.4173],[59.4561,25.4815],[59.616,25.4033],[60.0247,25.3841],[60.4002,25.3116],[60.5105,25.4371],[60.6639,25.2822],[61.4122,25.1021],[61.5879,25.2023],[61.6687,25.769],[61.7544,25.8434],[61.8698,26.2424],[62.2394,26.357],[62.4393,26.561],[62.7866,26.6439],[63.1681,26.6656],[63.2504,26.8792],[63.1668,27.2525],[62.763,27.2502],[62.812,27.497],[62.7397,28.0021],[62.7625,28.2021],[62.5646,28.2352],[62.353,28.4147],[61.8898,28.5465],[61.623,28.7916],[61.3379,29.265],[61.3184,29.3726],[60.8434,29.8587],[61.7842,30.8319],[61.8143,31.0726],[61.6602,31.3824],[60.8541,31.4833],[60.7916,31.6606],[60.8293,32.2494],[60.5766,32.9949],[60.5605,33.1378],[60.917,33.5052],[60.5108,33.6389],[60.4857,34.0948],[60.7263,34.5183],[60.9512,34.6539],[61.0801,34.8556],[61.262,35.6196],[61.2521,35.8676],[61.1196,36.6426],[60.3413,36.6376],[60.0628,36.9629],[59.5622,37.1789],[59.2408,37.5208],[58.8154,37.6835],[58.4357,37.6385],[57.7105,37.9053],[57.4238,37.9477],[57.1936,38.2164],[56.4406,38.2494],[56.2288,38.0734],[55.5784,38.0998],[55.0756,37.9025],[54.8486,37.7227],[54.7452,37.5019],[54.1916,37.3325],[53.9142,37.3436]]]]}},{"type":"Feature","properties":{"code":"IS","name":"Iceland"},"geometry":{"type":"Polygon","coordinates":[[[-15.5431,66.2285],[-15.9854,66.5146],[-16.5407,66.4467],[-16.4281,66.2784],[-16.7484,66.1316],[-17.153,66.2028],[-17.5822,65.9714],[-17.907,66.1433],[-18.7775,66.1688],[-19.383,66.0757],[-19.5936,65.7791],[-20.0261,66.0493],[-20.3566,66.0333],[-20.3566,65.719],[-20.7397,65.6583],[-21.23,65.4206],[-21.4663,65.6352],[-21.3035,65.8765],[-21.6253,66.0897],[-22.4261,66.4301],[-22.972,66.3242],[-22.6216,66.0],[-23.5279,66.1644],[-23.7372,66.0694],[-23.9091,65.7656],[-24.224,65.4872],[-23.8999,65.4076],[-22.9025,65.5805],[-22.0058,65.4935],[-21.907,65.3997],[-22.4734,65.2269],[-21.8921,65.0488],[-22.684,65.0264],[-24.0262,64.8634],[-23.8786,64.7506],[-23.347,64.8244],[-22.467,64.795],[-22.2842,64.5866],[-21.9503,64.515],[-21.8328,64.2054],[-22.0566,64.0713],[-22.5101,63.9915],[-22.6069,63.8373],[-21.4486,63.8584],[-21.2462,63.9354],[-20.1981,63.5558],[-19.2502,63.442],[-18.6536,63.4067],[-17.9469,63.5357],[-17.8157,63.713],[-16.6403,63.8655],[-16.0604,64.1112],[-15.495,64.2582],[-15.0216,64.2959],[-14.5471,64.4459],[-14.4654,64.6357],[-14.1352,64.7148],[-13.5697,65.0681],[-13.8048,65.3548],[-13.616,65.4872],[-14.7575,65.7557],[-14.7404,66.0508],[-15.5431,66.2285]]]}},{"type":"Feature","properties":{"code":"IT","name":"Italy"},"geometry":{"type":"MultiPolygon","coordinates":[[[[7.0211,45.9258],[6.8045,45.8146],[7.1534,45.4009],[7.0783,45.2399],[6.6277,45.118],[6.7382,44.9214],[7.0307,44.7167],[6.843,44.5107],[6.9673,44.28],[7.6515,44.0336],[7.4932,43.7671],[8.0816,43.9189],[8.552,44.3461],[8.7658,44.4223],[9.2894,44.3192],[9.7309,44.1012],[10.0477,44.02],[10.2458,43.8521],[10.3205,43.5131],[10.5323,43.1401],[10.7084,42.9363],[11.1678,42.5352],[11.1848,42.4566],[11.6373,42.2875],[11.807,42.082],[12.0753,41.9409],[12.6309,41.4697],[13.0887,41.2438],[13.2469,41.2889],[13.7334,41.2356],[14.1023,40.8271],[14.3089,40.8126],[14.4594,40.6327],[14.7657,40.6684],[14.9861,40.3775],[14.9509,40.239],[15.2945,40.07],[15.6928,39.9902],[16.0236,39.3536],[16.1968,38.7592],[15.9724,38.7126],[15.8224,38.303],[15.6431,38.1754],[15.7245,37.9391],[16.0568,37.9418],[16.2824,38.2496],[16.5456,38.4091],[16.559,38.7148],[16.7555,38.8897],[17.1746,38.9981],[17.1146,39.3806],[16.8243,39.5783],[16.5978,39.6389],[16.53,39.8597],[16.6696,40.1372],[16.9282,40.4581],[17.2153,40.4864],[17.4762,40.3149],[17.865,40.2802],[18.0779,39.937],[18.3438,39.8214],[18.4858,40.1048],[18.3282,40.3708],[17.955,40.6552],[17.4742,40.8406],[17.1034,41.0622],[16.5519,41.232],[16.0126,41.4354],[15.9138,41.6208],[16.1513,41.7585],[15.9641,41.9395],[15.1687,41.934],[14.8661,42.0525],[14.1827,42.5064],[14.0104,42.6896],[13.8047,43.1804],[13.5642,43.5713],[12.907,43.9212],[12.6911,43.9947],[12.3963,44.2239],[12.2483,44.7225],[12.5234,44.968],[12.2257,45.2415],[12.2743,45.446],[12.4976,45.4617],[13.0303,45.6375],[13.2063,45.7714],[13.7198,45.5876],[13.8312,45.6804],[13.5696,45.8341],[13.4864,46.0396],[13.6325,46.1771],[13.3995,46.3175],[13.7,46.5203],[13.1687,46.5727],[12.3883,46.7026],[12.1541,46.9353],[11.7757,46.9861],[11.2444,46.9757],[11.0251,46.797],[10.4528,46.8649],[10.4307,46.55],[10.087,46.5999],[9.9393,46.3618],[9.6395,46.2959],[9.2602,46.4752],[9.2511,46.2868],[9.0224,46.0515],[8.9537,45.83],[8.4584,46.2459],[8.3707,46.4451],[8.0815,46.256],[7.9932,46.0159],[7.7879,45.9218],[7.5386,45.9782],[7.129,45.8804],[7.0211,45.9258]],[[12.4392,41.8984],[12.4306,41.8976],[12.4306,41.9055],[12.4384,41.9062],[12.4392,41.8984]],[[12.4853,43.9014],[12.3969,43.9346],[12.4411,43.9824],[12.5146,43.953],[12.4853,43.9014]]],[[[15.5766,38.2203],[15.4987,38.2909],[15.1188,38.1527],[14.8459,38.1717],[14.506,38.0455],[13.6815,38.0007],[13.3517,38.1805],[13.16,38.1903],[12.9027,38.0349],[12.7344,38.1831],[12.5477,38.0529],[12.4355,37.8198],[12.699,37.5718],[12.9241,37.5705],[13.9055,37.1006],[14.143,37.1037],[14.5019,36.7987],[14.776,36.7104],[15.1126,36.6878],[15.1424,36.8916],[15.2945,37.0133],[15.0995,37.4586],[15.2345,37.7848],[15.5766,38.2203]]],[[[9.632,40.882],[9.6153,41.0173],[9.283,41.2017],[8.9981,41.1104],[8.8212,40.9499],[8.4685,40.8343],[8.2038,40.8707],[8.1899,40.6516],[8.4713,40.2927],[8.4078,39.9172],[8.4512,39.7217],[8.4182,39.2057],[8.6485,38.9266],[8.8813,38.9129],[9.0227,39.0433],[9.0563,39.2392],[9.5625,39.166],[9.617,39.3544],[9.7008,40.0918],[9.643,40.2684],[9.8053,40.4996],[9.632,40.882]]]]}},{"type":"Feature","properties":{"code":"JM","name":"Jamaica"},"geometry":{"type":"Polygon","coordinates":[[[-77.2615,18.4574],[-77.8734,18.5222],[-78.2167,18.4481],[-78.2941,18.2181],[-78.0736,18.1912],[-77.7682,17.8774],[-77.3614,17.8337],[-77.205,17.7149],[-77.0713,17.9013],[-76.8532,17.9737],[-76.5246,17.8662],[-76.2108,17.9135],[-76.3499,18.1519],[-76.7007,18.2572],[-76.9082,18.3904],[-77.2615,18.4574]]]}},{"type":"Feature","properties":{"code":"JO","name":"Jordan"},"geometry":{"type":"Polygon","coordinates":[[[35.7873,32.7349],[35.5729,32.6409],[35.5515,32.3955],[35.559,31.7655],[35.4506,31.4793],[35.4393,31.1324],[35.174,30.5239],[35.1416,30.1417],[34.9734,29.555],[34.9508,29.3535],[36.0154,29.1905],[36.4761,29.4951],[36.7553,29.866],[37.4692,29.9951],[37.6336,30.3133],[37.9801,30.5],[36.9586,31.4915],[38.9623,31.9949],[39.1454,32.1245],[39.0414,32.3057],[39.0578,32.4932],[38.7735,33.3722],[36.8184,32.3173],[36.3721,32.3869],[36.0595,32.5338],[35.7873,32.7349]]]}},{"type":"Feature","properties":{"code":"JP","name":"Japan"},"geometry":{"type":"MultiPolygon","coordinates":[[[[138.344,37.8221],[138.497,37.9039],[138.4613,38.2915],[138.25,38.0785],[138.344,37.8221]]],[[[143.8243,44.117],[143.2886,44.3966],[142.7041,44.8192],[142.416,45.125],[141.9377,45.5095],[141.668,45.4013],[141.583,45.156],[141.7822,44.7164],[141.6447,44.0194],[141.3977,43.6426],[141.4123,43.3815],[141.2963,43.1997],[140.7807,43.215],[140.4869,43.3382],[140.4864,43.0499],[140.2241,42.7955],[139.8911,42.6492],[139.8209,42.3876],[140.1084,41.9129],[139.9953,41.5764],[140.1486,41.4232],[140.385,41.5193],[140.6599,41.8156],[140.9995,41.7374],[141.151,41.8051],[140.7338,42.1164],[140.5275,42.1318],[140.3152,42.3343],[140.4805,42.5594],[140.7098,42.5556],[140.9861,42.3421],[141.4066,42.5469],[141.8514,42.5791],[142.5082,42.258],[143.2365,42.0002],[143.4295,42.4189],[143.581,42.5987],[143.9693,42.8814],[144.3016,42.9844],[144.6308,42.9469],[145.0288,43.0316],[145.3475,43.1767],[145.3408,43.3025],[145.1011,43.7646],[145.352,44.2298],[144.7985,43.9402],[144.4818,43.9496],[144.1014,44.1016],[143.8243,44.117]]],[[[131.1746,33.6026],[130.9531,33.872],[130.7156,33.9278],[130.4838,33.8346],[130.365,33.6345],[129.66,33.365],[129.5801,33.2363],[129.8968,33.0224],[129.8268,32.7253],[130.175,32.8513],[130.1269,33.1048],[130.3817,33.0926],[130.6405,32.6192],[130.462,32.3049],[130.1944,32.0908],[130.1879,31.7688],[130.322,31.6015],[130.2007,31.2919],[130.5888,31.1785],[130.5281,31.4597],[130.6551,31.7184],[130.7897,31.2691],[130.6857,31.0151],[131.0984,31.2562],[131.1397,31.4418],[131.3372,31.4047],[131.46,31.6708],[131.4603,31.8835],[131.7321,32.5928],[131.9767,32.8439],[131.8966,33.2546],[131.5374,33.2741],[131.7106,33.5023],[131.583,33.6524],[131.1746,33.6026]]],[[[134.3574,34.2563],[134.0759,34.3584],[133.7063,34.2374],[133.582,34.0171],[133.1337,33.9273],[132.9901,34.0881],[132.7843,33.9924],[132.6431,33.6899],[132.3659,33.5125],[132.5114,33.2931],[132.4951,32.9166],[132.9772,32.842],[133.2859,33.36],[133.632,33.511],[133.9587,33.4483],[134.1816,33.2472],[134.3771,33.6084],[134.7389,33.8205],[134.6375,34.2266],[134.3574,34.2563]]],[[[141.2293,41.3727],[140.9369,41.5056],[140.8006,41.1388],[141.2004,41.2436],[141.2621,41.1027],[141.1186,40.8823],[140.6794,40.8933],[140.6276,41.1954],[140.3859,41.2298],[140.2812,40.8461],[139.9229,40.5984],[140.0145,40.3149],[139.908,40.0217],[140.0547,39.7493],[140.0481,39.4637],[139.802,38.8816],[139.5802,38.5989],[139.401,38.1426],[139.2472,38.0091],[138.8851,37.8439],[138.7094,37.5606],[138.3199,37.2184],[137.5141,36.9516],[137.3426,36.7704],[137.0167,36.8372],[136.924,37.172],[137.3375,37.4375],[137.3227,37.5221],[136.8435,37.3821],[136.7192,37.1984],[136.6981,36.742],[136.359,36.3618],[136.1562,36.2233],[136.0062,35.9906],[136.0953,35.7676],[135.6803,35.5031],[135.327,35.5255],[135.1743,35.7471],[134.8822,35.6632],[134.4561,35.6279],[134.2141,35.5393],[133.3765,35.4588],[133.2672,35.5565],[132.9229,35.5113],[131.8561,34.7263],[131.608,34.6155],[131.3544,34.4132],[131.0042,34.3926],[130.8893,34.2618],[130.9188,33.9757],[131.2326,33.948],[131.7405,34.0521],[132.0902,33.8555],[132.2381,34.227],[132.4213,34.3534],[132.6565,34.2461],[133.1424,34.3024],[133.4453,34.4332],[133.9683,34.5273],[134.2083,34.6977],[134.74,34.7652],[135.0417,34.631],[135.3552,34.6543],[135.3848,34.5004],[135.1001,34.2884],[135.1754,33.898],[135.4528,33.5534],[135.6953,33.487],[135.9162,33.5617],[136.3299,34.1769],[136.8537,34.3241],[136.8803,34.4336],[136.533,34.6784],[136.69,34.9841],[136.8846,34.8059],[137.2752,34.7725],[137.5434,34.6642],[138.1891,34.5963],[138.2532,34.7327],[138.5771,35.0865],[138.8027,34.9748],[138.761,34.6992],[138.9826,34.6984],[139.086,34.8392],[139.1158,35.0971],[139.2494,35.278],[139.65,35.4091],[139.8348,35.6581],[140.0863,35.5404],[139.8265,35.2967],[139.7992,34.9569],[140.0592,35.0383],[140.4165,35.267],[140.4574,35.5103],[140.6393,35.6613],[140.874,35.725],[140.622,36.0592],[140.5735,36.2313],[140.6273,36.5028],[140.7918,36.8469],[140.9684,37.0021],[141.0363,37.4672],[140.9279,37.9496],[140.9621,38.1489],[141.1084,38.3379],[141.4675,38.4042],[141.5463,38.7628],[141.6586,38.9749],[141.9008,39.1113],[141.977,39.4288],[141.9778,39.8444],[141.7971,40.2912],[141.4628,40.6111],[141.4,41.0963],[141.4555,41.4047],[141.2293,41.3727]]]]}},{"type":"Feature","properties":{"code":"KE","name":"Kenya"},"geometry":{"type":"Polygon","coordinates":[[[33.9032,-1.0021],[33.9794,-1.0021],[34.9843,-1.5605],[35.8369,-2.0366],[36.9026,-2.6316],[37.6438,-3.0454],[37.688,-3.2462],[37.6087,-3.4603],[37.7973,-3.6744],[39.2218,-4.6924],[39.4909,-4.4784],[39.8191,-3.786],[39.8609,-3.5768],[40.1154,-3.2506],[40.1947,-3.0192],[40.2225,-2.6884],[40.4045,-2.5557],[40.6441,-2.5395],[40.8982,-2.2699],[40.9955,-1.9506],[41.1068,-1.9823],[41.3869,-1.867],[41.5327,-1.6953],[41.5219,-1.5723],[40.9787,-0.8703],[40.9732,0.5354],[40.97,1.3782],[40.9645,2.8146],[41.3418,3.2017],[41.884,3.9777],[41.2209,3.9436],[41.0872,3.9919],[40.7652,4.273],[39.8422,3.8515],[39.6575,3.5778],[39.4944,3.4561],[39.2255,3.4788],[38.608,3.6001],[38.0861,3.6488],[36.9056,4.4115],[36.0819,4.4497],[35.9787,4.5038],[35.7631,4.808],[35.8003,5.1569],[35.745,5.344],[35.2684,5.4923],[33.9761,4.2202],[34.165,3.813],[34.3929,3.6915],[34.4479,3.1635],[34.5892,2.9248],[34.7425,2.8181],[34.883,2.4179],[34.9641,2.0624],[34.9652,1.6434],[34.7836,1.3812],[34.7876,1.2307],[34.4817,1.0421],[34.4108,0.8673],[34.1609,0.6052],[33.9432,0.1738],[33.9032,-1.0021]]]}},{"type":"Feature","properties":{"code":"KG","name":"Kyrgyzstan"},"geometry":{"type":"Polygon","coordinates":[[[70.958,40.2389],[70.4514,40.0492],[69.9668,40.2022],[69.5303,40.0973],[69.4319,39.9098],[69.2291,39.7611],[69.2977,39.5248],[69.5988,39.5738],[70.2448,39.5426],[70.6078,39.5644],[70.7331,39.4133],[71.4043,39.5979],[71.7322,39.423],[71.806,39.2756],[72.0428,39.3521],[72.23,39.2075],[72.3577,39.3369],[72.6399,39.386],[73.235,39.3746],[73.6316,39.4489],[73.9146,39.6065],[73.8354,39.8001],[73.9916,40.0431],[74.4119,40.1372],[75.0045,40.4495],[75.5835,40.6053],[75.656,40.3292],[75.872,40.3032],[76.4802,40.4495],[76.824,40.9823],[76.9866,41.0392],[77.5817,40.9928],[78.1234,41.0756],[78.3624,41.3716],[79.2936,41.7828],[79.7661,41.8989],[79.8404,41.9958],[80.2162,42.0324],[80.2094,42.19],[79.9211,42.4131],[79.4901,42.4576],[79.1648,42.759],[78.5242,42.8646],[78.0231,42.8575],[77.2355,42.9126],[77.0573,42.9707],[76.5092,42.9189],[75.7896,42.9329],[75.6356,42.8146],[75.0477,42.9044],[74.2091,43.2404],[73.5563,43.0028],[73.4219,42.5935],[73.2829,42.5041],[72.8551,42.5611],[72.7529,42.6379],[72.2758,42.7577],[71.8168,42.8222],[71.2566,42.7335],[71.0228,42.5354],[70.9468,42.2487],[71.2285,42.1629],[70.8419,42.0196],[70.181,41.5714],[70.4714,41.4126],[70.6459,41.4604],[70.7824,41.2625],[71.1107,41.1526],[71.4084,41.136],[71.4209,41.3419],[71.7925,41.4131],[71.8786,41.195],[72.1643,41.1737],[72.6204,40.8838],[72.99,40.8601],[73.1129,40.786],[72.3577,40.4017],[72.1312,40.4386],[71.9557,40.2586],[71.6925,40.1523],[71.3047,40.2869],[70.958,40.2389]]]}},{"type":"Feature","properties":{"code":"KH","name":"Cambodia"},"geometry":{"type":"Polygon","coordinates":[[[107.5194,14.7051],[107.2927,14.5924],[107.1094,14.4167],[106.8199,14.3147],[106.5015,14.5782],[106.355,14.4548],[105.9789,14.343],[106.1247,14.0491],[105.9045,13.9245],[105.7397,14.085],[105.5315,14.1562],[105.3502,14.1096],[105.1833,14.3462],[104.779,14.4278],[104.4116,14.3696],[103.8184,14.3622],[103.6004,14.4211],[103.1994,14.3326],[102.9093,14.1367],[102.7289,13.8419],[102.5447,13.66],[102.3197,13.54],[102.3308,13.2882],[102.4617,13.015],[102.4996,12.67],[102.7557,12.4263],[102.7366,12.0898],[102.9339,11.7067],[103.1255,11.4606],[103.0911,11.2111],[103.1528,10.9137],[103.3536,10.9216],[103.5324,11.1467],[103.7219,10.8901],[103.5322,10.6046],[103.6619,10.5089],[103.9371,10.5866],[104.2624,10.5413],[104.4264,10.4112],[104.5643,10.516],[104.8506,10.5345],[105.0611,10.7338],[105.0223,10.8869],[105.3146,10.8452],[105.3865,10.9401],[105.7551,10.99],[106.0988,10.7973],[106.168,11.0123],[105.8561,11.2943],[105.8515,11.635],[106.0061,11.758],[106.3398,11.6818],[106.4139,11.9484],[106.7001,11.9793],[106.9307,12.0775],[107.159,12.2771],[107.5064,12.3646],[107.5555,12.54],[107.4754,13.0304],[107.6055,13.4378],[107.3314,14.1266],[107.3645,14.3687],[107.5194,14.7051]]]}},{"type":"Feature","properties":{"code":"KI","name":"Kiribati"},"geometry":{"type":"Polygon","coordinates":[[[-157.3421,1.8556],[-157.4201,1.7875],[-157.2461,1.7317],[-157.3421,1.8556]]]}},{"type":"Feature","properties":{"code":"KM","name":"Comoros"},"geometry":{"type":"Polygon","coordinates":[[[43.4658,-11.9013],[43.3794,-11.6142],[43.2267,-11.7519],[43.4658,-11.9013]]]}},{"type":"Feature","properties":{"code":"KN","name":"Saint Kitts and Nevis"},"geometry":{"type":"Polygon","coordinates":[[[-62.6307,17.24],[-62.7137,17.3533],[-62.7946,17.4026],[-62.8389,17.3393],[-62.6307,17.24]]]}},{"type":"Feature","properties":{"code":"KP","name":"North Korea"},"geometry":{"type":"Polygon","coordinates":[[[128.3746,38.6234],[127.9717,38.898],[127.7861,39.0841],[127.3945,39.2079],[127.5489,39.4611],[127.5682,39.782],[127.9666,39.9956],[128.3045,40.0359],[128.7014,40.3175],[129.1098,40.4911],[129.3411,40.7263],[129.7087,40.8573],[129.7658,41.3039],[129.6824,41.4943],[129.7563,41.7123],[130.0683,42.0458],[130.4575,42.3017],[130.6873,42.3025],[130.527,42.5354],[130.2467,42.7448],[130.2403,42.8918],[129.8982,42.9981],[129.7197,42.475],[129.3137,42.4136],[129.1955,42.2185],[128.9234,42.0382],[128.0452,41.9875],[128.0329,41.8985],[128.2909,41.5628],[128.1112,41.3893],[127.1797,41.5313],[126.9035,41.7811],[126.6013,41.641],[126.4904,41.3581],[125.9891,40.9046],[125.7283,40.8667],[125.4169,40.6599],[124.8894,40.4598],[124.3866,40.1042],[124.3621,40.0041],[124.5574,39.7906],[124.7753,39.7581],[125.1001,39.5903],[125.3608,39.5266],[125.4097,39.2884],[125.1573,38.8715],[125.3097,38.6654],[125.0674,38.5567],[124.6909,38.1292],[125.1932,38.0378],[125.4493,37.7302],[125.7691,37.9854],[125.9417,37.8737],[126.3699,37.8784],[126.6339,37.7818],[126.6668,37.9172],[127.0097,38.2405],[127.1695,38.3045],[128.039,38.3085],[128.1687,38.3593],[128.3746,38.6234]]]}},{"type":"Feature","properties":{"code":"KR","name":"South Korea"},"geometry":{"type":"MultiPolygon","coordinates":[[[[126.6339,37.7818],[126.5634,37.7165],[126.7464,37.1936],[126.5777,37.0196],[126.2172,36.8709],[126.1809,36.6916],[126.3888,36.6512],[126.5482,36.4776],[126.5404,36.1662],[126.6935,36.0142],[126.7174,35.7688],[126.4885,35.6471],[126.4928,35.5013],[126.2911,35.1542],[126.3979,34.9328],[126.5083,34.3506],[126.7548,34.5119],[126.8975,34.4389],[127.0308,34.6069],[127.3246,34.4633],[127.4791,34.6252],[127.3896,34.743],[127.7148,34.9547],[128.0362,35.022],[128.0945,34.9336],[128.4439,34.8704],[128.5109,35.101],[128.9801,35.1015],[129.2142,35.1818],[129.4191,35.4979],[129.5617,35.9477],[129.4035,36.0521],[129.3926,36.3227],[129.4734,36.7419],[129.3352,37.2746],[129.0516,37.6776],[128.6188,38.1761],[128.3746,38.6234],[128.1687,38.3593],[128.039,38.3085],[127.1695,38.3045],[127.0097,38.2405],[126.6668,37.9172],[126.6339,37.7818]]],[[[126.327,33.2236],[126.5817,33.2383],[126.8729,33.3412],[126.9012,33.5151],[126.6955,33.5493],[126.3377,33.4604],[126.1656,33.312],[126.327,33.2236]]]]}},{"type":"Feature","properties":{"code":"KW","name":"Kuwait"},"geometry":{"type":"Polygon","coordinates":[[[48.4425,28.5429],[48.1838,28.9794],[48.0515,29.3554],[47.7253,29.4169],[47.9696,29.6167],[48.1361,29.6181],[47.9787,29.9828],[47.6728,30.0956],[47.3313,30.0797],[47.1144,29.9613],[46.9059,29.5375],[46.5314,29.0962],[47.4332,28.9896],[47.6713,28.5332],[48.4425,28.5429]]]}},{"type":"Feature","properties":{"code":"KY","name":"Cayman Islands"},"geometry":{"type":"Polygon","coordinates":[[[-81.3695,19.3489],[-81.3037,19.2719],[-81.1305,19.3468],[-81.2848,19.3625],[-81.3695,19.3489]]]}},{"type":"Feature","properties":{"code":"KZ","name":"Kazakhstan"},"geometry":{"type":"Polygon","coordinates":[[[70.9468,42.2487],[71.0228,42.5354],[71.2566,42.7335],[71.8168,42.8222],[72.2758,42.7577],[72.7529,42.6379],[72.8551,42.5611],[73.2829,42.5041],[73.4219,42.5935],[73.5563,43.0028],[74.2091,43.2404],[75.0477,42.9044],[75.6356,42.8146],[75.7896,42.9329],[76.5092,42.9189],[77.0573,42.9707],[77.2355,42.9126],[78.0231,42.8575],[78.5242,42.8646],[79.1648,42.759],[79.4901,42.4576],[79.9211,42.4131],[80.2094,42.19],[80.165,42.6655],[80.2503,42.7973],[80.5438,42.9117],[80.3902,43.0431],[80.7857,43.1616],[80.496,43.8921],[80.3553,44.0973],[80.3363,44.4384],[80.4555,44.7461],[79.9972,44.7972],[80.0592,45.0064],[80.6348,45.1265],[80.8533,45.1293],[81.6021,45.3108],[81.9893,45.1619],[82.2666,45.2191],[82.4787,45.1236],[82.6211,45.2931],[82.5825,45.4426],[82.3267,45.5199],[82.5551,46.1587],[83.0041,47.0335],[83.1931,47.1866],[84.016,46.9705],[84.6666,46.9724],[84.7861,46.8307],[85.2335,47.0364],[85.4848,47.0635],[85.6566,47.2546],[85.526,47.9156],[85.7494,48.3851],[86.5494,48.5286],[86.718,48.6972],[86.7531,49.0088],[86.8859,49.0906],[87.3229,49.0858],[86.9529,49.3221],[86.6143,49.6097],[86.1809,49.4993],[85.2102,49.6648],[85.0008,49.8941],[84.9895,50.0614],[84.2578,50.2882],[84.176,50.5206],[83.9451,50.7747],[83.3573,50.9946],[82.7608,50.8934],[82.4939,50.7276],[81.9337,50.7664],[81.4659,50.7398],[81.3883,50.9565],[81.1246,50.9463],[81.1272,51.1911],[80.8773,51.2814],[80.448,51.1833],[80.4236,50.9463],[79.9862,50.7746],[79.4688,51.4931],[78.4755,52.6384],[77.86,53.2692],[77.7044,53.3792],[76.5757,53.9425],[76.789,54.3219],[76.2666,54.312],[75.6568,54.106],[75.0521,53.8267],[74.8342,53.8257],[74.452,53.6473],[73.2857,53.5984],[73.3994,53.8115],[72.9141,54.1073],[72.3873,54.123],[72.2691,54.2721],[72.0045,54.2057],[71.3364,54.1583],[71.0932,54.2122],[71.1855,54.5993],[70.9102,55.128],[70.7381,55.3052],[70.1824,55.1625],[69.4933,55.3569],[68.9772,55.3896],[68.5248,55.2048],[68.2062,55.1609],[68.0738,54.9596],[67.6934,54.8724],[66.2227,54.6674],[65.477,54.6233],[65.1578,54.3644],[64.4612,54.3842],[64.0039,54.2671],[63.1913,54.171],[63.0739,54.1052],[61.9287,53.9465],[61.3337,54.0493],[61.1437,53.9638],[60.9795,53.6217],[61.2479,53.551],[61.1992,53.2872],[61.6599,53.2285],[62.0146,53.1079],[61.9742,52.9438],[61.4008,52.996],[61.0475,52.9725],[60.8023,52.7447],[60.9376,52.2806],[60.0655,51.9765],[60.4647,51.6512],[61.3631,51.4419],[61.5851,51.2297],[61.3895,50.861],[60.9423,50.6955],[60.638,50.6637],[59.9552,50.7993],[59.8124,50.582],[58.8837,50.6944],[58.3592,51.0638],[57.8389,51.0917],[57.4422,50.8889],[57.0117,51.0652],[56.4914,51.0195],[55.7977,50.6021],[55.5423,50.6018],[54.7271,50.9981],[54.4215,50.7803],[54.0415,51.1152],[53.6881,51.2518],[53.3381,51.4824],[52.5712,51.4816],[52.3311,51.6813],[52.0071,51.6727],[51.6091,51.484],[51.3445,51.4753],[51.1635,51.6475],[50.7939,51.7292],[50.2469,51.2895],[49.8223,51.1319],[49.498,51.0836],[49.3234,50.8517],[48.8084,50.6013],[48.7005,50.3538],[48.8433,50.0131],[48.4343,49.8285],[48.2248,49.9319],[47.7058,50.378],[47.3265,50.2735],[47.2952,50.0585],[46.992,49.8527],[46.8021,49.3671],[47.0143,49.0983],[46.7026,48.8056],[46.6092,48.5739],[46.6609,48.4123],[47.0043,48.2845],[47.0933,47.9477],[47.2924,47.7409],[47.4819,47.8039],[48.11,47.7454],[48.5525,47.321],[48.9594,46.7746],[48.6102,46.5665],[49.2322,46.3372],[49.3475,46.5191],[49.9998,46.6343],[50.4193,46.8795],[50.5829,46.8823],[51.178,47.1102],[51.6501,47.0181],[51.7445,46.9337],[52.1888,46.8395],[52.4832,46.9907],[52.916,46.9544],[53.1702,46.669],[53.0785,46.5475],[53.1353,46.1917],[52.7738,45.5728],[53.0857,45.4074],[53.0789,45.3075],[52.5311,45.3986],[51.7326,45.3995],[51.4157,45.3579],[51.2499,45.1217],[51.0403,44.9803],[51.0579,44.8116],[51.3767,44.5412],[51.1771,44.5014],[50.8604,44.6288],[50.4095,44.624],[50.2525,44.4065],[50.3312,44.3255],[50.8308,44.1928],[51.1396,43.6488],[51.3018,43.4824],[51.2954,43.1741],[51.616,43.1584],[51.8441,42.9104],[52.5966,42.7602],[52.6184,42.4282],[52.4621,42.1006],[52.4938,41.7804],[52.8705,42.0606],[53.2501,42.2059],[54.121,42.3352],[54.6779,42.0782],[54.9037,41.9191],[55.2496,41.4581],[55.5452,41.2627],[55.9774,41.3222],[55.9769,42.47],[55.9765,43.3881],[55.9757,44.9949],[57.4773,45.3375],[58.5553,45.5554],[60.1885,44.784],[61.0079,44.3938],[61.1607,44.1686],[61.9902,43.4921],[63.207,43.628],[64.4432,43.5512],[64.9055,43.7147],[65.2705,43.4175],[65.4962,43.3105],[65.803,42.877],[66.1003,42.9908],[66.0096,42.0049],[66.4986,41.9949],[66.6687,41.2708],[66.8143,41.1424],[67.9357,41.1966],[68.1131,41.0286],[68.0477,40.8093],[68.2919,40.6561],[68.6007,40.66],[68.5841,40.8763],[68.9869,41.205],[69.0649,41.3669],[69.6639,41.6721],[70.0956,41.8205],[70.416,42.0786],[70.6133,42.0547],[70.9468,42.2487]]]}},{"type":"Feature","properties":{"code":"LA","name":"Laos"},"geometry":{"type":"Polygon","coordinates":[[[102.1274,22.3792],[101.8418,22.3885],[101.6715,22.4623],[101.5245,22.2537],[101.6029,21.9897],[101.7365,21.8265],[101.7048,21.1501],[101.5424,21.2343],[101.2244,21.2237],[101.1389,21.5675],[100.9275,21.3662],[100.7566,21.3126],[100.5361,20.9924],[100.5651,20.8251],[100.2493,20.7303],[100.1225,20.3167],[100.318,20.3859],[100.5431,20.0887],[100.3977,19.7561],[100.6255,19.4999],[100.9665,19.6108],[101.1547,19.5792],[101.2863,18.9771],[101.0506,18.407],[101.1375,18.2869],[101.1133,18.0335],[100.9085,17.5839],[101.1052,17.4795],[101.6875,17.8894],[101.7748,18.0334],[102.1015,18.2106],[102.3519,18.0459],[102.7176,17.8922],[103.0514,18.0285],[103.1485,18.2217],[103.367,18.4233],[103.9496,18.319],[104.4281,17.699],[104.7396,17.4617],[104.816,17.3003],[104.759,17.0771],[104.7506,16.6476],[104.8193,16.4661],[105.0472,16.1603],[105.4062,15.9875],[105.3732,15.8897],[105.6221,15.7],[105.6156,15.4883],[105.5132,15.3609],[105.5467,14.9325],[105.4756,14.5301],[105.1833,14.3462],[105.3502,14.1096],[105.5315,14.1562],[105.7397,14.085],[105.9045,13.9245],[106.1247,14.0491],[105.9789,14.343],[106.355,14.4548],[106.5015,14.5782],[106.8199,14.3147],[107.1094,14.4167],[107.2927,14.5924],[107.5194,14.7051],[107.4804,14.9799],[107.6531,15.2552],[107.1896,15.7473],[107.3964,16.043],[106.9307,16.3531],[106.8324,16.5263],[106.6961,16.459],[106.5462,16.6507],[106.5022,16.9541],[106.2695,17.2168],[106.0062,17.4153],[105.6914,17.7378],[105.4582,18.1543],[105.3335,18.1896],[105.0858,18.4501],[105.1151,18.6789],[104.7165,18.8034],[103.8964,19.34],[104.0629,19.4826],[104.032,19.6751],[104.2599,19.6855],[104.5463,19.6105],[104.7432,19.7547],[104.9279,20.0181],[104.8887,20.1691],[104.6987,20.2053],[104.6188,20.3745],[104.3922,20.4248],[104.5832,20.6467],[104.1953,20.914],[104.0521,20.9412],[103.6351,20.6971],[103.1045,20.8917],[102.8512,21.2659],[102.9486,21.5698],[102.8452,21.7348],[102.6953,21.6621],[102.5825,21.9043],[102.1274,22.3792]]]}},{"type":"Feature","properties":{"code":"LB","name":"Lebanon"},"geometry":{"type":"Polygon","coordinates":[[[35.9763,34.6292],[35.6479,34.2482],[35.6118,34.0322],[35.1086,33.0837],[35.4112,33.0757],[35.5325,33.2505],[35.8407,33.4157],[35.8691,33.4317],[35.9424,33.6676],[36.0922,33.8316],[36.2822,33.8942],[36.585,34.2212],[36.433,34.6135],[35.9763,34.6292]]]}},{"type":"Feature","properties":{"code":"LC","name":"Saint Lucia"},"geometry":{"type":"Polygon","coordinates":[[[-60.8952,13.822],[-60.8868,14.0111],[-61.0636,13.9156],[-60.8952,13.822]]]}},{"type":"Feature","properties":{"code":"LK","name":"Sri Lanka"},"geometry":{"type":"Polygon","coordinates":[[[79.9823,9.8127],[80.0863,9.5778],[80.1184,9.3269],[80.0648,9.0957],[79.9289,8.8992],[79.9418,8.6915],[79.8509,8.4116],[79.8089,8.05],[79.7078,8.0657],[79.7921,7.5852],[79.8594,6.8293],[80.0953,6.1532],[80.2674,6.0098],[80.4958,5.9494],[80.7241,5.9791],[81.38,6.2409],[81.6374,6.4251],[81.7678,6.6143],[81.8614,6.9013],[81.8741,7.2883],[81.6654,7.7825],[81.4359,8.1189],[81.3729,8.4314],[81.227,8.5055],[81.1982,8.662],[80.7111,9.3664],[80.376,9.6423],[80.2528,9.7963],[79.9823,9.8127]]]}},{"type":"Feature","properties":{"code":"LR","name":"Liberia"},"geometry":{"type":"Polygon","coordinates":[[[-11.5075,6.9065],[-11.2916,6.6882],[-10.849,6.4651],[-10.7856,6.3102],[-10.2764,6.0776],[-9.1322,5.0546],[-8.259,4.59],[-7.545,4.3513],[-7.5912,4.8215],[-7.5689,5.0807],[-7.4298,5.3245],[-7.3999,5.5506],[-7.4544,5.8413],[-7.7965,5.9751],[-7.8886,6.2349],[-8.2039,6.2907],[-8.6036,6.5078],[-8.3326,6.8016],[-8.2966,7.074],[-8.4864,7.5585],[-8.7083,7.6589],[-8.8896,7.2627],[-9.1176,7.2159],[-9.2633,7.3777],[-9.4598,7.4425],[-9.3689,7.6396],[-9.5183,8.3461],[-9.7683,8.5346],[-10.0644,8.4299],[-10.2832,8.4852],[-10.3896,8.1576],[-10.5708,8.0711],[-10.6475,7.7594],[-11.2677,7.2326],[-11.5075,6.9065]]]}},{"type":"Feature","properties":{"code":"LS","name":"Lesotho"},"geometry":{"type":"Polygon","coordinates":[[[28.7369,-30.102],[29.098,-29.919],[29.1422,-29.701],[29.2936,-29.5669],[29.3907,-29.2697],[29.3014,-29.0898],[28.9537,-28.8814],[28.6258,-28.5817],[28.2326,-28.7013],[27.9599,-28.8733],[27.7355,-28.94],[27.2945,-29.5193],[27.0518,-29.6641],[27.3554,-30.1586],[27.3885,-30.3159],[27.7531,-30.6],[28.0182,-30.6423],[28.3921,-30.1476],[28.7369,-30.102]]]}},{"type":"Feature","properties":{"code":"LT","name":"Lithuania"},"geometry":{"type":"Polygon","coordinates":[[[22.7662,54.3568],[23.0155,54.3483],[23.4536,54.1435],[23.4847,53.9398],[24.1913,53.9504],[24.318,53.893],[24.7682,53.9747],[25.5474,54.3318],[25.7248,54.5643],[25.8593,54.9193],[26.1752,55.0033],[26.4576,55.3425],[26.5936,55.6675],[26.2812,55.7504],[25.5857,56.1302],[25.0699,56.2004],[24.903,56.3982],[24.1207,56.2643],[23.8127,56.3292],[22.0846,56.4067],[21.6535,56.3146],[21.0461,56.0701],[21.0619,55.8134],[21.2379,55.455],[21.2357,55.2641],[22.0724,55.0637],[22.5673,55.0591],[22.8313,54.8385],[22.6799,54.493],[22.7662,54.3568]]]}},{"type":"Feature","properties":{"code":"LU","name":"Luxembourg"},"geometry":{"type":"Polygon","coordinates":[[[6.1165,50.121],[5.9763,50.1672],[5.744,49.9196],[5.8804,49.6448],[5.7897,49.5383],[5.9595,49.4546],[6.3443,49.4527],[6.4873,49.7985],[6.2561,49.8722],[6.1165,50.121]]]}},{"type":"Feature","properties":{"code":"LV","name":"Latvia"},"geometry":{"type":"Polygon","coordinates":[[[26.5936,55.6675],[27.0525,55.8306],[27.5768,55.7988],[27.8963,56.0762],[28.1479,56.1429],[28.1031,56.5457],[27.8061,56.8671],[27.7969,57.3169],[27.352,57.5281],[26.8998,57.6088],[26.5326,57.531],[26.298,57.6011],[25.9911,57.8382],[25.111,58.0634],[24.3226,57.8706],[24.4032,57.325],[24.2812,57.1723],[23.9312,57.0085],[23.6478,56.971],[23.2873,57.0897],[23.1368,57.3238],[22.6486,57.5954],[22.5546,57.7243],[21.7287,57.571],[21.4592,57.3225],[21.3508,57.0177],[21.0713,56.8237],[21.0461,56.0701],[21.6535,56.3146],[22.0846,56.4067],[23.8127,56.3292],[24.1207,56.2643],[24.903,56.3982],[25.0699,56.2004],[25.5857,56.1302],[26.2812,55.7504],[26.5936,55.6675]]]}},{"type":"Feature","properties":{"code":"LY","name":"Libya"},"geometry":{"type":"Polygon","coordinates":[[[9.5188,30.2294],[9.3103,30.1152],[9.6727,29.567],[9.8426,28.967],[9.8156,28.5602],[9.8582,28.0433],[9.916,27.7857],[9.7476,27.3309],[9.8944,26.8479],[9.8594,26.552],[9.4914,26.3337],[9.4482,26.0671],[10.0007,25.3321],[10.0281,25.051],[10.2559,24.591],[10.439,24.4802],[10.6861,24.5514],[11.5369,24.2908],[11.9679,23.5179],[13.4812,23.1802],[13.5986,23.1195],[14.2308,22.6185],[14.979,22.9962],[15.9841,23.4452],[16.7941,23.0453],[18.2313,22.3355],[19.6686,21.6258],[20.6268,21.1526],[21.585,20.6795],[23.0222,19.9698],[23.9803,19.4966],[23.9803,19.9959],[24.9795,20.0026],[24.9799,20.9992],[24.9803,21.9958],[24.9803,22.8941],[24.9803,24.0169],[24.9803,25.1397],[24.9803,26.9362],[24.9803,28.0591],[24.9803,29.1819],[24.7265,30.2506],[24.8775,30.4575],[24.9739,30.7766],[24.8527,31.3348],[25.1505,31.655],[25.025,31.8833],[24.6839,32.016],[24.1297,32.0092],[23.7977,32.1587],[23.2863,32.2138],[23.1062,32.3314],[23.0906,32.6187],[22.1874,32.9183],[21.6359,32.9373],[21.4247,32.7992],[21.0623,32.7755],[20.6211,32.5802],[20.1215,32.2188],[19.9264,31.8175],[19.9612,31.556],[20.151,31.0786],[20.0132,30.8007],[19.7133,30.4884],[19.2917,30.2881],[18.9364,30.2904],[18.6698,30.4157],[18.1904,30.7773],[17.3492,31.0815],[16.7815,31.2147],[16.123,31.2645],[15.706,31.4264],[15.4964,31.6568],[15.3631,31.9712],[15.3591,32.1597],[15.1766,32.3912],[14.5134,32.5111],[14.2371,32.6812],[13.6478,32.7988],[13.2835,32.9146],[12.7535,32.8011],[12.2799,32.8585],[11.8135,33.0937],[11.5046,33.1819],[11.4539,32.6426],[11.505,32.4137],[10.8264,32.0807],[10.6089,31.9295],[10.4758,31.736],[10.3061,31.7048],[10.1149,31.4638],[10.2434,31.0321],[10.2164,30.7832],[9.895,30.3873],[9.5188,30.2294]]]}},{"type":"Feature","properties":{"code":"MA","name":"Morocco"},"geometry":{"type":"Polygon","coordinates":[[[-2.2196,35.1042],[-2.8399,35.1278],[-2.9722,35.4073],[-3.206,35.2391],[-3.6933,35.28],[-4.33,35.1615],[-4.8372,35.2813],[-5.1054,35.4678],[-5.3376,35.7452],[-5.3974,35.9299],[-5.6229,35.8289],[-5.9248,35.7858],[-6.3531,34.7761],[-6.7558,34.1329],[-6.901,33.969],[-7.5624,33.6403],[-8.3012,33.3744],[-8.5963,33.1872],[-8.8362,32.9205],[-9.2458,32.5725],[-9.3475,32.0864],[-9.675,31.711],[-9.8087,31.4246],[-9.8324,30.8473],[-9.8755,30.7179],[-9.6529,30.4476],[-9.6671,30.1093],[-9.8526,29.8092],[-10.4865,29.0649],[-11.081,28.7138],[-11.4302,28.382],[-11.9861,28.1293],[-12.9489,27.9142],[-13.176,27.6557],[-13.5758,26.7351],[-13.9521,26.4888],[-14.4139,26.2537],[-14.5228,25.9252],[-14.7949,25.4042],[-14.8561,24.8716],[-15.0389,24.5488],[-15.1886,24.4788],[-15.5863,24.0728],[-15.8993,23.8444],[-15.806,23.7495],[-16.2103,23.0979],[-16.3587,22.5945],[-16.5144,22.3335],[-16.7933,22.1597],[-16.9309,21.9],[-17.0031,21.4207],[-16.731,21.4703],[-15.7509,21.4908],[-15.4609,21.4508],[-14.8408,21.4508],[-14.6708,21.6002],[-14.6309,21.8609],[-14.2212,22.3102],[-14.1709,22.7604],[-14.021,23.4107],[-13.8911,23.691],[-13.7709,23.7906],[-13.311,23.9811],[-13.061,24.401],[-12.4312,24.8307],[-12.311,25.1109],[-12.1708,25.6402],[-12.0308,26.0309],[-11.7182,26.1041],[-11.6372,26.2955],[-11.3379,26.6334],[-11.3926,26.8834],[-10.9228,27.0104],[-10.5513,26.9908],[-10.2515,26.8609],[-10.0327,26.9107],[-9.7354,26.8609],[-9.413,27.0885],[-9.0019,27.0904],[-8.7539,27.191],[-8.8178,27.6564],[-8.6833,27.6564],[-8.6833,28.6208],[-8.6599,28.7186],[-7.6852,29.3495],[-7.4857,29.3922],[-7.0949,29.6252],[-6.6354,29.5688],[-6.5009,29.8091],[-5.775,29.869],[-5.4488,29.9569],[-5.1801,30.1662],[-4.9683,30.4654],[-4.3229,30.6989],[-3.9854,30.9135],[-3.702,30.9445],[-3.6725,31.1114],[-3.8334,31.1978],[-3.8268,31.6619],[-3.4398,31.7045],[-3.0174,31.8343],[-2.9309,32.0425],[-2.4484,32.13],[-1.2753,32.089],[-1.2403,32.3376],[-1.0655,32.4683],[-1.51,32.8776],[-1.6792,33.3187],[-1.6313,33.5667],[-1.703,33.7168],[-1.7069,34.1761],[-1.8497,34.6073],[-1.7956,34.7519],[-2.1318,34.9708],[-2.2196,35.1042]]]}},{"type":"Feature","properties":{"code":"MD","name":"Moldova"},"geometry":{"type":"Polygon","coordinates":[[[26.6189,48.2599],[26.9808,48.155],[27.3369,47.6397],[27.8538,47.1145],[28.0718,46.9784],[28.2395,46.6408],[28.2443,46.4513],[28.0997,45.9726],[28.2125,45.4504],[28.4714,45.5072],[28.4916,45.6658],[28.9478,46.05],[28.9274,46.4241],[29.1463,46.5269],[29.8379,46.3505],[29.9243,46.5389],[29.8778,46.8289],[29.572,46.964],[29.5493,47.2468],[29.1598,47.4557],[29.1948,47.8824],[28.9733,47.933],[28.7738,48.1196],[28.327,48.1614],[27.82,48.4163],[27.5492,48.4777],[27.2285,48.3714],[26.8471,48.3872],[26.6189,48.2599]]]}},{"type":"Feature","properties":{"code":"ME","name":"Montenegro"},"geometry":{"type":"Polygon","coordinates":[[[19.1943,43.5333],[18.9402,43.4967],[18.6742,43.2308],[18.6236,43.0277],[18.4438,42.9685],[18.5433,42.6742],[18.4363,42.5597],[18.5175,42.4329],[18.8942,42.2495],[19.3424,41.8691],[19.2807,42.1726],[19.6545,42.6286],[19.7883,42.4762],[20.064,42.5473],[20.0295,42.732],[20.3443,42.8279],[19.944,43.0816],[19.5516,43.2123],[19.1943,43.5333]]]}},{"type":"Feature","properties":{"code":"MG","name":"Madagascar"},"geometry":{"type":"Polygon","coordinates":[[[49.5383,-12.4321],[49.207,-12.0796],[48.8996,-12.4585],[48.9104,-12.9358],[48.7965,-13.2675],[48.4051,-13.538],[48.2553,-13.7193],[48.0398,-13.5963],[47.896,-13.7307],[47.9955,-13.9604],[47.7733,-14.3699],[47.8115,-14.5448],[47.5247,-14.9922],[47.4964,-14.8184],[47.352,-14.7661],[47.2805,-14.9427],[46.9933,-15.2432],[46.882,-15.2296],[46.4751,-15.5135],[46.3314,-15.7137],[45.7002,-15.8138],[45.5982,-15.9926],[45.3422,-16.0367],[45.1668,-15.9828],[44.9092,-16.1745],[44.4762,-16.2173],[44.4271,-16.2891],[44.4214,-16.7026],[43.9794,-17.3916],[44.04,-18.2885],[44.2331,-18.7406],[44.2388,-19.0752],[44.4488,-19.4287],[44.4047,-19.9221],[44.2396,-20.3797],[43.9111,-20.8658],[43.8002,-21.1792],[43.5019,-21.3564],[43.4378,-21.6467],[43.2666,-22.0493],[43.2648,-22.3836],[43.3979,-22.8863],[43.5695,-23.0805],[43.7223,-23.5297],[43.6461,-23.7419],[43.6875,-24.3579],[43.8516,-24.5384],[44.0354,-24.9957],[44.3459,-25.2261],[44.8129,-25.3342],[45.1152,-25.5431],[45.508,-25.5632],[46.1587,-25.2304],[46.7285,-25.1499],[47.035,-24.979],[47.1773,-24.7872],[47.3726,-24.2185],[47.558,-23.8746],[47.7395,-23.2334],[47.9084,-22.4658],[48.1759,-21.8431],[48.3508,-21.349],[48.607,-20.4575],[48.7975,-19.9532],[49.0601,-19.1196],[49.3629,-18.3363],[49.4778,-17.8985],[49.4937,-17.6695],[49.4371,-17.3467],[49.5396,-17.0329],[49.7672,-16.8151],[49.8391,-16.4865],[49.8311,-16.2559],[49.7128,-16.0768],[49.6499,-15.567],[49.8926,-15.4577],[50.0204,-15.8018],[50.209,-15.9604],[50.4046,-15.6291],[50.4827,-15.3856],[50.4413,-15.1493],[50.2354,-14.732],[50.1738,-14.0402],[49.9375,-13.0723],[49.6378,-12.6371],[49.5383,-12.4321]]]}},{"type":"Feature","properties":{"code":"MK","name":"North Macedonia"},"geometry":{"type":"Polygon","coordinates":[[[21.5625,42.2475],[21.2563,42.0995],[21.0598,42.1713],[20.7781,42.071],[20.5662,41.8737],[20.4486,41.5213],[20.489,41.2726],[20.7408,40.9053],[20.9643,40.8499],[21.5758,40.8689],[21.9295,41.1074],[22.2377,41.1552],[22.4936,41.1185],[22.7248,41.1785],[22.916,41.3363],[23.0057,41.7169],[22.8368,41.9936],[22.5827,42.1048],[22.344,42.314],[22.2397,42.3582],[21.5625,42.2475]]]}},{"type":"Feature","properties":{"code":"ML","name":"Mali"},"geometry":{"type":"Polygon","coordinates":[[[-11.3894,12.4044],[-11.5022,12.1986],[-11.3052,12.0154],[-10.9332,12.2052],[-10.6773,11.8994],[-10.4658,12.1387],[-10.2749,12.2126],[-9.8207,12.0425],[-9.3581,12.2554],[-9.3652,12.4793],[-9.0431,12.4023],[-8.8183,11.9225],[-8.822,11.6732],[-8.6649,11.515],[-8.4075,11.3863],[-8.6639,11.0358],[-8.3374,10.9906],[-8.3241,10.7495],[-8.2315,10.438],[-8.0073,10.3219],[-7.9906,10.1625],[-7.8142,10.2366],[-7.6611,10.4274],[-7.4979,10.4398],[-7.3632,10.2594],[-7.1049,10.2035],[-6.9503,10.3423],[-6.6933,10.3495],[-6.5646,10.5864],[-6.2611,10.7241],[-6.1907,10.4003],[-6.2413,10.2792],[-6.0346,10.1948],[-5.8438,10.3896],[-5.5235,10.426],[-5.4571,10.7714],[-5.4905,11.0424],[-5.2999,11.206],[-5.2294,11.5225],[-5.2881,11.8279],[-5.1059,11.9675],[-4.7979,12.0321],[-4.5869,12.155],[-4.4287,12.3376],[-4.4806,12.6722],[-4.2271,12.7937],[-4.3287,13.119],[-4.0512,13.3824],[-3.8535,13.3735],[-3.5758,13.1942],[-3.3018,13.2808],[-3.2702,13.5774],[-3.1984,13.6729],[-2.9171,13.6795],[-2.8739,13.9507],[-2.5867,14.2276],[-2.4572,14.2741],[-2.1132,14.1685],[-1.973,14.4565],[-1.7678,14.486],[-1.0496,14.8195],[-0.7604,15.0478],[-0.2359,15.0594],[0.2175,14.9115],[0.2862,14.9802],[0.7187,14.9549],[0.9601,14.9869],[1.3002,15.2723],[3.0011,15.341],[3.0602,15.4272],[3.5043,15.3563],[3.5205,15.4831],[3.877,15.7553],[4.0148,16.1927],[4.1213,16.3577],[4.2347,16.9964],[4.2319,17.8305],[4.2276,19.1428],[3.4009,18.9884],[3.1061,19.1501],[3.2559,19.4109],[3.2037,19.7897],[2.8657,19.956],[2.4062,20.0639],[2.2193,20.2478],[1.9288,20.2727],[1.6854,20.3784],[1.6106,20.5556],[1.1657,20.8174],[1.1455,21.1022],[-0.3105,22.0542],[-1.293,22.6965],[-2.2754,23.3389],[-3.2579,23.9812],[-4.8226,24.9956],[-6.5941,24.9946],[-6.482,24.0208],[-6.3681,23.0261],[-6.1973,21.5342],[-6.0834,20.5395],[-5.8841,18.7989],[-5.7417,17.5556],[-5.6287,16.5687],[-5.3599,16.2829],[-5.5125,15.4963],[-6.3357,15.4962],[-7.5594,15.4961],[-9.1768,15.4961],[-9.9414,15.3738],[-10.4118,15.4379],[-10.6966,15.4227],[-10.8956,15.1505],[-11.5027,15.6368],[-11.7602,15.4255],[-11.8729,14.9952],[-12.1047,14.7454],[-12.2806,14.809],[-12.1865,14.6481],[-12.2284,14.4586],[-12.0192,14.2065],[-11.9609,13.8753],[-12.0542,13.6331],[-11.8946,13.4444],[-11.635,13.3699],[-11.3904,12.942],[-11.4488,12.5319],[-11.3894,12.4044]]]}},{"type":"Feature","properties":{"code":"MM","name":"Myanmar"},"geometry":{"type":"MultiPolygon","coordinates":[[[[100.1225,20.3167],[100.2493,20.7303],[100.5651,20.8251],[100.5361,20.9924],[100.7566,21.3126],[100.9275,21.3662],[101.1389,21.5675],[101.1207,21.7461],[100.8352,21.6552],[100.5313,21.4581],[100.2147,21.463],[99.9256,21.8208],[99.9177,22.028],[99.193,22.126],[99.3377,22.498],[99.3852,22.8251],[99.5071,22.9591],[99.3408,23.0959],[98.8638,23.1913],[98.8322,23.6244],[98.6809,23.8418],[98.7644,24.1161],[98.2125,24.1106],[97.686,23.8981],[97.6666,24.38],[97.5314,24.4917],[97.5833,24.7748],[97.7238,24.842],[97.7149,25.0343],[97.8195,25.2519],[98.0107,25.2925],[98.1726,25.5945],[98.3338,25.5868],[98.4655,25.7889],[98.6547,25.9178],[98.7318,26.5834],[98.7165,27.0449],[98.6512,27.5725],[98.5045,27.6477],[98.2988,27.5501],[98.0989,28.1423],[97.8649,28.3636],[97.5379,28.5102],[97.3225,28.218],[97.3352,27.9377],[96.8997,27.6438],[96.902,27.4396],[97.1037,27.1633],[96.8803,27.1778],[96.6657,27.3393],[96.0614,27.2171],[95.9053,27.0466],[95.4639,26.7561],[95.1287,26.5973],[95.0598,26.474],[95.1324,26.0413],[94.992,25.7705],[94.6229,25.41],[94.5544,25.2435],[94.7076,25.0487],[94.5841,24.7672],[94.2931,24.3219],[94.1276,23.8765],[93.6834,24.0065],[93.3073,24.0219],[93.4149,23.6821],[93.366,23.1325],[93.1625,22.908],[93.0787,22.7182],[93.162,22.3602],[92.9646,22.0038],[92.689,22.131],[92.5749,21.9781],[92.5935,21.4673],[92.5392,21.3198],[92.3306,21.4398],[92.1796,21.2931],[92.3241,20.7918],[92.608,20.4699],[92.7356,20.5627],[92.8911,20.3403],[92.7912,20.2114],[93.002,20.0749],[93.3623,20.0583],[93.5818,19.9096],[93.6117,19.7761],[93.9981,19.4409],[93.8249,19.2385],[93.5786,19.4012],[93.4931,19.3695],[93.7055,19.0269],[94.07,18.8934],[94.2521,18.6092],[94.4308,18.2017],[94.4943,17.8246],[94.589,17.5693],[94.5645,17.3085],[94.4731,17.1354],[94.3534,16.6399],[94.2713,16.5173],[94.2143,16.1266],[94.299,16.0076],[94.5875,16.2888],[94.6808,16.1333],[94.6615,15.9044],[94.8912,15.9791],[94.9426,15.8183],[95.177,15.8257],[95.3896,15.7228],[95.6795,15.9768],[95.7633,16.169],[96.0123,16.2537],[96.3243,16.4444],[96.6225,16.5639],[96.8106,16.7784],[96.9086,17.031],[96.8509,17.2029],[96.9701,17.3173],[97.1783,17.062],[97.3759,16.5229],[97.6196,16.5372],[97.6406,16.2539],[97.5843,16.0196],[97.7104,15.8755],[97.7998,15.1849],[97.8123,14.8589],[97.9984,14.3353],[98.1002,14.1615],[98.1106,13.7129],[98.2454,13.7335],[98.4213,13.4838],[98.576,13.1619],[98.6963,12.2252],[98.6363,11.7384],[98.7414,11.5917],[98.7447,11.2404],[98.6756,10.9869],[98.4649,10.6758],[98.523,10.3531],[98.4969,10.1825],[98.7025,10.1904],[98.7684,10.4309],[98.7572,10.6609],[99.1901,11.1053],[99.4779,11.6125],[99.6147,11.7812],[99.4629,12.1902],[99.4051,12.5479],[99.2198,12.7397],[99.1074,13.1035],[99.1762,13.2331],[99.1368,13.7167],[98.9336,14.0499],[98.57,14.3599],[98.246,14.8147],[98.191,15.2041],[98.5652,15.4036],[98.5924,16.0507],[98.818,16.1808],[98.6893,16.3054],[98.4781,16.7322],[98.4389,16.9757],[98.2565,17.1477],[97.793,17.6812],[97.6985,17.8335],[97.7197,18.0374],[97.485,18.4942],[97.754,18.6208],[97.7061,18.9318],[97.8039,19.1305],[97.8168,19.46],[98.111,19.7622],[98.2391,19.6907],[98.9167,19.7729],[99.0207,20.0418],[99.3379,20.0789],[99.6387,20.3205],[99.8903,20.4244],[100.1225,20.3167]]],[[[93.7148,19.5583],[93.7559,19.3257],[93.9457,19.4286],[93.7148,19.5583]]]]}},{"type":"Feature","properties":{"code":"MN","name":"Mongolia"},"geometry":{"type":"Polygon","coordinates":[[[87.8143,49.1623],[87.7432,48.8816],[88.0279,48.7356],[87.9797,48.5551],[88.5171,48.3845],[88.576,48.2202],[89.0477,48.0025],[89.5609,48.004],[89.7781,47.827],[90.0279,47.8777],[90.3133,47.6762],[90.4962,47.2852],[90.7155,47.0039],[90.8699,46.9545],[91.0339,46.529],[90.9115,46.2707],[91.0018,46.0358],[90.7097,45.7308],[90.6618,45.5252],[90.8772,45.1961],[91.05,45.2174],[91.5844,45.0765],[92.4238,45.0089],[92.7879,45.0357],[93.6564,44.901],[93.9579,44.675],[94.1993,44.6452],[94.712,44.3508],[95.0498,44.2594],[95.3503,44.2781],[95.3564,44.006],[95.5256,43.954],[95.9125,43.2065],[96.2995,42.9287],[96.3854,42.7204],[97.2057,42.7898],[99.4679,42.5682],[99.9838,42.6773],[101.092,42.5513],[101.4953,42.5388],[101.7139,42.4658],[101.9729,42.2159],[102.1566,42.1581],[103.0729,42.006],[103.7111,41.7513],[104.4982,41.877],[104.4982,41.6587],[105.0506,41.6159],[105.1971,41.738],[105.8676,41.994],[106.77,42.2887],[108.1712,42.4473],[108.6873,42.4161],[109.4432,42.456],[110.4004,42.7737],[111.0072,43.3414],[111.5474,43.4963],[111.9332,43.7114],[111.8369,43.9347],[111.5197,44.1919],[111.4022,44.3673],[111.6213,44.8271],[111.898,45.0641],[112.4113,45.0582],[112.5968,44.9177],[113.0494,44.8104],[113.587,44.7457],[114.0303,44.9426],[114.4191,45.2026],[114.5172,45.3646],[115.6811,45.4583],[116.2406,45.796],[116.213,45.8869],[116.5626,46.2898],[116.8591,46.3879],[117.3334,46.362],[117.4056,46.5709],[117.6711,46.5221],[118.3087,46.717],[118.7229,46.6919],[118.8439,46.7602],[119.1621,46.6387],[119.7066,46.606],[119.8979,46.8578],[119.7111,47.15],[119.1229,47.5585],[118.76,47.7576],[118.4984,47.984],[118.1471,48.0289],[117.7684,47.9879],[117.3508,47.6522],[117.0697,47.8064],[116.7605,47.8698],[116.2312,47.8582],[115.8982,47.6869],[115.5576,47.945],[115.5251,48.1309],[115.7855,48.2482],[115.8205,48.5772],[115.9538,48.6894],[116.6833,49.8238],[116.5512,49.9203],[116.1346,50.0108],[115.7178,49.8806],[115.2745,49.9489],[114.7432,50.2337],[114.2971,50.2744],[113.5742,50.007],[113.1642,49.7972],[113.0556,49.6163],[112.8064,49.5236],[112.4949,49.5323],[112.0797,49.4242],[111.3366,49.3559],[110.8279,49.1662],[110.4278,49.22],[110.1999,49.1704],[109.2367,49.3349],[108.6137,49.3228],[108.0338,49.594],[107.9479,49.9247],[107.2333,49.9894],[106.7111,50.3126],[106.2179,50.3046],[105.3836,50.4737],[105.0947,50.3899],[104.4663,50.3062],[104.1797,50.1694],[103.6329,50.1386],[103.1617,50.2907],[102.6833,50.3872],[102.2884,50.5851],[102.1115,51.3535],[101.5709,51.4672],[101.3812,51.4526],[100.5362,51.7135],[99.9217,51.7555],[99.7192,51.8716],[98.8486,52.0701],[98.6405,51.8012],[98.3527,51.7176],[98.2199,51.5056],[97.9469,51.3484],[97.8253,50.9853],[98.0298,50.6446],[98.2795,50.5333],[98.2503,50.3024],[98.1034,50.0778],[97.5894,49.9115],[97.2086,49.7308],[96.9857,49.8828],[96.315,49.9011],[95.852,50.0129],[95.5227,49.9112],[94.6147,50.0237],[94.3547,50.2218],[94.2511,50.5564],[93.1031,50.6039],[92.9413,50.7782],[92.6267,50.6883],[92.3548,50.8642],[92.1924,50.7006],[91.8043,50.6936],[91.3408,50.4701],[91.0216,50.4155],[90.5169,50.2133],[90.005,50.0693],[89.6438,49.903],[89.6541,49.7175],[88.8316,49.4484],[88.1926,49.4517],[88.1157,49.2563],[87.8143,49.1623]]]}},{"type":"Feature","properties":{"code":"MO","name":"Macao"},"geometry":{"type":"Polygon","coordinates":[[[113.4789,22.1956],[113.5271,22.2459],[113.4941,22.2416],[113.4789,22.1956]]]}},{"type":"Feature","properties":{"code":"MR","name":"Mauritania"},"geometry":{"type":"Polygon","coordinates":[[[-12.2806,14.809],[-12.1047,14.7454],[-11.8729,14.9952],[-11.7602,15.4255],[-11.5027,15.6368],[-10.8956,15.1505],[-10.6966,15.4227],[-10.4118,15.4379],[-9.9414,15.3738],[-9.1768,15.4961],[-7.5594,15.4961],[-6.3357,15.4962],[-5.5125,15.4963],[-5.3599,16.2829],[-5.6287,16.5687],[-5.7417,17.5556],[-5.8841,18.7989],[-6.0834,20.5395],[-6.1973,21.5342],[-6.3681,23.0261],[-6.482,24.0208],[-6.5941,24.9946],[-4.8226,24.9956],[-6.2387,25.8482],[-7.367,26.5118],[-8.6833,27.2859],[-8.6822,25.9955],[-10.3761,25.9955],[-12.0163,25.9954],[-12.0163,24.5148],[-12.0234,23.4676],[-12.3729,23.318],[-12.6204,23.2713],[-13.0315,23.0002],[-13.1665,22.7532],[-13.0943,22.496],[-13.0162,21.3339],[-13.8554,21.333],[-15.2312,21.3313],[-16.9646,21.3292],[-17.048,20.8062],[-16.9982,21.0397],[-16.8761,21.0861],[-16.6225,20.6342],[-16.4298,20.6523],[-16.2104,20.2279],[-16.2834,19.7872],[-16.5145,19.362],[-16.2131,19.0033],[-16.085,18.5212],[-16.0303,17.8879],[-16.0789,17.5458],[-16.3467,16.9264],[-16.5357,16.2868],[-16.5353,15.8384],[-16.441,16.2045],[-16.3023,16.4513],[-16.1684,16.5471],[-15.959,16.4921],[-15.6208,16.5066],[-15.1126,16.6449],[-14.5337,16.656],[-14.3001,16.5803],[-13.975,16.3111],[-13.8685,16.1481],[-13.5555,16.144],[-13.4097,16.0592],[-13.258,15.7004],[-12.9943,15.5049],[-12.8585,15.2425],[-12.5436,15.039],[-12.2806,14.809]]]}},{"type":"Feature","properties":{"code":"MS","name":"Montserrat"},"geometry":{"type":"Polygon","coordinates":[[[-62.1484,16.7403],[-62.223,16.7516],[-62.2216,16.6995],[-62.1542,16.6812],[-62.1484,16.7403]]]}},{"type":"Feature","properties":{"code":"MT","name":"Malta"},"geometry":{"type":"Polygon","coordinates":[[[14.5662,35.8527],[14.4483,35.9574],[14.3523,35.8723],[14.4364,35.8217],[14.5662,35.8527]]]}},{"type":"Feature","properties":{"code":"MW","name":"Malawi"},"geometry":{"type":"Polygon","coordinates":[[[33.2018,-14.0134],[33.6364,-14.5682],[34.3325,-14.4086],[34.5053,-14.5981],[34.5512,-14.9224],[34.5408,-15.2973],[34.2482,-15.8875],[34.376,-16.0237],[34.3955,-16.1992],[34.9334,-16.7604],[35.1121,-16.8985],[35.1246,-17.1272],[35.2904,-17.097],[35.2812,-16.8078],[35.1672,-16.5603],[35.3585,-16.1605],[35.7553,-16.0583],[35.8303,-15.4189],[35.8054,-15.2656],[35.8667,-14.8638],[35.8472,-14.6709],[35.2475,-13.8969],[34.8505,-13.516],[34.6616,-13.4867],[34.5637,-13.3602],[34.4829,-12.6668],[34.3608,-12.2105],[34.6596,-11.5887],[34.9595,-11.5781],[34.5977,-11.0375],[34.6618,-10.7101],[34.5836,-10.5251],[34.5242,-10.0302],[34.3209,-9.7315],[33.9956,-9.4954],[33.9439,-9.6722],[33.6977,-9.5981],[33.4209,-9.608],[33.3309,-9.5191],[32.9199,-9.4074],[32.996,-9.6229],[33.1957,-9.6262],[33.351,-9.8622],[33.3115,-10.038],[33.5289,-10.2347],[33.6591,-10.5905],[33.4647,-10.7831],[33.2613,-10.8934],[33.3798,-11.1579],[33.2264,-11.5349],[33.301,-11.8882],[33.2523,-12.1126],[33.3979,-12.4898],[33.0216,-12.6305],[32.9676,-13.225],[32.8519,-13.457],[32.6721,-13.6104],[32.9921,-14.0222],[33.2018,-14.0134]]]}},{"type":"Feature","properties":{"code":"MX","name":"Mexico"},"geometry":{"type":"MultiPolygon","coordinates":[[[[-117.1283,32.5333],[-116.9137,32.1985],[-116.848,31.9974],[-116.6208,31.8511],[-116.6622,31.5649],[-116.3334,31.2028],[-116.2963,30.9705],[-116.0622,30.8042],[-115.9958,30.4145],[-115.8156,30.3036],[-115.6738,29.7564],[-115.1664,29.4272],[-114.9935,29.3844],[-114.1455,28.6054],[-114.0485,28.4262],[-114.1853,28.0133],[-114.3006,27.873],[-114.57,27.7839],[-114.9935,27.736],[-114.5399,27.4311],[-114.4453,27.2182],[-113.841,26.9665],[-113.5985,26.7213],[-113.2058,26.857],[-113.0208,26.5833],[-112.6584,26.3167],[-112.3772,26.2139],[-112.1738,25.9126],[-112.0558,25.4882],[-112.1285,25.0431],[-112.0726,24.84],[-111.4193,24.329],[-111.0362,24.1053],[-110.63,23.7373],[-110.3627,23.6049],[-110.1806,23.3415],[-110.086,23.0055],[-109.9234,22.8859],[-109.7284,22.9818],[-109.4581,23.2147],[-109.4208,23.4801],[-109.6766,23.6616],[-109.7105,23.8038],[-110.0228,24.1746],[-110.547,24.2142],[-110.7345,24.5898],[-110.6772,24.7885],[-110.8939,25.1442],[-111.0344,25.527],[-111.2916,25.7898],[-111.3321,26.1254],[-111.5697,26.7076],[-112.0091,26.9671],[-112.1915,27.1867],[-112.3292,27.5234],[-112.734,27.826],[-112.8708,28.4242],[-113.0937,28.5118],[-113.2056,28.7988],[-113.4997,28.9267],[-113.5453,29.1022],[-113.7555,29.3675],[-114.1792,29.7343],[-114.3726,29.8302],[-114.6498,30.2381],[-114.6333,30.5069],[-114.761,30.9587],[-114.8819,31.1564],[-114.8395,31.7985],[-114.5487,31.7335],[-114.1493,31.5074],[-113.9478,31.6293],[-113.633,31.4676],[-113.6235,31.3459],[-113.0467,31.1792],[-113.1104,30.7933],[-112.8248,30.3001],[-112.7384,29.9854],[-112.4146,29.5364],[-112.3782,29.3477],[-112.2235,29.2695],[-112.1618,29.0189],[-111.9408,28.8232],[-111.6801,28.4706],[-111.4717,28.384],[-111.1214,27.967],[-110.9208,27.8889],[-110.5299,27.8642],[-110.6155,27.6539],[-110.4778,27.3227],[-110.2771,27.1622],[-109.944,27.0793],[-109.7548,26.7029],[-109.4829,26.7104],[-109.2763,26.5339],[-109.1997,26.3052],[-109.4256,26.0326],[-109.385,25.7271],[-109.0288,25.4805],[-108.751,25.4242],[-108.3737,25.1943],[-108.0928,25.0935],[-108.2077,24.9748],[-108.0151,24.7834],[-107.9512,24.6149],[-107.5119,24.4892],[-107.5272,24.3601],[-106.9355,23.8813],[-106.5665,23.4495],[-106.4022,23.1956],[-105.7918,22.6275],[-105.6455,22.3269],[-105.6491,21.9881],[-105.4314,21.6183],[-105.2087,21.4908],[-105.2371,21.1192],[-105.4924,20.7766],[-105.3271,20.753],[-105.2602,20.5791],[-105.5426,20.4979],[-105.6694,20.3856],[-105.4821,19.9761],[-105.2864,19.7065],[-105.1077,19.5622],[-104.9385,19.3094],[-104.4052,19.0912],[-103.9125,18.8285],[-103.4416,18.3254],[-102.6996,18.0628],[-102.2166,17.9574],[-101.8471,17.9223],[-101.6003,17.6516],[-100.8478,17.2005],[-100.0245,16.9205],[-99.6907,16.7196],[-98.7622,16.5348],[-98.5203,16.3048],[-98.139,16.2063],[-97.7548,15.9668],[-97.1847,15.9093],[-96.808,15.7264],[-96.5108,15.6519],[-96.2136,15.6931],[-95.7718,15.8878],[-95.4644,15.9747],[-95.1344,16.177],[-94.9004,16.4175],[-94.6615,16.2019],[-94.3742,16.2848],[-93.9161,16.0536],[-92.8089,15.1386],[-92.2352,14.5454],[-92.1864,14.8184],[-92.0748,15.0742],[-92.1872,15.3209],[-91.7366,16.0702],[-90.4472,16.0727],[-90.417,16.391],[-90.6341,16.5107],[-90.7107,16.7081],[-90.9758,16.8678],[-91.4096,17.2559],[-90.993,17.2524],[-90.9892,17.8164],[-89.1615,17.8148],[-89.0504,17.9997],[-88.8063,17.9655],[-88.523,18.4459],[-88.2957,18.4724],[-88.1968,18.7197],[-88.0111,18.7269],[-88.0564,18.5245],[-87.8532,18.269],[-87.7618,18.4461],[-87.4248,19.5833],[-87.6877,19.6371],[-87.4319,19.8985],[-87.4672,20.1021],[-87.2212,20.5073],[-86.8647,20.8851],[-86.7718,21.1505],[-86.8241,21.4217],[-87.0348,21.5922],[-87.2509,21.447],[-88.1316,21.6159],[-88.4667,21.5694],[-88.8787,21.4141],[-89.8198,21.2746],[-90.3531,21.0094],[-90.4841,20.5563],[-90.5071,19.9119],[-90.6932,19.7299],[-90.7393,19.3522],[-90.955,19.1517],[-91.3431,18.9006],[-91.2752,18.6245],[-91.534,18.4565],[-91.803,18.4706],[-91.9738,18.7159],[-92.441,18.6753],[-92.7101,18.6117],[-92.8848,18.4687],[-93.1273,18.4234],[-93.5523,18.4305],[-94.189,18.1953],[-94.5462,18.1749],[-94.7981,18.5146],[-95.0147,18.5706],[-95.1818,18.7007],[-95.8211,18.7546],[-95.9847,19.0538],[-96.2896,19.3438],[-96.4561,19.8698],[-96.7087,20.1883],[-97.1214,20.615],[-97.5006,21.398],[-97.6375,21.6037],[-97.7538,22.0267],[-97.8578,22.6245],[-97.7452,22.9424],[-97.7659,23.3062],[-97.6677,24.39],[-97.5071,25.0146],[-97.2249,25.5854],[-97.1462,25.9615],[-97.3582,25.8705],[-97.8014,26.042],[-98.0828,26.0645],[-98.5983,26.2378],[-99.1078,26.4469],[-99.2299,26.7619],[-99.4436,27.0367],[-99.5053,27.5483],[-99.7542,27.7299],[-100.0014,28.0479],[-100.296,28.3277],[-100.3317,28.5025],[-100.5497,28.8213],[-100.6586,29.0686],[-101.4404,29.7769],[-101.9909,29.7957],[-102.2689,29.8712],[-102.6149,29.7523],[-102.7342,29.6439],[-102.892,29.2164],[-103.09,29.0419],[-103.2577,29.0011],[-103.8529,29.2911],[-103.9897,29.3231],[-104.4006,29.5737],[-104.6813,29.9905],[-104.6813,30.1344],[-104.9788,30.6459],[-105.2758,30.8073],[-105.8127,31.241],[-106.2557,31.5447],[-106.4532,31.7702],[-108.2118,31.7793],[-108.2145,31.3294],[-109.2748,31.3274],[-111.042,31.3242],[-112.939,31.9163],[-114.8359,32.5083],[-114.7248,32.7153],[-116.2698,32.5976],[-117.1283,32.5333]]],[[[-113.1556,29.0522],[-113.2021,29.3019],[-113.5806,29.4132],[-113.2647,29.0967],[-113.1556,29.0522]]],[[[-112.2031,29.0053],[-112.2851,29.2404],[-112.4698,29.1677],[-112.5141,28.8476],[-112.2784,28.7693],[-112.2031,29.0053]]]]}},{"type":"Feature","properties":{"code":"MY","name":"Malaysia"},"geometry":{"type":"MultiPolygon","coordinates":[[[[100.1191,6.442],[100.3433,5.9842],[100.3526,5.5877],[100.4734,5.0443],[100.6146,4.6522],[100.6146,4.3734],[100.7955,4.0234],[100.7154,3.9662],[101.0248,3.6247],[101.2999,3.2533],[101.3543,3.0111],[101.2955,2.8852],[101.5197,2.6836],[101.7812,2.5736],[102.1456,2.2485],[102.5482,2.0424],[102.7271,1.8556],[103.3568,1.5461],[103.4803,1.3295],[103.6945,1.4497],[103.9915,1.4548],[104.1764,1.3649],[104.2885,1.4807],[104.2186,1.7229],[103.8122,2.5805],[103.5373,2.7748],[103.4395,2.9331],[103.4535,3.5206],[103.362,3.7691],[103.4688,4.3933],[103.4158,4.8503],[103.197,5.2622],[102.9824,5.525],[102.5344,5.8625],[102.3401,6.172],[102.1011,6.2422],[101.8736,5.8253],[101.65,5.796],[101.5561,5.9078],[101.257,5.7894],[101.114,5.6368],[100.9816,5.771],[101.0756,5.9565],[101.0535,6.2426],[100.8739,6.2454],[100.7938,6.4262],[100.3454,6.5499],[100.1768,6.6718],[100.1191,6.442]]],[[[117.5744,4.1706],[117.741,4.3375],[118.0082,4.2502],[118.498,4.3624],[118.5625,4.5021],[118.1854,4.8285],[118.3818,5.0185],[118.6721,4.9641],[119.1322,5.1005],[119.2497,5.1987],[119.2234,5.4126],[118.9573,5.429],[118.5948,5.5921],[118.4563,5.7634],[118.1158,5.8625],[118.0038,6.0533],[117.8177,5.9404],[117.6172,5.9407],[117.6457,6.4737],[117.294,6.6769],[117.2524,6.9192],[117.1285,6.9689],[116.9133,6.6597],[116.8077,6.6911],[116.7498,6.9771],[116.4947,6.5217],[116.1384,6.1295],[116.0598,5.8824],[115.7969,5.5361],[115.5564,5.5667],[115.419,5.4132],[115.5198,5.0489],[115.3749,4.9328],[115.14,4.8998],[115.2667,4.634],[115.2467,4.3472],[115.107,4.3904],[115.0268,4.8997],[114.7467,4.7181],[114.8402,4.3932],[114.7762,4.1688],[114.6083,4.024],[114.2241,4.4779],[114.0639,4.5927],[113.9239,4.2432],[113.4461,3.7406],[113.0447,3.2052],[112.7373,3.0705],[112.1188,2.9147],[111.7277,2.8538],[111.4433,2.6343],[111.4438,2.3815],[111.2422,2.4357],[111.2682,2.1397],[111.1542,1.7388],[110.9399,1.5173],[110.6752,1.548],[110.3492,1.7197],[109.9846,1.7176],[109.7196,1.8578],[109.6289,2.0275],[109.539,1.8962],[109.654,1.6149],[110.3152,0.996],[110.5058,0.862],[110.9381,1.0173],[111.2867,1.0432],[111.7697,0.9995],[112.0785,1.1434],[112.1857,1.4391],[112.4762,1.5591],[112.943,1.567],[113.0065,1.4339],[113.6223,1.2359],[113.9023,1.4343],[114.3871,1.5],[114.5459,1.4671],[114.7035,1.8508],[114.8306,1.98],[114.7864,2.2505],[115.1791,2.5232],[115.0808,2.6342],[115.0863,2.8411],[115.247,3.0259],[115.4544,3.0343],[115.5661,3.4458],[115.5685,3.9388],[115.6788,4.193],[115.8962,4.3487],[116.4146,4.3082],[116.5147,4.3708],[117.1006,4.3371],[117.5744,4.1706]]]]}},{"type":"Feature","properties":{"code":"MZ","name":"Mozambique"},"geometry":{"type":"Polygon","coordinates":[[[31.2879,-22.4021],[31.5317,-23.2795],[31.5456,-23.4823],[31.7996,-23.8922],[31.9858,-24.4606],[31.9846,-25.6319],[31.9482,-25.9576],[32.0605,-26.0184],[32.0414,-26.2812],[32.106,-26.52],[32.1129,-26.8395],[32.8861,-26.8493],[32.9336,-26.2523],[32.7035,-26.1585],[32.5904,-26.0041],[32.7922,-25.6443],[32.9611,-25.4904],[33.3475,-25.2609],[33.836,-25.068],[34.6073,-24.8213],[35.156,-24.5414],[35.4381,-24.1712],[35.542,-23.8244],[35.3704,-23.7982],[35.4944,-23.1852],[35.5754,-22.9631],[35.4902,-22.6577],[35.542,-22.3766],[35.3157,-22.3969],[35.3293,-22.0374],[35.2677,-21.651],[35.128,-21.3953],[35.1176,-21.1952],[34.9823,-20.8062],[34.6981,-20.4044],[34.7558,-19.822],[34.9479,-19.8127],[35.3653,-19.4939],[35.6513,-19.1639],[36.125,-18.8424],[36.4037,-18.7697],[36.5401,-18.5182],[36.8996,-18.129],[36.9394,-17.9935],[37.2445,-17.7399],[38.1449,-17.2428],[38.6333,-17.0783],[39.0844,-16.9729],[39.2423,-16.7926],[39.8446,-16.4356],[39.7909,-16.2945],[39.9836,-16.2255],[40.1088,-15.9793],[40.559,-15.4734],[40.651,-15.2609],[40.6178,-15.1155],[40.8352,-14.7915],[40.8182,-14.4676],[40.6399,-14.39],[40.5451,-13.4629],[40.5829,-13.374],[40.5533,-12.8246],[40.5809,-12.6355],[40.5015,-12.1194],[40.5315,-12.0046],[40.4331,-11.6573],[40.4028,-11.332],[40.5445,-11.0656],[40.4866,-10.7651],[40.6117,-10.6615],[40.4636,-10.4644],[39.9887,-10.8208],[39.5635,-10.9785],[39.3216,-11.1226],[38.7947,-11.2289],[38.4918,-11.4133],[38.1766,-11.2787],[37.9202,-11.2947],[37.8293,-11.4819],[37.5417,-11.6751],[37.2184,-11.6865],[36.9789,-11.567],[36.5187,-11.7162],[36.1913,-11.6707],[36.0822,-11.5373],[35.7854,-11.4529],[35.631,-11.582],[34.9595,-11.5781],[34.6596,-11.5887],[34.3608,-12.2105],[34.4829,-12.6668],[34.5637,-13.3602],[34.6616,-13.4867],[34.8505,-13.516],[35.2475,-13.8969],[35.8472,-14.6709],[35.8667,-14.8638],[35.8054,-15.2656],[35.8303,-15.4189],[35.7553,-16.0583],[35.3585,-16.1605],[35.1672,-16.5603],[35.2812,-16.8078],[35.2904,-17.097],[35.1246,-17.1272],[35.1121,-16.8985],[34.9334,-16.7604],[34.3955,-16.1992],[34.376,-16.0237],[34.2482,-15.8875],[34.5408,-15.2973],[34.5512,-14.9224],[34.5053,-14.5981],[34.3325,-14.4086],[33.6364,-14.5682],[33.2018,-14.0134],[31.7289,-14.4961],[31.5379,-14.5771],[30.6733,-14.8191],[30.2318,-14.9903],[30.3506,-15.3497],[30.3961,-15.6431],[30.4378,-15.9953],[31.2362,-16.0236],[31.4898,-16.1797],[31.6876,-16.2142],[31.9398,-16.4288],[32.2433,-16.4487],[32.948,-16.7123],[32.8763,-16.8836],[32.9693,-17.2516],[32.9556,-18.0829],[32.9931,-18.3596],[32.8545,-18.7637],[32.722,-18.8284],[32.7165,-19.0019],[32.8498,-19.1044],[32.7776,-19.3888],[33.0067,-19.8738],[32.9928,-19.9849],[32.6726,-20.5161],[32.4776,-20.713],[32.4762,-20.9501],[32.3536,-21.1365],[32.3711,-21.3349],[31.4295,-22.2988],[31.2879,-22.4021]]]}},{"type":"Feature","properties":{"code":"NA","name":"Namibia"},"geometry":{"type":"Polygon","coordinates":[[[23.3807,-17.6406],[21.4169,-18.0007],[21.1135,-17.9558],[20.6251,-17.9967],[20.393,-17.8874],[19.6394,-17.8687],[19.0765,-17.8177],[18.7181,-17.7032],[18.3964,-17.3994],[16.5311,-17.3908],[15.7658,-17.3896],[13.938,-17.3888],[13.4037,-17.0078],[13.1012,-16.9677],[12.5481,-17.2127],[12.014,-17.1686],[11.7431,-17.2492],[11.7335,-17.751],[11.7759,-18.0018],[12.0957,-18.5409],[12.4582,-18.9268],[13.0421,-20.0282],[13.1684,-20.1847],[13.4506,-20.9167],[13.8394,-21.4732],[13.9732,-21.7676],[14.3219,-22.1899],[14.4628,-22.4491],[14.526,-22.7025],[14.4033,-22.9681],[14.4738,-23.2812],[14.5016,-24.202],[14.8371,-25.0332],[14.8452,-25.7257],[14.9313,-25.9582],[14.9678,-26.3181],[15.1633,-26.6002],[15.1328,-26.7876],[15.3415,-27.3865],[15.719,-27.9658],[16.4476,-28.6176],[16.7558,-28.4521],[16.9333,-28.0696],[17.0562,-28.0311],[17.3857,-28.3532],[17.3479,-28.5012],[17.4479,-28.6981],[18.3108,-28.8862],[18.6004,-28.8553],[19.0261,-28.9279],[19.2458,-28.9017],[19.271,-28.7777],[19.6715,-28.5039],[19.9805,-28.4513],[19.9805,-26.5312],[19.9805,-24.7768],[19.9785,-23.1025],[19.9773,-22.0002],[20.971,-22.0002],[20.9781,-20.9682],[20.9762,-19.7443],[20.9741,-18.3188],[21.2325,-18.3068],[22.0114,-18.1986],[23.0999,-18.0096],[23.2986,-18.0273],[23.5806,-18.4529],[23.8983,-18.2292],[24.359,-17.9782],[24.5306,-18.0527],[24.9091,-17.8214],[25.2588,-17.7936],[24.9324,-17.5435],[24.2749,-17.4811],[23.3807,-17.6406]]]}},{"type":"Feature","properties":{"code":"NC","name":"New Caledonia"},"geometry":{"type":"MultiPolygon","coordinates":[[[[164.2023,-20.2461],[164.1697,-20.4802],[164.4547,-20.8291],[164.9274,-21.2898],[165.242,-21.5255],[166.0961,-21.9566],[166.1767,-22.0892],[166.7741,-22.3762],[166.9703,-22.3229],[166.9424,-22.0901],[166.6896,-21.953],[166.3033,-21.6372],[165.6628,-21.2672],[165.4472,-21.0806],[165.1918,-20.7688],[164.9757,-20.6811],[164.4359,-20.2822],[164.2023,-20.2461]]],[[[167.4009,-21.1606],[167.2935,-20.8915],[167.1339,-21.0606],[167.4009,-21.1606]]]]}},{"type":"Feature","properties":{"code":"NE","name":"Niger"},"geometry":{"type":"Polygon","coordinates":[[[13.6063,13.7046],[13.4482,14.3807],[13.6424,14.6308],[13.8071,14.9661],[14.368,15.7501],[15.4743,16.9084],[15.6376,18.8108],[15.7351,19.9041],[15.9488,20.3032],[15.9293,20.3999],[15.5871,20.7333],[15.6073,20.9544],[15.1818,21.5234],[15.1723,21.9221],[14.979,22.9962],[14.2308,22.6185],[13.5986,23.1195],[13.4812,23.1802],[11.9679,23.5179],[10.9322,22.9073],[9.3787,21.9914],[8.3431,21.3809],[7.4817,20.8731],[6.9894,20.4705],[5.8366,19.4792],[5.7483,19.4342],[4.2276,19.1428],[4.2319,17.8305],[4.2347,16.9964],[4.1213,16.3577],[4.0148,16.1927],[3.877,15.7553],[3.5205,15.4831],[3.5043,15.3563],[3.0602,15.4272],[3.0011,15.341],[1.3002,15.2723],[0.9601,14.9869],[0.7187,14.9549],[0.2862,14.9802],[0.2175,14.9115],[0.1639,14.4972],[0.3825,14.2458],[0.4292,13.9721],[0.6182,13.7034],[0.9777,13.552],[1.0179,13.4679],[0.9873,13.0419],[1.0968,13.0011],[1.5649,12.6354],[1.7898,12.6133],[2.0738,12.714],[2.2115,12.5384],[2.0914,12.278],[2.3892,11.8971],[2.366,12.2219],[2.8781,12.3677],[3.36,11.8805],[3.5954,11.6963],[3.6467,12.53],[3.9479,12.775],[4.0874,13.0555],[4.1476,13.4577],[4.4214,13.6475],[4.8233,13.7598],[5.2419,13.7572],[5.492,13.8729],[6.3863,13.6036],[6.6266,13.3643],[6.8043,13.1077],[7.0567,13.0002],[7.3578,13.1072],[7.7887,13.3379],[8.095,13.2912],[8.7506,12.9082],[9.2016,12.8215],[9.6159,12.8106],[9.9293,13.1353],[10.1847,13.2701],[10.9589,13.3715],[11.4119,13.3536],[11.99,13.1918],[12.118,13.0904],[12.4632,13.0938],[12.6548,13.3266],[13.3238,13.6708],[13.6063,13.7046]]]}},{"type":"Feature","properties":{"code":"NG","name":"Nigeria"},"geometry":{"type":"Polygon","coordinates":[[[13.6063,13.7046],[13.3238,13.6708],[12.6548,13.3266],[12.4632,13.0938],[12.118,13.0904],[11.99,13.1918],[11.4119,13.3536],[10.9589,13.3715],[10.1847,13.2701],[9.9293,13.1353],[9.6159,12.8106],[9.2016,12.8215],[8.7506,12.9082],[8.095,13.2912],[7.7887,13.3379],[7.3578,13.1072],[7.0567,13.0002],[6.8043,13.1077],[6.6266,13.3643],[6.3863,13.6036],[5.492,13.8729],[5.2419,13.7572],[4.8233,13.7598],[4.4214,13.6475],[4.1476,13.4577],[4.0874,13.0555],[3.9479,12.775],[3.6467,12.53],[3.5954,11.6963],[3.4878,11.3954],[3.7164,11.0796],[3.7568,10.7688],[3.8345,10.6074],[3.5766,10.2684],[3.6459,10.1602],[3.5572,9.9073],[3.3252,9.7785],[3.3295,9.667],[3.1361,9.4516],[3.0449,9.0838],[2.7748,9.0485],[2.7329,8.7825],[2.686,7.8737],[2.7505,7.3951],[2.7214,6.9803],[2.7746,6.7117],[2.7064,6.3692],[3.4866,6.4089],[4.1259,6.4114],[4.4313,6.3486],[4.861,6.0263],[5.2324,5.4838],[5.3858,5.4018],[5.3833,5.129],[5.5878,4.6472],[5.7986,4.456],[6.0766,4.2906],[6.757,4.3436],[7.0134,4.3973],[7.1547,4.5144],[8.2931,4.5576],[8.4313,4.7462],[8.5559,4.7552],[8.801,5.1975],[8.9351,5.781],[9.0602,6.0091],[9.3733,6.3196],[9.66,6.532],[9.7799,6.7602],[10.1436,6.9964],[10.2055,6.8916],[10.4823,6.8913],[10.6062,7.0631],[11.0325,6.6979],[11.1533,6.4379],[11.3246,6.4847],[11.5517,6.6973],[11.5801,6.8889],[11.8614,7.1164],[11.7674,7.2723],[12.016,7.5897],[12.156,7.9425],[12.2334,8.2823],[12.4035,8.5956],[12.5827,8.6241],[12.8065,8.8866],[12.9295,9.4263],[13.1755,9.5396],[13.2699,10.0362],[13.4146,10.1714],[13.5354,10.6051],[13.8921,11.1401],[14.2023,11.2682],[14.5598,11.4923],[14.6271,12.1087],[14.5189,12.2982],[14.1975,12.3838],[14.064,13.0785],[13.6063,13.7046]]]}},{"type":"Feature","properties":{"code":"NI","name":"Nicaragua"},"geometry":{"type":"Polygon","coordinates":[[[-83.1575,14.9931],[-83.415,15.0081],[-83.8673,14.7945],[-84.6459,14.6611],[-84.7892,14.7904],[-84.9852,14.7524],[-85.1613,14.5251],[-85.1795,14.3433],[-85.6819,13.9826],[-85.7867,13.8444],[-86.1512,13.9946],[-86.3317,13.7701],[-86.7336,13.7635],[-86.7107,13.3134],[-86.9182,13.2236],[-87.0592,12.9915],[-87.3373,12.9792],[-87.5433,13.0397],[-87.6675,12.9036],[-87.4602,12.7576],[-87.1252,12.4341],[-86.7556,12.1566],[-86.4689,11.7383],[-85.9611,11.3313],[-85.7443,11.0621],[-85.6214,11.1845],[-84.9092,10.9453],[-84.7012,11.0522],[-84.3483,10.9799],[-84.1684,10.7804],[-83.8112,10.7433],[-83.642,10.9172],[-83.8318,11.1305],[-83.8679,11.3],[-83.6518,11.642],[-83.7693,11.9316],[-83.6804,12.0243],[-83.6513,12.2871],[-83.5109,12.4118],[-83.5145,12.9439],[-83.5673,13.3203],[-83.4123,13.9965],[-83.1877,14.3401],[-83.2992,14.749],[-83.1575,14.9931]]]}},{"type":"Feature","properties":{"code":"NL","name":"Netherlands"},"geometry":{"type":"MultiPolygon","coordinates":[[[[5.9939,50.7504],[5.8947,50.9842],[6.1933,51.4889],[5.9485,51.7624],[6.7418,51.9109],[6.749,52.0987],[6.9772,52.2055],[7.0352,52.3802],[6.7488,52.464],[7.0132,52.6335],[7.1899,52.9995],[7.1973,53.2823],[6.8162,53.4412],[6.0622,53.4071],[5.532,53.2687],[5.3584,53.0965],[4.6783,52.8098],[4.4828,52.3092],[3.9469,51.8105],[4.1826,51.6103],[3.7439,51.596],[3.5869,51.4539],[4.2262,51.3865],[4.5034,51.4747],[5.5088,51.275],[5.8271,51.1256],[5.6937,50.7747],[5.9939,50.7504]]],[[[4.2262,51.3865],[3.3501,51.3777],[3.9021,51.2077],[4.2262,51.3865]]]]}},{"type":"Feature","properties":{"code":"NO","name":"Norway"},"geometry":{"type":"MultiPolygon","coordinates":[[[[20.6222,69.0369],[21.1278,69.0808],[21.2668,69.2737],[21.6218,69.2707],[22.4109,68.7199],[23.324,68.649],[23.854,68.8059],[24.9414,68.5933],[25.3571,68.8625],[25.7483,68.9901],[25.7486,69.2314],[26.0115,69.6526],[26.5254,69.915],[27.1087,69.9047],[27.8899,70.0617],[28.4117,69.8228],[29.1416,69.6714],[29.3334,69.473],[28.8463,69.1769],[28.9658,69.022],[29.3883,69.2981],[29.994,69.3925],[30.2275,69.6338],[30.8607,69.5384],[30.8697,69.7834],[29.7921,69.7279],[29.6014,69.9768],[29.9259,70.0965],[30.9441,70.2744],[30.5959,70.5237],[30.2132,70.5433],[29.1023,70.8607],[28.6094,70.7597],[28.3923,70.9753],[27.5971,71.0913],[27.2353,70.9472],[26.9894,70.5114],[26.584,70.4538],[26.734,70.8536],[26.5069,70.9128],[25.4705,70.3406],[25.2735,70.5524],[25.7682,70.8532],[24.658,71.001],[24.2635,70.8263],[24.42,70.702],[23.0465,70.1019],[22.6846,70.3748],[21.4004,70.1745],[21.1631,69.8895],[20.0689,69.8834],[19.1973,69.7479],[18.9911,69.5611],[18.2932,69.4751],[18.1015,69.1563],[17.7046,69.1],[17.3908,68.7994],[16.6519,68.6258],[16.5849,68.4665],[16.0646,68.1999],[15.316,68.0687],[14.7989,67.8093],[14.755,67.499],[13.6211,66.7948],[13.1047,66.5394],[13.1188,66.2307],[12.9761,66.0192],[12.2729,65.5682],[12.1597,65.179],[11.3499,64.9059],[11.2254,64.6795],[10.5656,64.4183],[9.708,63.8649],[9.924,63.5218],[10.7253,63.625],[10.7602,63.4613],[10.0806,63.4327],[9.6969,63.6246],[9.3236,63.5704],[8.8424,63.6459],[8.3981,63.5351],[8.5802,63.3134],[8.2715,63.2866],[8.1006,63.091],[7.5719,63.0995],[7.0085,62.9577],[6.78,62.7007],[7.2421,62.7523],[7.2838,62.6023],[6.3529,62.6111],[6.1185,62.4472],[5.5333,62.3109],[4.9278,61.7107],[5.0027,61.4336],[5.0491,60.7075],[5.244,60.5696],[5.1192,59.8337],[5.7305,59.8631],[5.7722,59.6609],[5.3049,59.6426],[5.1316,59.2265],[5.3623,59.1664],[5.8452,59.3535],[5.9686,59.1861],[5.8543,58.9595],[5.5556,58.9752],[5.5173,58.7265],[5.7068,58.5236],[6.3891,58.268],[6.6599,58.2627],[7.0049,58.0242],[7.4659,58.0209],[8.1661,58.1453],[8.5214,58.3006],[9.6185,58.946],[10.1794,59.0093],[10.6449,59.3892],[10.8345,59.1839],[11.3883,59.0365],[11.6428,58.9261],[11.7981,59.2899],[11.6808,59.5923],[11.9321,59.8637],[12.4861,60.1068],[12.5887,60.4507],[12.2941,61.0027],[12.683,61.0468],[12.8808,61.3523],[12.1554,61.7208],[12.3035,62.2856],[12.1146,62.5919],[12.2182,63.0006],[11.9999,63.2917],[12.1752,63.5959],[12.6625,63.9405],[13.2996,64.0748],[13.9605,64.014],[14.1412,64.1735],[14.0776,64.464],[13.6503,64.5815],[14.4797,65.3015],[14.6352,65.845],[14.5433,66.1293],[15.1533,66.1911],[15.4838,66.306],[15.4229,66.4898],[16.4035,67.055],[16.1274,67.4258],[16.5855,67.6283],[16.7836,67.895],[17.3246,68.1038],[17.9167,67.9649],[18.1767,68.2006],[18.1626,68.5284],[18.3786,68.5624],[19.9698,68.3564],[19.9688,68.542],[20.6222,69.0369]]],[[[15.2071,68.9431],[14.8724,68.9139],[14.3734,68.7114],[15.2221,68.6163],[15.3966,68.7836],[15.2071,68.9431]]],[[[19.2551,70.0664],[18.3493,69.7679],[18.2741,69.5355],[18.7848,69.579],[19.1309,69.8104],[19.5923,69.9702],[19.2551,70.0664]]],[[[17.503,69.5962],[17.0018,69.3619],[16.9718,69.1379],[17.9507,69.1981],[18.0041,69.505],[17.503,69.5962]]],[[[15.7604,68.5612],[15.4126,68.6158],[14.9269,68.3066],[15.9125,68.3893],[16.5192,68.633],[16.0596,68.6805],[15.7604,68.5612]]],[[[21.6081,78.5957],[20.2279,78.4778],[21.0354,78.0592],[21.6084,77.9161],[21.0499,77.441],[22.0568,77.5012],[22.8018,77.2758],[23.8412,77.4978],[24.1298,77.6583],[24.9019,77.7566],[24.2383,77.8985],[23.1167,77.9915],[23.452,78.1495],[22.2995,78.2282],[22.0432,78.577],[21.6081,78.5957]]],[[[20.8979,80.25],[20.3594,80.4009],[19.3547,80.1854],[18.3438,80.0596],[18.725,79.7607],[20.1234,79.7786],[19.6746,79.5912],[20.8611,79.3979],[22.6957,79.3291],[23.9478,79.1943],[24.7506,79.3646],[25.6412,79.403],[26.0059,79.617],[27.1986,79.9066],[26.8608,80.16],[23.9529,80.3046],[22.4508,80.4022],[22.3764,80.0896],[20.8979,80.25]]],[[[16.7867,79.9067],[16.1002,79.8844],[15.8161,79.6818],[15.0523,79.6753],[13.3836,79.4808],[12.7535,79.7758],[10.8659,79.7966],[10.7376,79.5202],[11.2081,79.1296],[12.0458,78.9832],[11.7738,78.7164],[13.1502,78.2375],[14.1104,78.2709],[14.6383,78.4146],[14.4672,78.6754],[15.1373,78.6643],[15.4174,78.4732],[16.4486,78.5036],[16.777,78.3504],[15.6571,78.299],[14.9947,78.1512],[13.6806,78.0281],[13.7911,77.8538],[14.9208,77.6888],[14.695,77.525],[14.0042,77.4452],[14.3658,77.2345],[15.1242,77.0851],[15.5468,76.8864],[16.7005,76.5793],[17.6233,77.3994],[18.2279,77.5226],[18.4393,78.025],[18.9951,78.0815],[19.0557,78.3189],[19.7688,78.6227],[21.3888,78.7404],[20.5007,78.9814],[20.4582,79.1292],[19.0895,79.157],[18.5814,79.5716],[17.5782,79.8847],[16.7867,79.9067]]]]}},{"type":"Feature","properties":{"code":"NP","name":"Nepal"},"geometry":{"type":"Polygon","coordinates":[[[88.1098,27.8706],[87.6827,27.8214],[87.1414,27.8383],[87.0201,27.9287],[86.5545,28.0852],[86.4087,27.9287],[86.0787,28.0836],[85.9541,27.9282],[85.6783,28.2774],[85.1225,28.316],[85.1591,28.5922],[84.7143,28.5956],[84.2287,28.9118],[84.1014,29.22],[83.9359,29.2795],[83.5835,29.1836],[83.1555,29.6126],[82.8543,29.6834],[82.4865,29.9415],[82.159,30.1152],[82.0434,30.3268],[81.6419,30.3875],[81.4172,30.3376],[81.2551,30.0933],[81.0103,30.1645],[80.9076,30.1719],[80.549,29.8998],[80.4019,29.7303],[80.2549,29.4233],[80.233,29.1946],[80.1305,29.1004],[80.0707,28.8302],[80.4186,28.612],[80.587,28.6496],[81.1689,28.335],[81.3108,28.1764],[81.8526,27.8671],[81.9877,27.9138],[82.4514,27.6718],[82.6773,27.6734],[82.7334,27.519],[83.2897,27.371],[83.4472,27.4653],[83.8288,27.3778],[84.091,27.4914],[84.6102,27.2987],[84.6854,27.041],[85.293,26.741],[85.5685,26.8398],[85.7373,26.6397],[86.0073,26.6494],[86.3661,26.5744],[86.7014,26.4351],[87.0164,26.5554],[87.2874,26.3603],[88.0549,26.43],[88.1615,26.7248],[87.9844,27.1339],[88.0241,27.4089],[88.147,27.7492],[88.1098,27.8706]]]}},{"type":"Feature","properties":{"code":"NR","name":"Nauru"},"geometry":{"type":"Polygon","coordinates":[[[166.9584,-0.5166],[166.9136,-0.4991],[166.9164,-0.5465],[166.9584,-0.5166]]]}},{"type":"Feature","properties":{"code":"NZ","name":"New Zealand"},"geometry":{"type":"MultiPolygon","coordinates":[[[[173.1153,-41.2793],[172.9887,-40.8482],[172.7668,-40.7734],[172.6406,-40.5183],[172.2728,-40.7587],[172.1395,-40.9473],[172.0107,-41.4447],[171.8307,-41.6552],[171.4862,-41.7947],[171.257,-42.4653],[170.7416,-42.9273],[170.3028,-43.1076],[169.6615,-43.5912],[169.1695,-43.7771],[168.8064,-43.992],[168.3666,-44.082],[167.787,-44.595],[167.1945,-44.9635],[167.0259,-45.1236],[166.734,-45.5436],[166.836,-45.7745],[166.727,-45.9633],[166.7315,-46.1979],[167.3689,-46.2415],[167.6822,-46.193],[167.842,-46.3662],[168.1892,-46.3622],[168.3821,-46.6054],[168.7668,-46.5663],[169.0986,-46.6307],[169.6866,-46.5517],[170.4191,-45.941],[170.7763,-45.8709],[170.7006,-45.6843],[170.9396,-45.2164],[171.1133,-45.0393],[171.2311,-44.5212],[171.4426,-44.1358],[171.659,-44.1172],[172.3853,-43.8296],[172.4804,-43.7267],[172.9206,-43.8914],[173.0732,-43.6762],[172.807,-43.621],[172.7186,-43.2588],[173.2212,-42.9766],[173.5451,-42.518],[173.8398,-42.2709],[173.888,-42.1302],[174.2831,-41.7406],[174.0924,-41.5052],[174.2371,-41.3122],[174.3025,-41.0195],[173.7379,-40.989],[173.2309,-41.2842],[173.1153,-41.2793]]],[[[168.1449,-46.8622],[167.9558,-46.6944],[167.629,-47.1423],[167.9056,-47.1799],[168.2409,-47.07],[168.1449,-46.8622]]],[[[173.2694,-34.9348],[172.9638,-34.5352],[172.706,-34.4552],[173.1906,-35.0162],[173.1167,-35.2053],[173.9451,-36.1759],[174.0547,-36.3598],[174.2537,-36.2491],[174.4469,-36.4509],[174.3819,-36.726],[174.4756,-36.9419],[174.782,-36.9438],[174.7292,-37.4487],[174.928,-37.8045],[174.7153,-38.2256],[174.5974,-38.7851],[174.3984,-38.9626],[173.8443,-39.1394],[173.7637,-39.3188],[173.9344,-39.5091],[174.3521,-39.6434],[174.5675,-39.813],[175.0093,-39.9521],[175.2541,-40.2894],[175.1625,-40.6216],[174.6354,-41.2895],[174.875,-41.2782],[174.9061,-41.4329],[175.1656,-41.4174],[175.3098,-41.6106],[175.9829,-41.2133],[176.3852,-40.6677],[176.8422,-40.1578],[177.1099,-39.6731],[176.9666,-39.6052],[176.9541,-39.3676],[177.1287,-39.1861],[177.4075,-39.0812],[177.9656,-39.1425],[177.9104,-39.0218],[177.9762,-38.7223],[178.2677,-38.5512],[178.3939,-37.9603],[178.5362,-37.6921],[178.2722,-37.5669],[178.0092,-37.5549],[177.7273,-37.7056],[177.5583,-37.8975],[177.3359,-37.9908],[176.77,-37.8896],[176.2917,-37.6801],[176.1084,-37.6451],[175.9901,-37.437],[175.8762,-36.9577],[175.4608,-36.4757],[175.5425,-37.2014],[175.3854,-37.2069],[175.2995,-36.9933],[174.7225,-36.8412],[174.8192,-36.6121],[174.8021,-36.3095],[174.391,-35.7737],[174.5435,-35.582],[174.3203,-35.2467],[173.8439,-35.0263],[173.2694,-34.9348]]],[[[-176.1776,-43.7403],[-176.5661,-43.7176],[-176.5155,-44.1166],[-176.3338,-44.0484],[-176.5001,-43.8602],[-176.1776,-43.7403]]]]}},{"type":"Feature","properties":{"code":"OM","name":"Oman"},"geometry":{"type":"MultiPolygon","coordinates":[[[[53.0856,16.6484],[53.6099,16.76],[54.0682,17.0055],[54.5665,17.0312],[54.7719,16.9646],[55.0642,17.0389],[55.2956,17.3816],[55.2554,17.5856],[55.4791,17.8433],[55.6139,17.8861],[56.2703,17.9508],[56.5508,18.166],[56.6551,18.5874],[56.826,18.7535],[57.1766,18.9026],[57.6758,18.9579],[57.8116,19.0171],[57.7151,19.6069],[57.8618,20.2441],[58.1029,20.5704],[58.209,20.424],[58.4742,20.4069],[58.8957,21.1128],[59.3715,21.4988],[59.8,22.2199],[59.8232,22.509],[59.5352,22.5785],[59.0299,23.1306],[58.773,23.5172],[58.578,23.6435],[58.3245,23.6238],[58.1204,23.7166],[57.6113,23.8037],[57.2198,23.9228],[56.9125,24.1502],[56.6406,24.4703],[56.388,24.9792],[56.0639,24.7388],[55.9158,24.9718],[55.7957,24.8681],[55.7608,24.2427],[55.9286,24.2151],[55.9852,24.0634],[55.5479,23.9914],[55.5085,23.7246],[55.1999,23.0348],[55.1858,22.7041],[55.641,22.0019],[55.4243,21.3469],[54.9773,19.9959],[53.6669,19.5591],[51.9776,18.9961],[52.7292,17.3004],[52.8006,17.2679],[53.0856,16.6484]]],[[[56.2979,25.6507],[56.3736,25.8046],[56.4298,26.3272],[56.1645,26.207],[56.0805,26.0626],[56.1675,26.0475],[56.1446,25.6905],[56.2979,25.6507]]]]}},{"type":"Feature","properties":{"code":"PA","name":"Panama"},"geometry":{"type":"Polygon","coordinates":[[[-77.3742,8.6583],[-77.6972,8.8895],[-77.8308,9.0681],[-78.0828,9.2363],[-78.5043,9.4063],[-78.9316,9.4285],[-79.0167,9.5104],[-79.5773,9.5979],[-80.1271,9.2099],[-80.5469,9.0819],[-80.8387,8.8872],[-81.3548,8.7806],[-81.7802,8.9572],[-82.0779,8.9349],[-82.2442,9.0315],[-82.3708,9.4286],[-82.5636,9.5767],[-82.801,9.5918],[-82.9398,9.4492],[-82.9403,9.0601],[-82.7412,8.9517],[-82.917,8.7403],[-82.8616,8.4535],[-82.9976,8.3678],[-82.8793,8.0707],[-82.8661,8.2463],[-82.6795,8.322],[-81.7276,8.1375],[-81.5042,7.7212],[-81.2684,7.6255],[-81.0351,7.7111],[-80.8456,7.2201],[-80.4389,7.275],[-80.2873,7.4256],[-80.0112,7.5],[-80.0752,7.667],[-80.4581,8.0771],[-80.3687,8.2888],[-80.1258,8.3497],[-79.7504,8.5955],[-79.6875,8.851],[-79.4415,9.006],[-79.0864,8.9972],[-78.5141,8.6282],[-78.4694,8.4467],[-78.1139,8.3796],[-78.4216,8.061],[-78.3782,7.8999],[-78.1701,7.5438],[-77.9012,7.2293],[-77.7439,7.537],[-77.5866,7.5431],[-77.3508,7.7059],[-77.2123,8.0339],[-77.4073,8.4272],[-77.3742,8.6583]]]}},{"type":"Feature","properties":{"code":"PE","name":"Peru"},"geometry":{"type":"Polygon","coordinates":[[[-69.9659,-4.2359],[-70.3395,-3.8144],[-70.5297,-3.8664],[-70.7351,-3.7815],[-70.074,-2.7502],[-70.0958,-2.6582],[-70.9146,-2.2186],[-71.397,-2.3341],[-71.7525,-2.1527],[-71.9843,-2.3266],[-72.3956,-2.4289],[-72.6253,-2.3517],[-72.8872,-2.4085],[-73.1545,-2.2782],[-73.1265,-2.0811],[-73.197,-1.8303],[-73.4963,-1.6931],[-73.4943,-1.5366],[-73.6643,-1.2488],[-73.8632,-1.1967],[-74.0544,-1.0286],[-74.2464,-0.9706],[-74.4179,-0.5807],[-74.8018,-0.2001],[-75.1384,-0.0505],[-75.2845,-0.1065],[-75.476,-0.1571],[-75.4247,-0.4089],[-75.2632,-0.5554],[-75.2496,-0.9519],[-75.4204,-0.9622],[-75.5706,-1.5312],[-76.0898,-2.1331],[-76.6791,-2.5626],[-77.8606,-2.9816],[-78.1833,-3.3502],[-78.3473,-3.4312],[-78.4198,-3.7769],[-78.5504,-3.9869],[-78.6794,-4.3259],[-78.686,-4.5624],[-78.8615,-4.665],[-79.0763,-4.9906],[-79.331,-4.9278],[-79.6385,-4.4549],[-79.7973,-4.4764],[-80.1396,-4.2961],[-80.3835,-4.4637],[-80.4885,-4.3937],[-80.51,-4.0695],[-80.3033,-4.0051],[-80.1792,-3.8777],[-80.2735,-3.4246],[-80.3247,-3.3879],[-80.7986,-3.7311],[-80.8919,-3.8816],[-81.2832,-4.3223],[-81.3366,-4.6695],[-81.1085,-5.0278],[-81.1677,-5.1671],[-80.9431,-5.4754],[-80.8827,-5.759],[-81.1805,-5.9424],[-81.142,-6.0567],[-80.8116,-6.2822],[-80.1103,-6.6496],[-79.762,-7.0665],[-79.3772,-7.8355],[-79.0123,-8.2102],[-78.7623,-8.617],[-78.7546,-8.7404],[-78.5801,-9.1566],[-78.4457,-9.3706],[-78.1856,-10.0891],[-77.7361,-10.8367],[-77.6332,-11.2878],[-77.3099,-11.5324],[-77.2203,-11.6634],[-77.1527,-12.0604],[-76.8321,-12.3487],[-76.5552,-12.8234],[-76.4273,-13.11],[-76.2236,-13.3712],[-76.1839,-13.5152],[-76.297,-13.9484],[-76.289,-14.1331],[-75.9339,-14.6336],[-75.5336,-14.8992],[-75.1042,-15.4119],[-74.1471,-15.9125],[-73.825,-16.1528],[-73.4,-16.3043],[-72.7939,-16.6146],[-72.4677,-16.7081],[-72.1113,-17.0025],[-71.5322,-17.2943],[-71.3994,-17.422],[-71.337,-17.6825],[-70.9417,-17.932],[-70.4183,-18.3456],[-70.1838,-18.3252],[-69.9264,-18.2061],[-69.8024,-17.9],[-69.8521,-17.7038],[-69.5109,-17.5061],[-69.6249,-17.2002],[-69.4383,-17.0884],[-69.1998,-16.7685],[-69.0207,-16.6422],[-68.9135,-16.2619],[-69.2176,-16.1491],[-69.4185,-15.6034],[-69.1725,-15.2366],[-69.3747,-14.963],[-69.2349,-14.5971],[-68.8803,-14.1988],[-69.0741,-13.6828],[-68.9834,-13.4964],[-68.9786,-12.8801],[-68.7591,-12.6872],[-68.6853,-12.502],[-69.5786,-10.9518],[-69.9604,-10.9299],[-70.2201,-11.0477],[-70.6423,-11.0103],[-70.6369,-9.8237],[-70.5672,-9.7046],[-70.6369,-9.4782],[-71.2379,-9.966],[-71.608,-10.0061],[-72.1816,-10.0037],[-72.3791,-9.5102],[-72.8143,-9.4104],[-73.2094,-9.4114],[-72.9704,-9.1201],[-72.974,-8.9932],[-73.3024,-8.654],[-73.3604,-8.4793],[-73.5491,-8.3458],[-73.6101,-8.1454],[-73.7756,-7.9364],[-73.7204,-7.7825],[-74.0021,-7.5561],[-73.9643,-7.3789],[-73.7495,-7.3354],[-73.8046,-7.0799],[-73.7581,-6.9058],[-73.4999,-6.6795],[-73.1374,-6.4658],[-73.2355,-6.0984],[-72.9799,-5.6349],[-72.8871,-5.1228],[-72.6987,-5.0672],[-72.2568,-4.7489],[-71.8447,-4.5044],[-71.5213,-4.4697],[-70.9737,-4.3505],[-70.7995,-4.1733],[-70.4046,-4.1501],[-70.2392,-4.3012],[-70.0533,-4.3331],[-69.9659,-4.2359]]]}},{"type":"Feature","properties":{"code":"PF","name":"French Polynesia"},"geometry":{"type":"Polygon","coordinates":[[[-149.3215,-17.69],[-149.3792,-17.5224],[-149.6114,-17.5316],[-149.5789,-17.735],[-149.3215,-17.69]]]}},{"type":"Feature","properties":{"code":"PG","name":"Papua New Guinea"},"geometry":{"type":"MultiPolygon","coordinates":[[[[152.9658,-4.7563],[153.1242,-4.2523],[153.0168,-4.1057],[152.1794,-3.4104],[152.0329,-3.2514],[151.8071,-3.1729],[151.4754,-2.9425],[150.8254,-2.5729],[150.9681,-2.7799],[151.5785,-3.1535],[151.9729,-3.4534],[152.1922,-3.5059],[152.5984,-3.9948],[152.6968,-4.282],[152.6807,-4.4984],[152.8917,-4.8324],[152.9658,-4.7563]]],[[[151.9156,-4.2968],[151.5931,-4.2008],[151.552,-4.3455],[151.6646,-4.637],[151.6712,-4.8833],[151.3266,-4.9604],[151.1378,-5.1129],[150.9529,-5.4237],[150.6258,-5.5209],[150.5194,-5.4603],[150.2987,-5.5356],[150.1062,-5.429],[149.8314,-5.5241],[149.2453,-5.573],[148.9992,-5.4846],[148.3447,-5.5449],[148.4012,-5.765],[148.8075,-5.9164],[149.1266,-6.1276],[149.3823,-6.0781],[149.6525,-6.2904],[150.4283,-6.2762],[150.809,-6.0714],[151.2293,-5.9199],[151.4225,-5.7474],[151.5151,-5.5523],[151.8654,-5.5648],[152.143,-5.357],[151.9939,-5.149],[152.0133,-5.0038],[152.2576,-4.9547],[152.4,-4.7313],[152.4057,-4.3407],[152.1172,-4.2122],[151.9156,-4.2968]]],[[[140.9762,-9.1188],[141.1332,-9.2213],[141.4057,-9.1507],[141.6216,-9.2113],[142.2296,-9.1699],[142.6472,-9.3278],[143.3662,-8.961],[143.3922,-8.8019],[143.1118,-8.4745],[143.0949,-8.3112],[143.6138,-8.2004],[143.5516,-7.9847],[143.7793,-8.0282],[143.9423,-7.9442],[143.8982,-7.6738],[144.2254,-7.7649],[144.5099,-7.5674],[144.7734,-7.6425],[144.9738,-7.8021],[145.4678,-7.9301],[145.7287,-7.9524],[146.0332,-8.0764],[146.1841,-8.2464],[146.6966,-9.0254],[146.9133,-9.0917],[147.0172,-9.3879],[147.4083,-9.6747],[147.5531,-9.9124],[147.7687,-10.0701],[148.1505,-10.1073],[148.3834,-10.1854],[148.7129,-10.1669],[148.9368,-10.2552],[149.7541,-10.353],[150.0168,-10.5771],[150.3199,-10.6549],[150.4824,-10.6369],[150.4889,-10.4258],[150.667,-10.2571],[150.3641,-10.1896],[149.8744,-10.013],[149.7612,-9.8059],[149.9735,-9.6607],[149.4758,-9.5883],[149.203,-9.4068],[149.2477,-9.071],[149.0975,-9.0169],[148.7918,-9.0895],[148.5831,-9.0518],[148.4512,-8.6945],[148.2469,-8.5543],[148.1268,-8.1036],[147.7243,-7.8763],[147.19,-7.3781],[146.9607,-6.9288],[147.1191,-6.7217],[147.7096,-6.7236],[147.8455,-6.6624],[147.8021,-6.3152],[147.5667,-6.0569],[147.3767,-5.9508],[147.0343,-5.9192],[146.4034,-5.6166],[145.8528,-5.4713],[145.7452,-5.4024],[145.7929,-5.1779],[145.767,-4.823],[145.3346,-4.3853],[145.0878,-4.3491],[144.4777,-3.8253],[144.0158,-3.7836],[143.509,-3.4312],[142.9052,-3.3207],[142.2115,-3.0835],[141.9857,-2.9636],[141.1856,-2.6278],[140.9734,-2.6098],[140.9742,-4.2265],[140.9746,-5.243],[140.975,-6.3461],[140.8623,-6.74],[140.9752,-6.9054],[140.9756,-7.8857],[140.9762,-9.1188]]],[[[148.0258,-5.8264],[148.0548,-5.6115],[147.8465,-5.4908],[147.7811,-5.6272],[148.0258,-5.8264]]],[[[150.3454,-9.4938],[150.3201,-9.2642],[150.1098,-9.3619],[150.3454,-9.4938]]],[[[147.0676,-1.9602],[146.6562,-1.974],[146.7479,-2.1488],[147.2063,-2.1819],[147.4006,-2.0251],[147.0676,-1.9602]]],[[[150.4366,-2.6618],[150.4295,-2.4704],[150.2271,-2.3842],[150.0435,-2.5125],[150.1657,-2.6603],[150.4366,-2.6618]]],[[[150.5284,-9.3466],[150.4362,-9.6246],[150.894,-9.6675],[150.8791,-9.5127],[150.5284,-9.3466]]],[[[155.9576,-6.6868],[155.8226,-6.3805],[155.467,-6.1451],[154.9971,-5.5399],[154.7411,-5.5453],[154.709,-5.7471],[154.7819,-5.9707],[155.0102,-6.2098],[155.2021,-6.3076],[155.2086,-6.5269],[155.344,-6.7217],[155.7193,-6.8628],[155.9576,-6.6868]]]]}},{"type":"Feature","properties":{"code":"PH","name":"Philippines"},"geometry":{"type":"MultiPolygon","coordinates":[[[[121.1016,18.6153],[120.8138,18.6034],[120.5997,18.5079],[120.3584,17.6382],[120.4245,17.4383],[120.4089,16.9556],[120.3053,16.5292],[120.3893,16.2216],[120.337,16.0665],[120.1598,16.0477],[119.8308,16.3266],[119.7689,16.0084],[119.8916,15.8377],[119.9328,15.4309],[120.0821,14.8511],[120.2508,14.7933],[120.4388,14.4534],[120.5887,14.4831],[120.5468,14.7661],[120.8881,14.7158],[120.9221,14.4931],[120.6168,14.188],[120.6371,13.8045],[120.8407,13.8847],[121.2035,13.6403],[121.4463,13.7119],[121.5011,13.8422],[121.7779,13.9376],[122.0728,13.7884],[122.4069,13.4928],[122.5152,13.26],[122.6679,13.3954],[122.508,13.6568],[122.468,13.8867],[122.5952,13.9076],[122.8962,13.5919],[123.1633,13.4417],[123.2955,13.2156],[123.3109,13.0441],[123.6268,12.9118],[123.918,12.9399],[123.8778,12.6897],[124.0598,12.5671],[124.1373,12.7912],[124.1428,13.0358],[123.7852,13.1105],[123.8192,13.2695],[123.6081,13.5281],[123.6071,13.7044],[123.726,13.8843],[123.4323,13.9663],[123.2314,13.7474],[123.06,13.7888],[123.071,13.96],[122.8561,14.2508],[122.4908,14.3224],[122.1997,14.148],[122.2117,13.9302],[121.9117,14.0204],[121.8005,14.1139],[121.6485,14.4815],[121.6954,14.7373],[121.3923,15.3244],[121.607,15.6698],[121.5953,15.9333],[121.7887,16.0774],[122.1352,16.1848],[122.4258,16.8227],[122.5191,17.1249],[122.2368,17.4349],[122.151,17.7565],[122.1795,18.0643],[122.2998,18.4028],[122.1467,18.4866],[122.0385,18.3279],[121.8456,18.2954],[121.593,18.3765],[121.1016,18.6153]]],[[[117.3111,8.4396],[117.5166,8.5383],[117.9896,8.8771],[118.1341,9.1014],[118.435,9.256],[118.7738,9.7668],[118.7821,9.9161],[119.1915,10.0611],[119.2848,10.2517],[119.5952,10.4074],[119.6844,10.5517],[119.5267,10.9532],[119.5603,11.2668],[119.4653,11.2938],[119.2611,10.8452],[119.287,10.574],[119.0238,10.3536],[118.5334,9.7937],[118.1148,9.3467],[117.8848,9.2407],[117.3499,8.7136],[117.3111,8.4396]]],[[[122.4962,11.6151],[122.2907,11.772],[121.9637,11.8974],[121.8912,11.7909],[122.1035,11.6429],[122.0509,11.0974],[121.9644,10.8717],[121.9884,10.4583],[122.1977,10.6229],[122.5221,10.6919],[122.7699,10.8238],[122.8029,10.99],[123.0165,11.1165],[123.1195,11.2868],[123.1583,11.5355],[122.9313,11.5293],[122.4962,11.6151]]],[[[123.1309,9.0641],[123.3084,9.357],[123.1498,9.6062],[123.162,9.8643],[123.3436,10.3254],[123.5676,10.7808],[123.5106,10.923],[123.2566,10.9939],[122.9833,10.8866],[122.9584,10.6983],[122.817,10.5038],[122.8556,10.0869],[122.713,9.9901],[122.4715,9.9615],[122.4109,9.6939],[122.5625,9.4828],[122.8666,9.3198],[122.9947,9.0588],[123.1309,9.0641]]],[[[124.5746,11.3431],[124.3307,11.5352],[124.4455,10.9236],[124.6627,10.962],[124.7867,10.7814],[124.7377,10.4397],[124.7808,10.1681],[125.0266,10.0331],[125.1054,10.2183],[125.2533,10.2638],[125.1877,10.5849],[125.0132,10.7857],[125.0266,11.2117],[124.93,11.3729],[124.5746,11.3431]]],[[[125.2396,12.5279],[125.1502,12.5726],[124.5658,12.5262],[124.2947,12.5693],[124.3849,12.244],[124.6768,12.0209],[124.8843,11.7755],[124.917,11.5584],[125.0343,11.3413],[125.2334,11.1451],[125.6281,11.132],[125.5058,11.5442],[125.4565,11.9525],[125.5356,12.1914],[125.3202,12.3218],[125.2396,12.5279]]],[[[120.7044,13.4795],[120.4013,13.517],[120.5083,13.2601],[120.6514,13.1691],[120.7637,12.9698],[120.796,12.748],[120.9222,12.5116],[121.2367,12.2188],[121.3943,12.3006],[121.5406,12.6382],[121.4797,12.8371],[121.5228,13.1312],[121.2027,13.4323],[120.9153,13.5011],[120.7044,13.4795]]],[[[126.006,9.3209],[125.8767,9.5131],[125.5209,9.7591],[125.414,9.6692],[125.5334,9.1409],[125.4987,9.0147],[125.2097,9.0271],[125.141,8.8688],[124.8689,8.9723],[124.7868,8.8741],[124.7312,8.563],[124.4513,8.6063],[124.3252,8.5084],[124.2258,8.2714],[123.9969,8.159],[123.8774,8.1888],[123.8492,8.4327],[123.6801,8.6206],[123.4346,8.7033],[123.3412,8.5704],[123.0176,8.3983],[122.9111,8.1564],[122.6729,8.1331],[122.3371,8.0284],[122.1318,7.8105],[122.0472,7.3636],[121.9246,7.1995],[121.9643,6.9682],[122.1762,7.0042],[122.4979,7.6728],[122.6162,7.7631],[122.7918,7.7225],[122.843,7.5293],[123.1782,7.5294],[123.3909,7.4075],[123.4931,7.8079],[123.6658,7.8178],[123.9685,7.6646],[124.2066,7.3964],[124.1907,7.2673],[123.9853,6.9937],[124.0781,6.4044],[124.2128,6.2333],[124.6363,5.9982],[125.0354,5.8707],[125.174,6.047],[125.2879,5.6323],[125.4559,5.6643],[125.668,5.9787],[125.6707,6.225],[125.5885,6.4658],[125.3807,6.6899],[125.401,6.7958],[125.8244,7.3333],[126.0801,6.7333],[126.4391,7.0124],[126.5815,7.2478],[126.5701,7.6772],[126.4354,7.8328],[126.4587,8.2028],[126.3653,8.4839],[126.1416,8.6273],[126.3195,8.8447],[126.192,9.1249],[126.1934,9.2767],[126.006,9.3209]]],[[[123.3703,9.4496],[123.4936,9.5893],[123.6434,10.0202],[123.7887,10.2208],[123.9521,10.3166],[124.0513,10.5856],[124.0533,10.9258],[123.9299,10.9638],[123.7114,10.4737],[123.3862,9.9671],[123.316,9.489],[123.3703,9.4496]]],[[[121.1594,6.0756],[120.8982,6.0069],[120.9307,5.8962],[121.2182,5.9427],[121.1594,6.0756]]],[[[124.5938,9.7872],[124.5771,10.0267],[124.3357,10.1599],[124.1729,10.1352],[123.8172,9.8174],[123.9356,9.624],[124.3599,9.6302],[124.5938,9.7872]]],[[[122.0929,6.4283],[122.2881,6.6389],[122.0583,6.7407],[121.8087,6.6137],[121.9592,6.4158],[122.0929,6.4283]]],[[[125.6902,9.9145],[125.6467,10.2454],[125.4948,10.1187],[125.6902,9.9145]]],[[[121.9148,13.5403],[121.8292,13.3286],[122.0049,13.205],[122.1146,13.4632],[121.9148,13.5403]]],[[[123.7166,12.2874],[123.463,12.5012],[123.2672,12.3955],[123.2105,12.1066],[123.4188,12.1942],[123.9827,11.8189],[124.0403,11.9668],[123.9083,12.1691],[123.7166,12.2874]]],[[[124.3536,13.6322],[124.4172,13.871],[124.2249,14.0776],[124.1229,13.9797],[124.0389,13.6631],[124.1754,13.5315],[124.3536,13.6322]]]]}},{"type":"Feature","properties":{"code":"PK","name":"Pakistan"},"geometry":{"type":"Polygon","coordinates":[[[76.7669,35.6617],[76.5635,35.773],[76.2517,35.8109],[75.9451,36.0176],[75.9744,36.3824],[75.8402,36.6497],[75.6672,36.742],[75.4242,36.7382],[75.3467,36.9135],[75.0539,36.9872],[74.8893,36.9524],[74.5414,37.0222],[74.0019,36.8231],[73.7691,36.8885],[72.6229,36.8296],[72.1567,36.7009],[71.8223,36.4861],[71.6205,36.4365],[71.1851,36.0421],[71.4275,35.8337],[71.6006,35.4079],[71.6205,35.183],[70.9656,34.5304],[71.0957,34.3694],[71.0516,34.0497],[70.8484,33.9819],[70.4157,33.9504],[69.9947,34.0518],[69.8681,33.8977],[70.0566,33.7199],[70.2842,33.369],[70.2611,33.289],[69.9201,33.1125],[69.5016,33.0201],[69.4054,32.6827],[69.2414,32.4335],[69.2793,31.9368],[69.0831,31.7385],[68.8689,31.6342],[68.5977,31.803],[68.214,31.8074],[68.0172,31.678],[67.5782,31.5065],[67.7379,31.3439],[67.2873,31.2178],[66.9243,31.3056],[66.3972,30.9122],[66.2869,30.6079],[66.3055,30.3211],[66.1771,29.8356],[65.0955,29.5595],[64.5211,29.5645],[64.0987,29.3919],[63.5676,29.498],[62.4766,29.4083],[62.3734,29.4254],[60.8434,29.8587],[61.3184,29.3726],[61.3379,29.265],[61.623,28.7916],[61.8898,28.5465],[62.353,28.4147],[62.5646,28.2352],[62.7625,28.2021],[62.7397,28.0021],[62.812,27.497],[62.763,27.2502],[63.1668,27.2525],[63.2504,26.8792],[63.1681,26.6656],[62.7866,26.6439],[62.4393,26.561],[62.2394,26.357],[61.8698,26.2424],[61.7544,25.8434],[61.6687,25.769],[61.5879,25.2023],[61.7437,25.1382],[62.3153,25.1349],[62.5725,25.2547],[63.4914,25.2108],[63.7209,25.3859],[64.1521,25.3334],[64.659,25.1841],[64.7767,25.3073],[65.4062,25.3743],[65.6797,25.3553],[66.4286,25.5753],[66.6986,25.2263],[66.703,24.8609],[67.1715,24.7561],[67.3094,24.1748],[67.6685,23.811],[68.165,23.8573],[68.2825,23.928],[68.7241,23.9647],[68.7281,24.2656],[69.5592,24.2731],[69.7162,24.1726],[70.0211,24.1916],[70.0982,24.2875],[70.5468,24.4183],[70.7163,24.238],[71.044,24.4001],[71.0479,24.6877],[70.8777,25.063],[70.6521,25.4229],[70.6484,25.6669],[70.2646,25.7065],[70.1002,25.9101],[70.0777,26.072],[70.1568,26.4714],[70.0594,26.5788],[69.7359,26.6271],[69.47,26.8044],[69.568,27.1746],[69.8963,27.4736],[70.1445,27.849],[70.4037,28.025],[70.6291,27.9375],[70.7374,27.729],[70.8749,27.7145],[71.1848,27.8316],[71.543,27.8699],[71.8703,27.9625],[71.948,28.1773],[72.1792,28.4218],[72.3419,28.7519],[72.9033,29.0288],[73.2312,29.5506],[73.3816,29.9344],[73.8092,30.0934],[73.9334,30.2221],[73.8993,30.4354],[74.2156,30.769],[74.6328,31.0347],[74.5177,31.1856],[74.5939,31.4654],[74.51,31.7129],[74.7395,31.9488],[75.2541,32.1403],[75.3335,32.2792],[74.9873,32.4622],[74.6578,32.5189],[74.6633,32.7577],[74.3546,32.7687],[74.3036,32.9918],[73.9942,33.2422],[74.15,33.507],[74.001,33.7882],[74.2465,33.9902],[73.9499,34.0188],[73.9795,34.1913],[73.81,34.3253],[73.9612,34.6535],[74.3004,34.7654],[74.9519,34.6458],[75.1875,34.639],[75.7092,34.5031],[76.041,34.6699],[76.5944,34.7358],[77.0009,34.992],[77.0486,35.1099],[76.7669,35.6617]]]}},{"type":"Feature","properties":{"code":"PL","name":"Poland"},"geometry":{"type":"Polygon","coordinates":[[[23.6053,51.5179],[23.5448,51.7103],[23.6524,52.0404],[23.197,52.2569],[23.4796,52.5516],[23.8447,52.6642],[23.8871,53.0275],[23.5989,53.5992],[23.4847,53.9398],[23.4536,54.1435],[23.0155,54.3483],[22.7662,54.3568],[22.1685,54.3599],[20.2082,54.4208],[19.6044,54.4592],[18.9763,54.3489],[18.6696,54.4309],[18.3234,54.8382],[17.2619,54.7295],[16.5598,54.5538],[16.1863,54.2904],[14.7157,54.0183],[14.2114,53.9503],[14.2137,53.8708],[14.2589,53.7296],[14.4146,53.2835],[14.3686,53.1056],[14.1286,52.8782],[14.6194,52.5285],[14.5546,52.3597],[14.7525,52.0818],[14.6017,51.8324],[15.0166,51.2527],[14.8094,50.859],[14.9938,51.0144],[15.2586,50.9585],[15.3544,50.8118],[15.7306,50.7397],[16.0072,50.6116],[16.6791,50.0975],[17.152,50.3783],[17.8748,49.9723],[18.0283,50.0353],[18.5624,49.8793],[18.8322,49.5108],[19.1494,49.4],[19.4416,49.5977],[19.8022,49.1923],[20.0576,49.1813],[20.1637,49.3164],[20.6161,49.3917],[20.9473,49.3171],[21.0794,49.4183],[21.6396,49.412],[22.0201,49.2095],[22.5387,49.0727],[22.7057,49.1712],[22.6494,49.539],[23.0363,49.8991],[23.7117,50.3773],[23.9727,50.4101],[24.1058,50.845],[23.6645,51.3101],[23.6053,51.5179]]]}},{"type":"Feature","properties":{"code":"PM","name":"Saint Pierre and Miquelon"},"geometry":{"type":"Polygon","coordinates":[[[-56.2671,46.8385],[-56.3149,46.9539],[-56.2874,47.071],[-56.3869,47.068],[-56.2671,46.8385]]]}},{"type":"Feature","properties":{"code":"PS","name":"Palestine"},"geometry":{"type":"MultiPolygon","coordinates":[[[[34.4773,31.5849],[34.1981,31.3226],[34.2453,31.2083],[34.5256,31.5256],[34.4773,31.5849]]],[[[35.5515,32.3955],[35.1933,32.5344],[35.065,32.4604],[34.956,32.1609],[34.9897,31.9133],[35.198,31.7763],[34.951,31.6023],[34.8728,31.3969],[35.1012,31.3662],[35.4506,31.4793],[35.559,31.7655],[35.5515,32.3955]]]]}},{"type":"Feature","properties":{"code":"PT","name":"Portugal"},"geometry":{"type":"MultiPolygon","coordinates":[[[[-17.1909,32.8686],[-17.1712,32.7219],[-16.8374,32.6483],[-16.6933,32.758],[-17.1909,32.8686]]],[[[-8.7771,41.9411],[-8.8108,41.652],[-8.6556,41.0295],[-8.8866,40.1794],[-8.8378,40.1157],[-9.1483,39.5426],[-9.3748,39.3383],[-9.4741,38.7309],[-9.2504,38.6567],[-9.2133,38.4481],[-8.9148,38.5121],[-8.8022,38.1838],[-8.879,37.9587],[-8.7918,37.7328],[-8.8142,37.4308],[-8.9978,37.0323],[-8.5977,37.1213],[-7.8341,37.0057],[-7.4062,37.1794],[-7.5035,37.5855],[-7.1854,38.0063],[-7.0229,38.0447],[-7.343,38.4574],[-7.2815,38.7146],[-7.046,38.907],[-7.4451,39.5362],[-7.4541,39.6807],[-7.0367,39.714],[-6.8961,40.0218],[-7.0147,40.2083],[-6.8102,40.3431],[-6.8184,40.6541],[-6.9285,41.0091],[-6.2125,41.532],[-6.5422,41.6725],[-6.6183,41.9424],[-7.0305,41.9506],[-7.4036,41.8337],[-7.9208,41.8836],[-8.1525,41.812],[-8.2131,42.1337],[-8.5381,42.0693],[-8.7771,41.9411]]]]}},{"type":"Feature","properties":{"code":"PY","name":"Paraguay"},"geometry":{"type":"Polygon","coordinates":[[[-58.1598,-20.1646],[-58.1802,-19.8179],[-59.0905,-19.2862],[-60.0074,-19.2976],[-61.7568,-19.6453],[-61.9169,-20.0554],[-62.2763,-20.5625],[-62.2767,-21.066],[-62.651,-22.2337],[-62.3725,-22.4392],[-62.0666,-22.8694],[-61.7985,-23.182],[-61.2084,-23.557],[-61.0329,-23.7557],[-60.8398,-23.8581],[-59.8925,-24.0936],[-59.3729,-24.4539],[-58.3654,-24.9593],[-58.1365,-24.9771],[-57.8217,-25.1364],[-57.5872,-25.4051],[-57.5717,-25.5342],[-57.7548,-25.6971],[-57.8906,-26.0065],[-58.0824,-26.1386],[-58.203,-26.3814],[-58.1913,-26.63],[-58.3226,-26.8576],[-58.4853,-26.9685],[-58.6417,-27.1961],[-58.6048,-27.3144],[-58.1683,-27.2734],[-57.8122,-27.3166],[-57.1118,-27.4701],[-56.6034,-27.4679],[-56.4372,-27.5538],[-56.1641,-27.3215],[-55.79,-27.4164],[-55.4267,-27.0093],[-55.1359,-26.9312],[-54.8255,-26.6522],[-54.6777,-26.3088],[-54.6159,-25.5761],[-54.4731,-25.2202],[-54.2418,-24.0473],[-54.6255,-23.8125],[-54.9827,-23.9745],[-55.3663,-23.991],[-55.4589,-23.6867],[-55.6541,-22.8104],[-55.6177,-22.6715],[-55.8492,-22.3076],[-56.1898,-22.2812],[-56.5238,-22.1025],[-56.633,-22.2349],[-56.9373,-22.2713],[-57.2382,-22.1952],[-57.8203,-22.1423],[-57.9857,-22.0464],[-57.9162,-21.6991],[-57.8302,-20.9979],[-57.9791,-20.6573],[-58.0022,-20.4654],[-58.1598,-20.1646]]]}},{"type":"Feature","properties":{"code":"QA","name":"Qatar"},"geometry":{"type":"Polygon","coordinates":[[[51.268,24.6072],[51.4279,24.6683],[51.5869,24.9648],[51.602,25.1479],[51.4854,25.5247],[51.5431,25.9024],[51.2623,26.1533],[51.0031,25.9814],[50.7629,25.4447],[50.8468,24.8886],[50.8044,24.7893],[50.966,24.5739],[51.268,24.6072]]]}},{"type":"Feature","properties":{"code":"RO","name":"Romania"},"geometry":{"type":"Polygon","coordinates":[[[28.2125,45.4504],[28.0997,45.9726],[28.2443,46.4513],[28.2395,46.6408],[28.0718,46.9784],[27.8538,47.1145],[27.3369,47.6397],[26.9808,48.155],[26.6189,48.2599],[26.3057,48.2038],[26.1627,47.9925],[25.4643,47.9108],[24.8934,47.7178],[24.5789,47.9311],[24.1777,47.9061],[23.2026,48.0845],[22.8767,47.9473],[22.6768,47.799],[22.2906,47.7278],[21.9997,47.505],[21.7854,47.1381],[21.3202,46.6078],[21.152,46.3043],[20.837,46.2597],[20.6137,46.1335],[20.2418,46.1086],[20.3586,45.9755],[20.775,45.7498],[20.7742,45.4844],[20.9418,45.3653],[21.4918,45.1223],[21.3844,44.8701],[21.6361,44.7104],[21.9093,44.6661],[22.0931,44.5419],[22.4977,44.7062],[22.4945,44.4354],[22.7051,44.2378],[23.0285,44.078],[22.919,43.8345],[23.2246,43.8739],[24.2268,43.7635],[24.4306,43.7944],[25.1597,43.6863],[25.4971,43.6708],[25.8188,43.7668],[26.2158,44.0073],[27.0869,44.1674],[27.4254,44.0205],[27.8843,43.9874],[28.05,43.8224],[28.5854,43.7422],[28.6586,43.9838],[28.6454,44.2957],[29.0482,44.7576],[29.5575,44.8434],[29.7059,45.2599],[29.5677,45.3708],[29.2235,45.4029],[28.7607,45.2341],[28.4513,45.2922],[28.2125,45.4504]]]}},{"type":"Feature","properties":{"code":"RS","name":"Serbia"},"geometry":{"type":"Polygon","coordinates":[[[22.7051,44.2378],[22.4945,44.4354],[22.4977,44.7062],[22.0931,44.5419],[21.9093,44.6661],[21.6361,44.7104],[21.3844,44.8701],[21.4918,45.1223],[20.9418,45.3653],[20.7742,45.4844],[20.775,45.7498],[20.3586,45.9755],[20.2418,46.1086],[19.5308,46.1552],[19.2084,45.9844],[18.9054,45.9317],[18.8391,45.8357],[19.0551,45.5272],[19.0047,45.3995],[19.3303,45.2681],[19.0629,45.1372],[19.0071,44.8692],[19.3568,44.8585],[19.1514,44.5273],[19.1519,44.3025],[19.5838,44.0435],[19.2572,43.9433],[19.4882,43.7036],[19.4513,43.5621],[19.1943,43.5333],[19.5516,43.2123],[19.944,43.0816],[20.3443,42.8279],[20.624,43.0342],[20.6231,43.1986],[21.057,43.0917],[21.3906,42.7514],[21.7529,42.6698],[21.5625,42.2475],[22.2397,42.3582],[22.344,42.314],[22.5235,42.441],[22.4362,42.6291],[22.4668,42.8425],[22.7062,42.8839],[22.9769,43.188],[22.5546,43.4545],[22.3948,43.7066],[22.4208,44.0074],[22.7051,44.2378]]]}},{"type":"Feature","properties":{"code":"RU","name":"Russia"},"geometry":{"type":"MultiPolygon","coordinates":[[[[-179.7985,68.9404],[-180.0,68.9834],[-180,68.7387],[-180,68.4939],[-180,68.2491],[-180,68.0044],[-180,67.7596],[-180,67.5148],[-180,67.2701],[-180,67.0253],[-180,66.7806],[-180,66.5358],[-180,66.2911],[-180,66.0463],[-180,65.8016],[-180,65.5568],[-180,65.312],[-180,65.0672],[-179.7046,65.1872],[-179.3521,65.5167],[-179.7283,65.8038],[-179.6162,66.1279],[-178.9155,66.1799],[-178.8793,65.9365],[-178.5023,65.7404],[-178.3102,65.4849],[-177.4888,65.5037],[-177.0563,65.6136],[-176.0933,65.471],[-175.9229,65.3525],[-175.8539,65.0108],[-175.3951,64.8024],[-175.036,64.8137],[-174.318,64.6376],[-173.7297,64.3645],[-173.0091,64.2975],[-172.4874,64.5442],[-172.924,64.7049],[-172.2132,65.0481],[-172.2116,65.4252],[-171.9071,65.4959],[-171.0542,65.55],[-170.6663,65.6215],[-170.5407,65.8654],[-169.7779,66.1431],[-170.1919,66.2013],[-171.3605,66.6768],[-171.7956,66.9317],[-172.6406,66.925],[-173.6797,67.1448],[-174.4476,67.1031],[-174.0864,66.9429],[-174.0055,66.7786],[-174.2316,66.6319],[-174.0177,66.3825],[-174.9249,66.6231],[-174.7712,66.7843],[-174.9381,67.093],[-174.8499,67.3489],[-175.1551,67.3654],[-175.3452,67.6781],[-177.4075,68.2452],[-178.2499,68.5414],[-178.6926,68.546],[-178.8739,68.7541],[-179.7985,68.9404]]],[[[130.6873,42.3025],[130.8342,42.5229],[131.1583,42.626],[131.3933,42.8223],[131.7221,43.2026],[132.0287,43.1189],[132.3344,43.2387],[132.3038,42.8833],[132.709,42.8758],[133.16,42.697],[133.7094,42.8299],[134.6918,43.2906],[135.1311,43.5257],[135.4834,43.835],[135.5332,43.9715],[135.8746,44.3735],[136.1423,44.4891],[136.8035,45.1711],[137.147,45.3935],[137.6854,45.8184],[138.1063,46.2507],[138.3369,46.5434],[138.5868,47.0572],[139.0014,47.3833],[139.3727,47.8874],[139.9984,48.3238],[140.1706,48.5237],[140.309,49.0539],[140.5172,49.5961],[140.4627,49.9115],[140.5354,50.1308],[140.4764,50.546],[140.6877,51.2323],[140.9326,51.6199],[141.3669,51.9207],[141.4853,52.1785],[141.1698,52.3684],[141.2559,52.8401],[141.0868,52.8976],[141.4021,53.184],[141.0057,53.4946],[140.6876,53.5964],[140.3471,53.8126],[140.1787,54.0516],[139.7074,54.2771],[139.3197,54.193],[138.6957,54.32],[138.6607,53.7448],[138.2922,53.5924],[137.3283,53.539],[137.6448,53.8658],[137.3777,54.2823],[137.0962,54.1286],[137.258,54.0252],[137.1554,53.8217],[136.683,53.9313],[136.7973,54.621],[135.8516,54.5839],[135.2577,54.7315],[135.2625,54.9433],[135.5406,55.1138],[136.1752,55.3522],[136.4603,55.5767],[136.7936,55.6942],[137.6915,56.1394],[138.0738,56.4331],[138.2178,56.629],[138.6621,56.9655],[139.1816,57.2615],[139.4438,57.3297],[140.0023,57.6875],[140.4469,57.8137],[140.685,58.2122],[140.9877,58.4168],[141.3471,58.5281],[141.7547,58.7453],[142.0254,58.9997],[142.5803,59.2401],[143.1922,59.3701],[143.8688,59.4114],[144.4834,59.3763],[145.5546,59.4135],[145.9316,59.1984],[146.2734,59.2215],[146.4443,59.4305],[147.5145,59.2686],[147.8746,59.388],[148.2574,59.4142],[148.4912,59.2623],[148.7089,59.4485],[149.205,59.4882],[149.0652,59.6305],[149.6426,59.7704],[150.4572,59.5907],[150.7295,59.4691],[150.9825,59.5713],[151.4857,59.5241],[151.99,59.1601],[151.505,59.164],[151.1211,59.0825],[151.3268,58.8751],[152.0879,58.9104],[152.4007,59.0264],[152.8822,58.9391],[153.3611,59.2148],[153.6952,59.2248],[154.0109,59.0755],[154.458,59.2166],[154.7035,59.1413],[155.1604,59.1901],[155.1667,59.3602],[154.5825,59.5401],[154.1498,59.5285],[154.2931,59.8333],[154.9708,60.3767],[155.8533,60.7771],[156.056,60.9956],[156.6297,61.2725],[156.6803,61.4806],[157.4693,61.7989],[158.0701,61.7536],[159.0767,61.9223],[159.5523,61.7195],[160.1825,61.9028],[160.3174,61.7934],[159.8831,61.2918],[159.9492,61.1286],[160.3789,61.0255],[160.2258,60.8315],[160.7666,60.7533],[161.0371,60.9629],[162.3926,61.6621],[163.0853,61.5706],[163.0093,61.7915],[163.3317,62.5509],[164.2557,62.6966],[164.567,62.6755],[164.5983,62.4706],[164.2072,62.2922],[164.0195,61.7107],[163.8044,61.4614],[164.0055,61.3438],[163.6196,61.1113],[163.71,60.9168],[163.3523,60.8004],[162.9731,60.7829],[162.0036,60.4202],[161.7535,60.1523],[161.4493,60.0273],[160.8553,59.6269],[160.5475,59.5474],[159.8474,59.1271],[159.5915,58.8037],[159.0369,58.4239],[158.2104,58.0253],[157.6664,58.0198],[157.4504,57.7993],[156.9857,57.8302],[156.7916,57.7479],[156.9768,57.4663],[156.7284,57.1522],[155.9825,56.6952],[155.7166,56.0722],[155.5549,55.3485],[155.6203,54.8646],[155.9049,53.9281],[156.0988,53.0065],[156.2286,52.6263],[156.3647,52.5094],[156.4898,51.913],[156.5004,51.4751],[156.7478,50.9693],[157.2022,51.2127],[157.531,51.4799],[158.1035,51.8096],[158.4635,52.305],[158.4808,52.6267],[158.6088,52.8736],[158.9521,53.0476],[159.5859,53.2377],[159.8977,53.3808],[159.9559,53.5522],[159.8438,53.7836],[160.0744,54.1892],[160.7727,54.5414],[161.1299,54.5982],[161.294,54.5206],[161.7257,54.533],[162.1056,54.7521],[161.7294,55.358],[161.7756,55.6548],[162.085,56.0896],[162.5282,56.2607],[162.6715,56.4901],[162.9752,56.449],[162.6281,56.2323],[163.0474,56.0447],[163.3355,56.2325],[163.2565,56.688],[162.8026,56.8115],[162.7793,57.3576],[163.2139,57.6868],[163.145,57.8373],[162.7184,57.9461],[162.467,57.7662],[162.0396,57.9183],[161.9601,58.0769],[162.1416,58.4474],[162.453,58.7086],[163.0043,59.0202],[163.2729,59.3026],[163.41,59.835],[163.7801,60.0411],[164.1351,59.9844],[164.3769,60.0581],[165.0189,59.8607],[165.0846,60.0986],[166.3521,60.4848],[166.136,59.9793],[166.3318,59.8724],[166.9641,60.307],[167.2268,60.4063],[168.1375,60.5739],[169.2268,60.5959],[169.6184,60.438],[169.9826,60.0671],[170.351,59.9655],[170.6082,60.4349],[170.9493,60.5229],[171.7295,60.8431],[172.3928,61.0618],[172.8565,61.4692],[173.1318,61.4066],[173.6234,61.7161],[174.5144,61.8236],[175.2679,62.1024],[176.3284,62.346],[176.7025,62.5058],[177.3513,62.5875],[178.0192,62.547],[179.1207,62.3204],[179.177,62.4692],[179.5705,62.6875],[179.2596,63.0083],[179.3323,63.1902],[179.0281,63.2824],[178.7064,63.5215],[178.6503,63.9653],[178.4514,64.0114],[178.3814,64.2609],[177.9533,64.2223],[177.4329,64.4445],[177.4672,64.7368],[176.731,64.6249],[176.247,64.843],[177.2229,64.8617],[177.7486,64.717],[178.5195,64.603],[179.4482,64.822],[180,65.0672],[180,68.9834],[178.8483,69.3872],[176.9244,69.646],[176.1075,69.8603],[173.948,69.8741],[173.2774,69.8238],[172.5596,69.9684],[170.4868,70.1076],[170.5031,69.8565],[170.1609,69.6266],[170.5822,69.5833],[170.9954,69.0453],[170.5376,68.8254],[169.6099,68.786],[169.3106,69.0795],[168.303,69.2715],[168.15,69.5774],[167.6281,69.7403],[166.8203,69.4996],[165.7607,69.5844],[164.5133,69.6091],[164.1596,69.7193],[163.2014,69.7147],[162.3757,69.6491],[161.5369,69.3795],[161.5656,68.9052],[161.0355,69.0982],[160.9107,69.6063],[159.8325,69.785],[159.7294,69.8702],[160.0064,70.3097],[159.7279,70.6497],[159.3507,70.7907],[158.037,71.0393],[155.8952,71.0955],[153.7941,70.88],[152.5088,70.8345],[151.5824,71.287],[150.5998,71.5201],[148.9233,71.7146],[149.8811,71.843],[149.9631,71.9922],[149.5016,72.1643],[148.4021,72.312],[147.1271,72.292],[146.368,71.9221],[145.8048,71.7465],[145.1886,71.6958],[145.1258,71.9271],[145.7567,71.9413],[145.7097,72.2063],[146.2303,72.1375],[146.5941,72.3024],[145.0392,72.2599],[144.7764,72.3823],[146.2348,72.3497],[145.4857,72.5421],[143.5158,72.6982],[142.0614,72.7208],[140.8082,72.891],[141.0793,72.5869],[140.4506,72.4931],[139.6012,72.4961],[139.1408,72.3297],[139.8471,72.1486],[139.6402,71.9983],[139.6951,71.7004],[139.9842,71.4915],[139.2094,71.4448],[139.0049,71.5561],[138.1185,71.5662],[137.6506,71.2082],[137.3154,71.3594],[135.8848,71.6306],[135.0224,71.515],[134.7027,71.3868],[134.1028,71.379],[133.4262,71.491],[132.5623,71.8953],[132.2276,71.6428],[131.9064,71.2026],[131.562,70.901],[131.1574,70.7422],[129.7619,71.1195],[128.3588,72.0883],[129.2835,72.092],[129.4117,72.3155],[129.1166,72.4857],[129.2504,72.7052],[128.8887,73.1902],[127.7403,73.4815],[127.0313,73.5475],[125.6171,73.5206],[124.3881,73.7548],[123.3051,73.5329],[123.6223,73.1933],[123.1604,72.9549],[122.6921,72.8908],[121.886,72.9609],[120.9972,72.9367],[119.7504,72.9791],[118.4303,73.2465],[118.4502,73.5898],[117.3086,73.5992],[116.4955,73.6761],[115.3377,73.7026],[114.816,73.6072],[114.0605,73.5847],[112.7954,73.7461],[112.1473,73.7089],[111.0563,73.9394],[110.2614,74.0174],[109.8691,73.9306],[109.7527,73.7226],[110.4287,73.6289],[109.8553,73.4725],[107.7504,73.1731],[106.4779,73.1394],[106.0667,72.9499],[105.6771,72.9593],[106.1887,73.308],[106.6794,73.3307],[107.2711,73.621],[108.1995,73.6941],[109.075,74.0323],[109.8103,74.1692],[109.8403,74.322],[111.299,74.6584],[111.8683,74.74],[112.9249,75.015],[113.6136,75.293],[113.6199,75.5927],[113.871,75.856],[113.4277,76.1121],[112.7984,76.1296],[112.6195,76.3835],[111.1148,76.723],[109.3693,76.7492],[108.0279,76.7185],[107.6242,76.5101],[106.6388,76.5734],[107.4298,76.9266],[106.9416,77.0344],[105.712,77.0015],[104.9119,77.1747],[106.0596,77.3905],[105.8945,77.4889],[104.0146,77.7304],[103.1314,77.6265],[101.5177,77.1981],[100.9899,76.9905],[101.0993,76.704],[100.3224,76.4792],[98.8057,76.4807],[99.6168,76.2402],[98.662,76.2427],[96.8792,75.9311],[95.986,76.0097],[95.9199,76.1131],[94.5756,76.1518],[93.1781,75.959],[93.5498,75.8541],[91.8454,75.7237],[91.4795,75.6497],[90.185,75.5911],[89.3103,75.4701],[87.6714,75.1296],[87.4193,74.9409],[86.6515,74.6824],[86.7001,74.5225],[86.0014,74.316],[86.5711,74.2438],[87.2097,73.8787],[86.5914,73.8943],[83.5447,73.6665],[81.817,73.6588],[80.5832,73.5685],[80.398,73.3568],[80.5097,73.0861],[80.8416,72.9492],[80.6562,72.712],[80.8271,72.4883],[81.2827,72.3588],[82.1836,72.2375],[82.6454,71.9252],[83.2003,71.8747],[83.5713,71.5944],[83.1513,71.1036],[83.7359,70.5465],[83.4971,70.3453],[82.6823,70.2177],[83.0302,70.5805],[82.8691,70.9548],[82.3359,70.8074],[82.3229,71.26],[82.918,71.4199],[83.2336,71.6682],[82.9861,71.7487],[82.0799,71.7068],[81.5112,71.7461],[80.8561,71.9702],[80.7625,72.0892],[79.9539,72.223],[79.4221,72.3808],[78.4826,72.395],[77.4716,72.1921],[78.2324,71.9523],[77.5508,71.8421],[76.8714,72.033],[76.0324,71.9104],[76.3121,71.5955],[77.4811,71.3116],[78.2126,71.2663],[78.0683,70.9863],[77.5896,71.1679],[76.1104,71.2186],[75.332,71.3417],[75.5032,71.6546],[75.2475,71.8134],[75.7414,72.2962],[75.3693,72.7966],[74.7868,72.8119],[75.0971,72.4207],[74.9922,72.1448],[73.6718,71.8451],[73.0862,71.4449],[73.5072,71.2635],[74.3109,70.6536],[74.2067,70.4455],[73.8302,70.1757],[73.5602,69.7072],[73.8909,69.418],[73.7757,69.1982],[74.8148,69.0906],[75.42,69.2386],[76.001,69.2351],[77.6507,68.903],[77.9951,68.2595],[77.6648,68.1904],[77.5359,68.0077],[77.6751,67.5896],[77.1744,67.7785],[77.2385,68.4696],[76.4592,68.9783],[75.1246,68.8617],[74.5796,68.7512],[74.3914,68.4206],[74.7427,68.0735],[74.7695,67.7664],[74.0745,67.4141],[73.7921,66.9953],[73.3416,66.8068],[72.4174,66.5608],[72.3216,66.3321],[71.917,66.2467],[71.1455,66.3667],[70.3395,66.3424],[69.1943,66.5787],[69.0135,66.7883],[69.8771,66.8455],[70.3828,66.6025],[70.9395,66.5481],[71.5512,66.7604],[71.3652,66.9615],[71.8475,67.0076],[72.5943,67.587],[73.1521,67.865],[73.1395,68.1813],[73.548,68.5745],[72.8119,68.8152],[72.5273,69.0805],[72.6156,69.484],[72.5297,70.1725],[72.7,70.4573],[72.7316,70.8229],[72.5813,71.1511],[72.0793,71.3067],[71.912,71.5479],[72.2795,71.6955],[72.6244,72.0794],[72.8121,72.6914],[71.5002,72.9137],[69.6451,72.8976],[69.0391,72.6699],[68.6074,72.0127],[68.2692,71.6828],[67.5418,71.412],[66.9176,71.2824],[66.6661,70.9006],[67.2848,70.7387],[67.1465,70.2199],[66.9264,70.0143],[67.0645,69.6937],[68.0059,69.48],[68.1174,69.2362],[68.5428,68.9671],[69.1405,68.9506],[68.8295,68.5674],[68.5042,68.3484],[67.7308,68.5137],[67.0024,68.8736],[66.4161,68.9479],[65.0315,69.2698],[64.1904,69.5347],[63.3614,69.6753],[61.7705,69.763],[61.0159,69.8515],[60.1706,69.5909],[60.6646,69.1103],[60.9336,68.9868],[60.4892,68.729],[59.896,68.7063],[59.8974,68.4219],[59.6043,68.3511],[59.099,68.4443],[59.3705,68.7384],[58.9189,69.0038],[58.173,68.8897],[57.1269,68.554],[56.0437,68.6489],[55.4181,68.5678],[54.5612,68.273],[53.9679,68.2273],[53.7589,68.634],[53.9706,68.8443],[53.802,68.9959],[52.6836,68.7312],[52.5501,68.5924],[50.8389,68.35],[49.9312,68.0651],[49.1553,67.8704],[48.8779,67.7313],[47.8747,67.5842],[47.7091,67.045],[47.4965,66.9298],[46.6908,66.8255],[45.986,66.8531],[45.5622,67.1856],[44.9395,67.3508],[44.9395,67.4774],[45.5287,67.7576],[46.6904,67.8488],[46.6836,67.9705],[45.892,68.4797],[45.0781,68.5782],[44.048,68.5488],[44.2254,67.9956],[43.7824,67.2545],[44.2918,67.0997],[44.4887,66.6718],[44.0972,66.2351],[44.1044,66.0086],[43.2332,66.4155],[42.6021,66.4225],[42.2105,66.5197],[41.4758,66.1234],[40.6916,65.9634],[40.3278,65.7517],[39.8165,65.5979],[39.798,65.3499],[40.2812,64.9981],[40.4449,64.7787],[40.0578,64.7708],[39.758,64.5771],[38.0094,64.8788],[37.5281,65.1083],[36.8828,65.1724],[36.5282,64.8474],[37.1837,64.4085],[37.9537,64.3201],[38.0708,64.0258],[37.4422,63.8134],[36.3649,64.0028],[36.1465,64.189],[35.6471,64.3783],[35.0354,64.4402],[34.8695,64.56],[34.8035,64.986],[34.4064,65.3958],[34.6157,65.5099],[34.7863,65.8646],[34.3998,66.1284],[33.5667,66.321],[32.4637,66.9163],[32.8476,67.0215],[33.482,66.7646],[34.8246,66.6111],[35.5135,66.3958],[37.2948,66.225],[37.6282,66.1296],[38.3976,66.0645],[39.2891,66.132],[40.1033,66.3],[40.5216,66.4466],[41.189,66.8262],[41.3588,67.2097],[41.1339,67.2669],[40.9664,67.7135],[40.3807,67.8319],[40.0357,68.0154],[39.5689,68.0717],[38.8315,68.3249],[38.4302,68.3556],[37.7306,68.6921],[35.8579,69.1917],[35.2898,69.2754],[34.864,69.2281],[33.6844,69.3103],[33.4543,69.4282],[32.3777,69.4791],[32.9417,69.7519],[31.9846,69.9537],[31.4527,69.6896],[30.8697,69.7834],[30.8607,69.5384],[30.2275,69.6338],[29.994,69.3925],[29.3883,69.2981],[28.9658,69.022],[28.566,68.9282],[28.7521,68.7714],[28.4707,68.4884],[28.6852,68.1898],[29.3438,68.0619],[29.9792,67.6886],[29.9412,67.5475],[29.087,66.9709],[29.0931,66.8492],[29.9034,66.0911],[30.0953,65.6817],[29.7159,65.6246],[29.6042,64.9684],[30.0729,64.765],[29.9855,64.5577],[30.1081,64.3661],[30.4879,64.2365],[30.5039,64.0206],[30.0554,63.689],[31.1809,63.2083],[31.534,62.8854],[31.2856,62.5678],[29.6901,61.5461],[29.2517,61.2878],[28.4074,60.8969],[27.7977,60.5361],[28.6506,60.611],[28.6432,60.3753],[29.0691,60.1915],[29.7212,60.1953],[30.1226,59.8736],[29.1473,59.9998],[28.9473,59.8288],[28.4539,59.8143],[28.014,59.7248],[28.0125,59.4843],[27.7576,59.052],[27.4645,58.8413],[27.4878,58.2701],[27.7528,57.841],[27.5421,57.7994],[27.352,57.5281],[27.7969,57.3169],[27.8061,56.8671],[28.1031,56.5457],[28.1479,56.1429],[28.564,56.092],[28.7947,55.9426],[29.0874,56.0211],[29.375,55.9387],[29.4822,55.6846],[29.937,55.8453],[30.2336,55.8452],[30.9068,55.57],[30.8145,55.2787],[30.9777,55.0505],[30.7988,54.7833],[31.1213,54.6485],[31.4036,54.1959],[31.792,54.0559],[31.7542,53.8104],[32.2004,53.7812],[32.4502,53.6929],[32.4696,53.547],[32.7043,53.3363],[32.142,53.0912],[31.4179,53.196],[31.2588,53.0167],[31.5352,52.7982],[31.5773,52.3123],[31.7634,52.1011],[31.9738,52.0466],[32.2828,52.114],[32.5079,52.3085],[32.8997,52.2563],[33.1484,52.3404],[33.7353,52.3448],[33.9221,52.2515],[34.1131,51.9796],[34.3979,51.7804],[34.1211,51.6792],[34.2807,51.3117],[34.7123,51.1722],[35.0641,51.2034],[35.3119,51.0439],[35.4401,50.7277],[35.4116,50.5397],[35.6737,50.346],[35.8902,50.4371],[36.6194,50.2092],[36.7591,50.2918],[37.4229,50.4115],[37.7042,50.1091],[38.0469,49.92],[38.2586,50.0523],[38.9184,49.8247],[39.1748,49.856],[39.7806,49.572],[40.0307,49.5967],[40.1262,49.3688],[40.07,49.2003],[39.6865,49.0079],[39.7929,48.8077],[39.6447,48.5912],[39.8356,48.5428],[39.961,48.2379],[39.7359,47.8448],[38.9003,47.8551],[38.7189,47.7141],[38.2874,47.5592],[38.2144,47.0915],[38.4848,47.1755],[38.9283,47.1757],[39.1957,47.2688],[39.2935,47.1058],[38.8011,46.9062],[38.4387,46.8131],[37.968,46.618],[38.0777,46.3943],[38.4923,46.0905],[38.1836,46.0948],[37.9331,46.0017],[37.8409,45.7996],[37.6124,45.5647],[37.6472,45.3772],[36.9412,45.2897],[36.6191,45.1855],[37.2048,44.972],[37.4113,44.7354],[37.8515,44.6988],[38.1812,44.4197],[38.7173,44.2881],[39.3294,43.8973],[39.9783,43.4198],[40.1502,43.5698],[40.648,43.5339],[41.5806,43.2192],[42.05,43.1901],[42.419,43.2242],[42.9916,43.0915],[43.0892,42.9891],[43.7826,42.747],[43.9574,42.5666],[44.5059,42.7486],[44.871,42.7564],[45.2082,42.6482],[45.3438,42.5298],[45.7275,42.475],[45.6386,42.2051],[45.954,42.0354],[46.4299,41.891],[46.7493,41.8126],[47.2053,41.4556],[47.2611,41.3151],[47.5206,41.2291],[47.8611,41.2127],[48.0561,41.4587],[48.3914,41.6019],[48.5729,41.8445],[48.3838,41.9534],[48.2286,42.181],[47.4632,43.0351],[47.509,43.5097],[47.2299,44.1924],[47.0236,44.3433],[46.753,44.4207],[46.7553,44.6565],[47.1147,44.906],[47.4887,45.4551],[47.5242,45.6017],[48.1592,45.737],[48.6837,46.0862],[49.0796,46.1892],[49.2322,46.3372],[48.6102,46.5665],[48.9594,46.7746],[48.5525,47.321],[48.11,47.7454],[47.4819,47.8039],[47.2924,47.7409],[47.0933,47.9477],[47.0043,48.2845],[46.6609,48.4123],[46.6092,48.5739],[46.7026,48.8056],[47.0143,49.0983],[46.8021,49.3671],[46.992,49.8527],[47.2952,50.0585],[47.3265,50.2735],[47.7058,50.378],[48.2248,49.9319],[48.4343,49.8285],[48.8433,50.0131],[48.7005,50.3538],[48.8084,50.6013],[49.3234,50.8517],[49.498,51.0836],[49.8223,51.1319],[50.2469,51.2895],[50.7939,51.7292],[51.1635,51.6475],[51.3445,51.4753],[51.6091,51.484],[52.0071,51.6727],[52.3311,51.6813],[52.5712,51.4816],[53.3381,51.4824],[53.6881,51.2518],[54.0415,51.1152],[54.4215,50.7803],[54.7271,50.9981],[55.5423,50.6018],[55.7977,50.6021],[56.4914,51.0195],[57.0117,51.0652],[57.4422,50.8889],[57.8389,51.0917],[58.3592,51.0638],[58.8837,50.6944],[59.8124,50.582],[59.9552,50.7993],[60.638,50.6637],[60.9423,50.6955],[61.3895,50.861],[61.5851,51.2297],[61.3631,51.4419],[60.4647,51.6512],[60.0655,51.9765],[60.9376,52.2806],[60.8023,52.7447],[61.0475,52.9725],[61.4008,52.996],[61.9742,52.9438],[62.0146,53.1079],[61.6599,53.2285],[61.1992,53.2872],[61.2479,53.551],[60.9795,53.6217],[61.1437,53.9638],[61.3337,54.0493],[61.9287,53.9465],[63.0739,54.1052],[63.1913,54.171],[64.0039,54.2671],[64.4612,54.3842],[65.1578,54.3644],[65.477,54.6233],[66.2227,54.6674],[67.6934,54.8724],[68.0738,54.9596],[68.2062,55.1609],[68.5248,55.2048],[68.9772,55.3896],[69.4933,55.3569],[70.1824,55.1625],[70.7381,55.3052],[70.9102,55.128],[71.1855,54.5993],[71.0932,54.2122],[71.3364,54.1583],[72.0045,54.2057],[72.2691,54.2721],[72.3873,54.123],[72.9141,54.1073],[73.3994,53.8115],[73.2857,53.5984],[74.452,53.6473],[74.8342,53.8257],[75.0521,53.8267],[75.6568,54.106],[76.2666,54.312],[76.789,54.3219],[76.5757,53.9425],[77.7044,53.3792],[77.86,53.2692],[78.4755,52.6384],[79.4688,51.4931],[79.9862,50.7746],[80.4236,50.9463],[80.448,51.1833],[80.8773,51.2814],[81.1272,51.1911],[81.1246,50.9463],[81.3883,50.9565],[81.4659,50.7398],[81.9337,50.7664],[82.4939,50.7276],[82.7608,50.8934],[83.3573,50.9946],[83.9451,50.7747],[84.176,50.5206],[84.2578,50.2882],[84.9895,50.0614],[85.0008,49.8941],[85.2102,49.6648],[86.1809,49.4993],[86.6143,49.6097],[86.9529,49.3221],[87.3229,49.0858],[87.8143,49.1623],[88.1157,49.2563],[88.1926,49.4517],[88.8316,49.4484],[89.6541,49.7175],[89.6438,49.903],[90.005,50.0693],[90.5169,50.2133],[91.0216,50.4155],[91.3408,50.4701],[91.8043,50.6936],[92.1924,50.7006],[92.3548,50.8642],[92.6267,50.6883],[92.9413,50.7782],[93.1031,50.6039],[94.2511,50.5564],[94.3547,50.2218],[94.6147,50.0237],[95.5227,49.9112],[95.852,50.0129],[96.315,49.9011],[96.9857,49.8828],[97.2086,49.7308],[97.5894,49.9115],[98.1034,50.0778],[98.2503,50.3024],[98.2795,50.5333],[98.0298,50.6446],[97.8253,50.9853],[97.9469,51.3484],[98.2199,51.5056],[98.3527,51.7176],[98.6405,51.8012],[98.8486,52.0701],[99.7192,51.8716],[99.9217,51.7555],[100.5362,51.7135],[101.3812,51.4526],[101.5709,51.4672],[102.1115,51.3535],[102.2884,50.5851],[102.6833,50.3872],[103.1617,50.2907],[103.6329,50.1386],[104.1797,50.1694],[104.4663,50.3062],[105.0947,50.3899],[105.3836,50.4737],[106.2179,50.3046],[106.7111,50.3126],[107.2333,49.9894],[107.9479,49.9247],[108.0338,49.594],[108.6137,49.3228],[109.2367,49.3349],[110.1999,49.1704],[110.4278,49.22],[110.8279,49.1662],[111.3366,49.3559],[112.0797,49.4242],[112.4949,49.5323],[112.8064,49.5236],[113.0556,49.6163],[113.1642,49.7972],[113.5742,50.007],[114.2971,50.2744],[114.7432,50.2337],[115.2745,49.9489],[115.7178,49.8806],[116.1346,50.0108],[116.5512,49.9203],[116.6833,49.8238],[117.2456,49.6249],[117.8734,49.5135],[118.4516,49.8445],[118.756,49.9628],[119.2599,50.0664],[119.3463,50.279],[119.1919,50.3798],[120.0669,51.6007],[120.5105,51.8485],[120.7498,52.0965],[120.6562,52.5667],[120.0676,52.6329],[120.0945,52.7872],[120.7041,53.1718],[120.9854,53.2846],[121.4055,53.317],[122.3378,53.485],[122.7447,53.4685],[123.1541,53.5446],[123.6078,53.5465],[124.2914,53.3409],[124.8123,53.1338],[124.9709,53.1973],[125.649,53.0423],[125.7281,52.8907],[126.0481,52.7395],[126.016,52.6102],[126.3129,52.3998],[126.5105,51.9258],[126.8055,51.5057],[126.9248,51.1001],[127.307,50.708],[127.3061,50.4535],[127.5902,50.209],[127.5024,49.8734],[127.7111,49.6715],[127.9996,49.5686],[128.704,49.6001],[128.8193,49.4638],[129.1201,49.3621],[129.4981,49.3888],[130.196,48.8917],[130.5531,48.8612],[130.5521,48.6025],[130.8043,48.3415],[130.7121,48.1276],[131.0027,47.6915],[131.3193,47.7278],[131.7853,47.6805],[132.5619,47.7685],[132.7072,47.9473],[133.144,48.1057],[133.4684,48.0972],[133.8422,48.2737],[134.2934,48.3734],[134.5636,48.3217],[134.6693,48.1533],[134.566,48.0225],[134.7523,47.7154],[134.4835,47.4474],[134.1677,47.3022],[134.2021,47.1281],[133.8666,46.4991],[133.8613,46.2478],[133.5131,45.8788],[133.4364,45.6047],[133.186,45.4948],[133.1135,45.1307],[132.936,45.0299],[131.9775,45.244],[131.8519,45.3269],[131.4469,44.984],[131.0823,44.91],[131.0606,44.6597],[131.2553,44.0716],[131.1742,43.7047],[131.2618,43.4331],[131.0686,42.9022],[130.5772,42.8116],[130.4248,42.7271],[130.527,42.5354],[130.6873,42.3025]]],[[[47.442,80.8537],[45.1245,80.6522],[46.1414,80.4467],[47.3039,80.6062],[47.442,80.8537]]],[[[50.2781,80.9272],[49.2443,80.8214],[49.1853,80.5586],[47.6561,80.5005],[46.6444,80.3003],[47.6324,80.112],[49.0107,80.2074],[48.8961,80.3692],[50.9608,80.5405],[51.7036,80.6876],[50.2781,80.9272]]],[[[67.7653,76.2376],[68.1654,76.2849],[68.8998,76.5729],[68.8733,76.7896],[68.4857,76.9337],[67.535,77.0078],[66.063,76.7461],[65.8629,76.6133],[64.4635,76.3782],[62.9715,76.2367],[61.2017,76.282],[61.0539,76.1199],[58.8813,75.8548],[57.7834,75.5067],[57.0875,75.3838],[56.4987,74.9571],[55.5822,74.6277],[54.6427,73.9596],[53.7629,73.7662],[54.2046,73.542],[54.2999,73.351],[55.0068,73.4539],[56.4304,73.2972],[56.9639,73.3666],[57.8723,73.8504],[57.7674,74.0138],[58.4414,74.1289],[58.665,74.2893],[58.5347,74.4989],[59.101,74.5075],[59.2401,74.693],[60.2225,74.7966],[61.356,75.3148],[63.6595,75.6688],[66.2824,75.9837],[67.7653,76.2376]]],[[[55.3198,73.3083],[54.8039,73.3876],[53.7532,73.2933],[53.1979,73.1476],[53.2473,72.9731],[52.5285,72.7374],[52.9166,72.6689],[52.6221,72.301],[52.2521,72.1297],[51.5825,72.0712],[51.4387,71.7768],[51.8126,71.4913],[53.3639,71.5417],[53.41,71.3401],[53.8861,71.1963],[53.5878,71.0523],[53.7224,70.8145],[54.6012,70.6801],[55.6873,70.6922],[57.1459,70.5891],[57.6254,70.7288],[56.8948,70.927],[56.0432,71.3456],[55.2979,71.9354],[55.5181,72.2207],[55.356,72.4651],[55.7234,72.7664],[56.0838,72.7894],[56.4296,73.2012],[55.3198,73.3083]]],[[[96.5266,81.0756],[95.8007,81.2805],[94.6116,81.1146],[93.0651,80.9885],[93.2625,80.7913],[92.5779,80.5333],[91.5238,80.3585],[92.2016,80.1793],[93.8724,80.0101],[94.565,80.1261],[97.1752,80.241],[97.0254,80.5355],[97.8318,80.7983],[96.5266,81.0756]]],[[[97.6745,80.1583],[94.9873,80.0968],[93.0708,79.4953],[94.2188,79.4023],[94.6523,79.1275],[96.3474,79.0159],[97.5555,78.8266],[99.4396,78.8342],[99.9293,78.9614],[99.1671,79.3063],[99.6807,79.3233],[100.0612,79.7771],[99.2949,80.0164],[97.6745,80.1583]]],[[[102.8848,79.254],[102.7898,79.3921],[101.5906,79.3504],[100.9014,78.9801],[100.8756,78.7836],[100.284,78.6792],[100.0189,78.3389],[99.2871,78.0381],[100.0822,77.975],[101.2041,78.1919],[103.7193,78.2583],[104.8326,78.3527],[105.3126,78.4999],[105.146,78.8188],[104.4521,78.88],[103.6729,79.15],[102.8848,79.254]]],[[[140.0487,75.829],[138.814,76.1997],[137.5012,75.9097],[137.2688,75.7494],[137.2897,75.3486],[137.0062,75.235],[138.0923,74.7975],[139.0991,74.6565],[139.6059,74.9456],[140.2679,74.8469],[141.9873,74.9913],[142.2874,74.8499],[143.1279,74.9703],[142.6168,75.1333],[142.1511,75.4576],[142.0862,75.6606],[142.5516,75.7209],[142.7295,75.3376],[143.1703,75.1169],[144.0197,75.0447],[144.8835,75.2689],[144.7268,75.3656],[145.2553,75.5856],[143.6858,75.8637],[143.1852,75.8136],[142.4604,75.9036],[141.4854,76.1372],[141.0326,75.989],[140.9441,75.7005],[140.0487,75.829]]],[[[146.7952,75.3708],[146.1485,75.1983],[148.0924,74.8257],[149.5969,74.7726],[150.6463,74.9446],[150.1039,75.2192],[148.475,75.2724],[148.4324,75.4135],[147.497,75.4405],[146.7952,75.3708]]],[[[178.8615,70.8264],[180,70.993],[180,71.5377],[178.8911,71.2311],[178.6283,71.0474],[178.8615,70.8264]]],[[[142.761,54.3939],[142.335,54.2807],[142.6702,53.9684],[142.5262,53.4475],[142.142,53.4956],[141.8235,53.3395],[141.8736,53.0389],[141.8033,52.5556],[141.6608,52.2729],[141.7224,51.7363],[142.006,51.5205],[142.2067,51.2226],[142.2079,50.9985],[142.0711,50.515],[142.1531,50.2167],[142.1423,49.5691],[142.0201,49.0785],[141.8663,48.7501],[142.1354,48.2901],[142.1817,48.0134],[141.9641,47.5875],[142.0387,47.1403],[141.8665,46.6942],[141.8304,46.4511],[141.9616,46.0135],[142.2086,46.0889],[142.4064,46.5547],[142.578,46.7008],[142.8293,46.6053],[143.2823,46.559],[143.4187,46.222],[143.5807,46.3607],[143.4473,46.792],[143.2177,46.7949],[143.0056,47.2227],[142.6701,47.5369],[142.5569,47.7379],[142.5742,48.0722],[143.105,49.1988],[143.7323,49.312],[144.1255,49.2085],[144.2721,49.3113],[144.0479,49.8958],[143.816,50.2826],[143.4555,51.4715],[143.3205,51.5833],[143.1556,52.0837],[143.1723,52.3494],[143.3236,52.6136],[143.3247,52.9631],[143.2236,53.296],[142.918,53.7942],[142.9762,54.141],[142.761,54.3939]]],[[[-178.8765,71.5771],[-180.0,71.5377],[-180.0,70.993],[-179.5067,70.9234],[-177.8218,71.0676],[-177.5322,71.2631],[-178.3536,71.5292],[-178.8765,71.5771]]],[[[52.9033,71.365],[52.2966,71.3568],[52.8354,71.0858],[53.2052,71.1597],[52.9033,71.365]]],[[[58.6224,81.0417],[57.4052,80.9151],[58.86,80.7794],[58.6224,81.0417]]],[[[50.2652,69.1856],[49.2252,69.5112],[48.6313,69.436],[48.3199,69.2692],[48.2788,69.0403],[48.667,68.7332],[49.6263,68.8597],[50.2652,69.1856]]],[[[63.3738,80.7001],[64.5483,80.7554],[65.4374,80.9307],[65.382,81.0567],[63.1158,80.9668],[62.5203,80.8219],[63.3738,80.7001]]],[[[57.9562,80.1232],[58.4805,80.4647],[57.075,80.4939],[57.3923,80.1392],[57.9562,80.1232]]],[[[62.1678,80.8348],[61.5975,80.8929],[59.5923,80.8165],[59.3044,80.5215],[61.0513,80.4186],[62.0758,80.6169],[62.1678,80.8348]]],[[[53.5214,80.1852],[53.1856,80.4126],[52.2134,80.2637],[53.5214,80.1852]]],[[[57.0787,80.3509],[56.0244,80.3413],[56.2006,80.0765],[57.0802,80.0947],[57.0787,80.3509]]],[[[57.8103,81.546],[57.0915,81.5412],[55.7167,81.1885],[58.0153,81.2548],[57.8103,81.546]]],[[[54.7189,81.116],[54.0666,80.8136],[55.7125,80.6373],[56.8147,80.6636],[57.6941,80.7923],[56.1701,81.0292],[54.7189,81.116]]],[[[92.6835,79.6852],[93.8031,79.9045],[92.1734,80.0455],[91.1261,79.9049],[92.1537,79.6847],[92.6835,79.6852]]],[[[141.0103,73.9995],[140.8492,74.2738],[140.1016,74.1843],[140.5072,73.9187],[141.0103,73.9995]]],[[[142.1849,73.8959],[141.0848,73.8659],[140.5936,73.5646],[140.6628,73.452],[141.5967,73.3108],[143.1933,73.2208],[143.4913,73.2464],[143.3438,73.5687],[142.1849,73.8959]]],[[[135.9486,75.4096],[136.1689,75.6056],[135.6139,75.7663],[135.452,75.3896],[135.9486,75.4096]]],[[[137.9405,55.0926],[137.5773,55.197],[137.4355,55.016],[137.6611,54.6533],[137.9912,54.8207],[138.1721,55.0601],[137.9405,55.0926]]],[[[169.2008,69.5805],[169.3748,69.8826],[168.3579,70.0157],[167.7889,69.8369],[168.348,69.6644],[169.2008,69.5805]]],[[[163.6352,58.6034],[164.2788,58.8381],[164.6157,58.8856],[164.6293,59.1122],[163.7609,59.015],[163.6352,58.6034]]],[[[155.9211,50.3022],[156.1229,50.6713],[155.8848,50.6841],[155.6802,50.4007],[155.2184,50.2979],[155.2431,50.0946],[155.7924,50.2021],[155.9211,50.3022]]],[[[149.6877,45.642],[150.195,45.9332],[150.3486,46.2134],[149.6659,45.8398],[149.6877,45.642]]],[[[148.5995,45.3176],[147.7694,45.1907],[147.2466,44.8561],[147.3102,44.6776],[147.6578,44.9771],[147.9138,44.9904],[148.2623,45.2168],[148.5995,45.3176]]],[[[146.2076,44.4977],[146.1121,44.5001],[145.6663,43.9991],[145.767,43.9407],[146.1123,44.2459],[146.4365,44.3757],[146.2076,44.4977]]],[[[113.3872,74.4004],[112.0845,74.549],[111.643,74.2729],[112.7824,74.0951],[113.3872,74.4004]]],[[[70.6739,73.095],[71.6262,73.174],[70.9402,73.5144],[69.9959,73.3594],[69.9201,73.0845],[70.6739,73.095]]],[[[77.6325,72.2913],[78.3651,72.4824],[77.7485,72.6312],[76.9031,72.3656],[77.6325,72.2913]]],[[[79.5015,72.7219],[79.5413,72.9187],[79.1643,73.0943],[78.6568,72.8923],[78.8806,72.7516],[79.5015,72.7219]]],[[[60.4505,69.9349],[59.6363,70.197],[59.0053,70.4652],[58.473,70.2668],[58.9527,69.8928],[59.5026,69.8662],[59.5782,69.7386],[60.4402,69.7259],[60.4505,69.9349]]],[[[20.9578,55.2789],[20.8998,55.2867],[20.5203,54.9949],[19.9745,54.9212],[19.9441,54.75],[19.6044,54.4592],[20.2082,54.4208],[22.1685,54.3599],[22.7662,54.3568],[22.6799,54.493],[22.8313,54.8385],[22.5673,55.0591],[22.0724,55.0637],[21.2357,55.2641],[21.1889,54.9352],[20.5948,54.9824],[20.9578,55.2789]]],[[[33.5941,46.0962],[33.6648,45.9471],[33.1423,45.7492],[32.508,45.4038],[32.9187,45.3481],[33.1869,45.1948],[33.5552,45.0977],[33.6122,44.9078],[33.4507,44.5537],[33.91,44.3876],[34.2817,44.5384],[34.4699,44.7217],[34.7169,44.8071],[35.0877,44.8026],[35.4726,45.0985],[35.8701,45.0053],[36.3934,45.0654],[36.575,45.3936],[36.1705,45.4531],[35.558,45.3109],[35.3739,45.3536],[35.0017,45.7334],[34.7997,45.7908],[34.6869,45.977],[34.0267,46.1067],[33.66,46.2196],[33.5941,46.0962]]]]}},{"type":"Feature","properties":{"code":"RW","name":"Rwanda"},"geometry":{"type":"Polygon","coordinates":[[[29.577,-1.3879],[29.3517,-1.5176],[29.1294,-1.8603],[29.1064,-2.2332],[28.8764,-2.4003],[28.9218,-2.682],[29.0144,-2.7202],[29.0632,-2.6025],[29.2971,-2.673],[29.3902,-2.8086],[29.698,-2.7947],[29.8682,-2.7164],[29.9302,-2.3396],[30.1423,-2.414],[30.4085,-2.313],[30.5536,-2.4001],[30.8287,-2.3385],[30.8766,-2.1434],[30.8191,-1.9675],[30.8126,-1.5631],[30.4702,-1.1312],[30.51,-1.0673],[30.3603,-1.0746],[30.1016,-1.3687],[29.8816,-1.4518],[29.8254,-1.3355],[29.577,-1.3879]]]}},{"type":"Feature","properties":{"code":"SA","name":"Saudi Arabia"},"geometry":{"type":"Polygon","coordinates":[[[51.9776,18.9961],[53.6669,19.5591],[54.9773,19.9959],[55.4243,21.3469],[55.641,22.0019],[55.1858,22.7041],[55.1043,22.6215],[53.8321,22.7768],[52.5551,22.9328],[51.5926,24.0789],[51.5684,24.2862],[51.3099,24.3404],[51.4184,24.531],[51.268,24.6072],[50.966,24.5739],[50.8044,24.7893],[50.5579,25.0867],[50.4552,25.4248],[50.2812,25.5661],[50.0316,26.111],[50.2139,26.3085],[50.0273,26.5269],[49.9861,26.8289],[49.7165,26.9559],[49.5377,27.1518],[49.4053,27.181],[49.1751,27.4376],[48.9064,27.6291],[48.7737,27.9591],[48.6264,28.1326],[48.4425,28.5429],[47.6713,28.5332],[47.4332,28.9896],[46.5314,29.0962],[46.3564,29.0637],[44.6908,29.2023],[44.0996,29.6193],[42.8577,30.4952],[42.0744,31.0804],[40.3693,31.939],[39.1454,32.1245],[38.9623,31.9949],[36.9586,31.4915],[37.9801,30.5],[37.6336,30.3133],[37.4692,29.9951],[36.7553,29.866],[36.4761,29.4951],[36.0154,29.1905],[34.9508,29.3535],[34.7991,28.7205],[34.7799,28.5073],[34.6162,28.1483],[35.1805,28.0349],[35.4238,27.7338],[35.5813,27.4325],[36.2496,26.5948],[36.5187,26.1049],[36.6752,26.0389],[36.7627,25.7513],[36.9207,25.6412],[37.1488,25.2911],[37.2663,24.9601],[37.1809,24.82],[37.5431,24.2917],[37.9197,24.1854],[38.2889,23.911],[38.4642,23.7119],[38.7061,23.3055],[38.7969,23.0486],[38.9411,22.8818],[39.0959,22.3928],[38.9879,21.8817],[39.1471,21.519],[39.0936,21.3104],[39.2761,20.974],[39.4912,20.737],[39.6137,20.5177],[39.8841,20.293],[40.0807,20.2659],[40.4822,19.9935],[40.7592,19.7555],[41.116,19.0822],[41.2295,18.6784],[41.4317,18.4524],[41.5076,18.2561],[41.75,17.8857],[42.0522,17.6693],[42.2939,17.435],[42.3833,17.1225],[42.6988,16.737],[42.7993,16.3718],[43.165,16.6894],[43.1165,16.942],[43.1909,17.3594],[43.418,17.5163],[43.713,17.3655],[43.917,17.3247],[44.156,17.3985],[45.148,17.4274],[45.4065,17.3198],[46.3104,17.2313],[46.682,17.2686],[46.9757,16.9535],[47.1436,16.9467],[47.4418,17.1119],[47.5796,17.4483],[48.1722,18.1569],[49.042,18.5818],[49.1924,18.6213],[50.3553,18.7778],[51.9776,18.9961]]]}},{"type":"Feature","properties":{"code":"SB","name":"Solomon Islands"},"geometry":{"type":"MultiPolygon","coordinates":[[[[160.5763,-11.7979],[160.0773,-11.4929],[160.0035,-11.5796],[160.5763,-11.7979]]],[[[157.7635,-8.2422],[157.6123,-8.1648],[157.5988,-8.006],[157.4334,-7.9847],[157.3514,-8.2753],[157.558,-8.2699],[157.5879,-8.4454],[157.8337,-8.5727],[157.8984,-8.5063],[157.7635,-8.2422]]],[[[156.6879,-7.923],[156.8091,-7.7229],[156.5609,-7.574],[156.5109,-7.7078],[156.6879,-7.923]]],[[[157.1719,-8.1081],[157.1027,-7.8555],[156.959,-7.938],[157.0412,-8.1175],[157.1719,-8.1081]]],[[[159.7504,-9.2727],[159.6074,-9.3538],[159.6219,-9.5321],[159.8537,-9.7915],[160.3211,-9.8213],[160.6492,-9.9286],[160.8189,-9.8628],[160.6255,-9.5889],[160.3546,-9.4216],[159.9706,-9.4333],[159.7504,-9.2727]]],[[[159.8791,-8.5343],[159.8431,-8.327],[159.4314,-8.029],[159.1094,-7.9035],[158.7344,-7.6043],[158.597,-7.7591],[158.944,-8.0407],[159.3541,-8.2604],[159.6445,-8.3717],[159.8791,-8.5343]]],[[[157.4867,-7.3304],[157.1484,-7.1138],[157.0303,-6.892],[156.6042,-6.641],[156.4574,-6.7152],[156.6958,-6.9109],[156.9043,-7.1805],[157.1016,-7.3236],[157.4413,-7.4257],[157.4867,-7.3304]]],[[[160.7494,-8.314],[160.5904,-8.3728],[160.8734,-9.1568],[161.0415,-9.308],[161.2585,-9.3169],[161.1587,-8.9618],[160.9443,-8.799],[160.9977,-8.612],[160.7494,-8.314]]],[[[161.7153,-10.3873],[161.4757,-10.238],[161.5379,-10.5664],[161.7868,-10.7169],[162.1236,-10.8244],[162.2872,-10.71],[162.1054,-10.4538],[161.7153,-10.3873]]]]}},{"type":"Feature","properties":{"code":"SD","name":"Sudan"},"geometry":{"type":"Polygon","coordinates":[[[34.0781,9.4615],[34.1203,9.7297],[34.2915,10.1248],[34.2757,10.5281],[34.4314,10.7878],[34.5719,10.8802],[34.7713,10.7462],[34.9314,10.8648],[34.9607,11.2768],[35.1123,11.8166],[35.2524,11.957],[35.5961,12.5373],[35.8206,12.6849],[36.1075,12.7265],[36.2122,13.2711],[36.3906,13.6261],[36.5243,14.2568],[36.4268,15.1321],[36.5218,15.2501],[36.6792,15.7264],[36.9138,16.2962],[36.8878,16.6247],[36.9787,16.8006],[37.009,17.0589],[37.411,17.0617],[37.5102,17.2881],[37.7824,17.458],[38.2535,17.5848],[38.6095,18.0051],[38.3329,18.219],[38.2018,18.2494],[37.9219,18.5559],[37.4713,18.8201],[37.3615,19.092],[37.2484,19.5819],[37.2626,19.7919],[37.1932,20.1207],[37.2275,20.5567],[37.1506,21.1038],[37.2117,21.1858],[36.927,21.5865],[36.8714,21.9967],[35.2309,21.9964],[33.9185,21.9962],[32.6061,21.996],[31.4345,21.9958],[29.5646,21.9951],[28.0364,21.9954],[26.1264,21.9957],[24.9803,21.9958],[24.9799,20.9992],[24.9795,20.0026],[23.9803,19.9959],[23.9803,19.4966],[23.9814,18.1585],[23.9822,17.2664],[23.9834,15.7802],[23.1052,15.7025],[22.9339,15.5331],[22.9323,15.1621],[22.7633,14.9987],[22.6709,14.7225],[22.3815,14.5505],[22.51,14.1274],[22.1731,13.9106],[22.1076,13.7303],[22.2281,13.3296],[21.9902,13.1131],[21.8253,12.7905],[22.0007,12.6719],[22.3523,12.6604],[22.4898,12.0447],[22.581,11.9901],[22.5563,11.6695],[22.641,11.5159],[22.9227,11.3449],[22.8601,10.9197],[22.9644,10.7518],[23.3123,10.3879],[23.6463,9.8229],[23.6227,9.3406],[23.4683,9.1147],[23.5373,8.8158],[23.6793,8.7325],[24.1474,8.6656],[24.2136,8.7678],[24.5319,8.8869],[24.6629,9.3381],[24.7826,9.5273],[24.7853,9.7747],[25.0029,10.0553],[25.067,10.2938],[25.798,10.4205],[25.8915,10.2027],[26.1695,9.9659],[26.5514,9.5258],[26.7632,9.4992],[27.0742,9.6138],[27.8858,9.5997],[28.0489,9.3286],[28.8445,9.3261],[28.8395,9.4591],[28.9996,9.6102],[29.4731,9.7686],[29.6055,10.0651],[30.003,10.2774],[30.4746,9.979],[30.7394,9.7427],[31.2249,9.7993],[31.6549,10.2211],[31.933,10.6625],[32.4041,11.0578],[32.3542,11.2469],[32.3354,11.716],[32.0723,12.0067],[32.7367,12.0097],[32.7219,12.2231],[33.1993,12.2173],[33.073,11.5915],[33.1722,10.8501],[33.1408,10.7379],[33.3607,10.6578],[33.8922,10.199],[33.9592,9.8453],[33.8909,9.4622],[34.0781,9.4615]]]}},{"type":"Feature","properties":{"code":"SE","name":"Sweden"},"geometry":{"type":"MultiPolygon","coordinates":[[[[19.0765,57.8359],[18.5374,57.8306],[18.1365,57.5566],[18.1051,57.2719],[18.2854,57.0832],[18.6999,57.2427],[18.8139,57.7062],[19.0765,57.8359]]],[[[11.3883,59.0365],[11.1472,58.9886],[11.2716,58.4756],[11.4493,58.1184],[11.7032,57.9732],[11.735,57.7177],[12.4215,56.9064],[12.8837,56.6177],[12.8017,56.2639],[12.5926,56.1376],[12.978,55.6938],[12.8858,55.4114],[13.3214,55.3464],[13.8063,55.4286],[14.1737,55.3966],[14.3417,55.5277],[14.215,55.8326],[14.782,56.1619],[15.3266,56.1508],[15.9967,56.2226],[16.3487,56.7093],[16.5279,57.0682],[16.476,57.2651],[16.6522,57.5007],[16.5554,57.8123],[16.6949,57.9175],[16.7699,58.2143],[16.652,58.4343],[16.9238,58.4926],[16.9781,58.6542],[17.4567,58.8584],[18.2854,59.1094],[18.5089,59.408],[18.2169,59.4205],[18.9705,59.7572],[18.9332,59.9423],[18.5575,60.2536],[18.2505,60.3615],[17.9558,60.5898],[17.251,60.7008],[17.1308,61.5757],[17.4173,61.7407],[17.3745,61.8663],[17.5629,62.2123],[17.3733,62.4265],[17.8345,62.5027],[17.8956,62.8305],[18.4631,62.8958],[18.6064,63.1783],[19.0344,63.2377],[19.3543,63.4775],[19.7221,63.4633],[20.7627,63.8678],[21.0185,64.178],[21.465,64.3796],[21.1382,64.8087],[21.5739,65.1258],[21.5655,65.4081],[21.8796,65.424],[22.254,65.5976],[22.3663,65.8427],[22.7466,65.8709],[23.1023,65.7354],[23.6914,65.8285],[24.1555,65.8053],[23.7012,66.4808],[23.9886,66.8105],[23.623,67.1841],[23.7749,67.3286],[23.4681,67.45],[23.5019,67.8752],[23.6389,67.9544],[22.7824,68.391],[21.9975,68.5206],[21.4654,68.6907],[20.6222,69.0369],[19.9688,68.542],[19.9698,68.3564],[18.3786,68.5624],[18.1626,68.5284],[18.1767,68.2006],[17.9167,67.9649],[17.3246,68.1038],[16.7836,67.895],[16.5855,67.6283],[16.1274,67.4258],[16.4035,67.055],[15.4229,66.4898],[15.4838,66.306],[15.1533,66.1911],[14.5433,66.1293],[14.6352,65.845],[14.4797,65.3015],[13.6503,64.5815],[14.0776,64.464],[14.1412,64.1735],[13.9605,64.014],[13.2996,64.0748],[12.6625,63.9405],[12.1752,63.5959],[11.9999,63.2917],[12.2182,63.0006],[12.1146,62.5919],[12.3035,62.2856],[12.1554,61.7208],[12.8808,61.3523],[12.683,61.0468],[12.2941,61.0027],[12.5887,60.4507],[12.4861,60.1068],[11.9321,59.8637],[11.6808,59.5923],[11.7981,59.2899],[11.6428,58.9261],[11.3883,59.0365]]]]}},{"type":"Feature","properties":{"code":"SG","name":"Singapore"},"geometry":{"type":"Polygon","coordinates":[[[103.9697,1.3314],[103.818,1.4471],[103.6502,1.3255],[103.8199,1.2654],[103.9697,1.3314]]]}},{"type":"Feature","properties":{"code":"SI","name":"Slovenia"},"geometry":{"type":"Polygon","coordinates":[[[16.5162,46.4999],[16.2836,46.8573],[16.0931,46.8633],[15.9576,46.6776],[15.7669,46.7113],[15.4393,46.6296],[15.0007,46.626],[14.5035,46.417],[13.7,46.5203],[13.3995,46.3175],[13.6325,46.1771],[13.4864,46.0396],[13.5696,45.8341],[13.8312,45.6804],[13.7198,45.5876],[13.5779,45.5169],[13.8787,45.4284],[14.3699,45.4814],[14.534,45.6453],[14.7336,45.5085],[15.3395,45.467],[15.2771,45.7326],[15.6248,45.834],[15.6359,46.2007],[16.2274,46.3729],[16.5162,46.4999]]]}},{"type":"Feature","properties":{"code":"SK","name":"Slovakia"},"geometry":{"type":"Polygon","coordinates":[[[22.5387,49.0727],[22.0201,49.2095],[21.6396,49.412],[21.0794,49.4183],[20.9473,49.3171],[20.6161,49.3917],[20.1637,49.3164],[20.0576,49.1813],[19.8022,49.1923],[19.4416,49.5977],[19.1494,49.4],[18.8322,49.5108],[18.5965,49.4915],[18.1609,49.2574],[18.0859,49.0651],[17.7585,48.8881],[17.4826,48.8278],[17.1885,48.8609],[16.9531,48.5988],[16.8654,48.3869],[17.1474,48.006],[17.3173,47.9909],[17.7619,47.7702],[18.7242,47.7872],[18.9142,48.0508],[19.467,48.1107],[19.6254,48.2231],[19.8986,48.1313],[20.3338,48.2956],[20.49,48.5269],[21.0673,48.5059],[21.4514,48.5522],[21.767,48.3381],[22.1318,48.4053],[22.5387,49.0727]]]}},{"type":"Feature","properties":{"code":"SL","name":"Sierra Leone"},"geometry":{"type":"MultiPolygon","coordinates":[[[[-10.2832,8.4852],[-10.5577,8.3157],[-10.7121,8.3353],[-10.5005,8.6875],[-10.6056,8.8676],[-10.616,9.0592],[-10.75,9.1224],[-10.6905,9.3143],[-11.2057,9.9777],[-11.9111,9.993],[-12.1423,9.8754],[-12.2777,9.9298],[-12.5015,9.8622],[-12.7559,9.3736],[-12.9588,9.2633],[-13.028,9.1036],[-13.2927,9.0492],[-13.1537,8.8977],[-13.2284,8.6959],[-13.085,8.4248],[-13.149,8.2146],[-12.9569,8.1453],[-12.881,7.8566],[-12.5104,7.6657],[-12.4856,7.3863],[-11.7334,7.0886],[-11.5075,6.9065],[-11.2677,7.2326],[-10.6475,7.7594],[-10.5708,8.0711],[-10.3896,8.1576],[-10.2832,8.4852]]],[[[-12.5261,7.4363],[-12.6152,7.6372],[-12.9516,7.5708],[-12.5261,7.4363]]]]}},{"type":"Feature","properties":{"code":"SN","name":"Senegal"},"geometry":{"type":"Polygon","coordinates":[[[-12.2806,14.809],[-12.5436,15.039],[-12.8585,15.2425],[-12.9943,15.5049],[-13.258,15.7004],[-13.4097,16.0592],[-13.5555,16.144],[-13.8685,16.1481],[-13.975,16.3111],[-14.3001,16.5803],[-14.5337,16.656],[-15.1126,16.6449],[-15.6208,16.5066],[-15.959,16.4921],[-16.1684,16.5471],[-16.3023,16.4513],[-16.441,16.2045],[-16.5353,15.8384],[-16.8434,15.294],[-17.1472,14.922],[-17.4118,14.7922],[-17.1681,14.6406],[-16.9738,14.4032],[-16.7978,14.0933],[-16.7454,13.8404],[-16.5623,13.5873],[-15.5097,13.5862],[-15.4269,13.727],[-15.1083,13.8121],[-14.9358,13.7852],[-14.4055,13.5037],[-13.9774,13.5435],[-13.8475,13.3353],[-14.2468,13.2358],[-14.6719,13.3517],[-15.1511,13.5565],[-15.2862,13.396],[-15.8144,13.3251],[-15.8343,13.1564],[-16.6488,13.1542],[-16.7633,13.0642],[-16.7118,12.3548],[-16.4163,12.3677],[-16.1442,12.4574],[-15.8396,12.4379],[-15.5748,12.4904],[-15.1961,12.6799],[-13.7292,12.6739],[-13.0829,12.6335],[-12.7973,12.4519],[-12.2912,12.328],[-12.0424,12.398],[-11.3894,12.4044],[-11.4488,12.5319],[-11.3904,12.942],[-11.635,13.3699],[-11.8946,13.4444],[-12.0542,13.6331],[-11.9609,13.8753],[-12.0192,14.2065],[-12.2284,14.4586],[-12.1865,14.6481],[-12.2806,14.809]]]}},{"type":"Feature","properties":{"code":"SO","name":"Somalia"},"geometry":{"type":"Polygon","coordinates":[[[41.5327,-1.6953],[41.7322,-1.4301],[41.9799,-0.973],[42.2189,-0.738],[42.5607,-0.3215],[43.4677,0.6216],[44.3327,1.391],[44.9202,1.8102],[45.8263,2.3099],[46.0512,2.4751],[46.8788,3.2856],[47.5114,3.9683],[47.9753,4.497],[48.234,4.9527],[48.649,5.4944],[49.0493,6.1736],[49.0927,6.4079],[49.3485,6.9905],[49.57,7.297],[49.7612,7.6595],[49.8521,7.9625],[50.1028,8.1998],[50.2857,8.5094],[50.4298,8.8453],[50.638,9.1093],[50.825,9.4282],[50.8984,10.2531],[51.0632,10.4339],[51.1406,10.6569],[51.0843,11.3356],[51.2549,11.8307],[50.7923,11.9837],[50.6359,11.9438],[50.4662,11.7275],[50.1101,11.5293],[49.6421,11.4509],[49.3883,11.3427],[48.9386,11.2584],[48.9381,9.4518],[47.9782,7.9971],[46.9712,7.026],[46.4229,6.4973],[45.935,5.9972],[44.9405,4.912],[44.0281,4.951],[43.5383,4.8403],[43.016,4.5633],[42.7916,4.292],[42.2284,4.2017],[42.0241,4.1379],[41.884,3.9777],[41.3418,3.2017],[40.9645,2.8146],[40.97,1.3782],[40.9732,0.5354],[40.9787,-0.8703],[41.5219,-1.5723],[41.5327,-1.6953]]]}},{"type":"Feature","properties":{"code":"SR","name":"Suriname"},"geometry":{"type":"Polygon","coordinates":[[[-54.156,5.359],[-54.0459,5.6089],[-54.0542,5.8079],[-54.3562,5.9099],[-54.8337,5.9883],[-55.3793,5.9526],[-55.8282,5.9617],[-55.9396,5.7955],[-56.466,5.9377],[-56.9698,5.9929],[-57.0566,5.9387],[-57.1948,5.5484],[-57.3186,5.3354],[-57.2073,5.2142],[-57.331,5.0202],[-57.7111,4.9911],[-57.917,4.8204],[-57.846,4.6682],[-58.0545,4.1719],[-58.0322,4.002],[-57.8327,3.676],[-57.5496,3.3528],[-57.3037,3.3771],[-57.2098,2.8828],[-57.029,2.6375],[-56.9315,2.3954],[-56.7043,2.0365],[-56.4828,1.9421],[-56.0199,1.8422],[-55.9153,2.0396],[-56.1294,2.2995],[-55.9359,2.5166],[-55.7306,2.4062],[-55.3854,2.4406],[-55.0058,2.593],[-54.8517,2.4396],[-54.6163,2.3268],[-54.402,2.4615],[-54.1955,2.8179],[-54.2031,3.1382],[-54.0096,3.4485],[-53.9905,3.5896],[-54.3507,4.0541],[-54.4496,4.485],[-54.4522,5.0135],[-54.156,5.359]]]}},{"type":"Feature","properties":{"code":"SS","name":"South Sudan"},"geometry":{"type":"Polygon","coordinates":[[[33.9761,4.2202],[35.2684,5.4923],[35.0819,5.6731],[34.959,6.0451],[34.7106,6.6603],[34.4844,6.8984],[34.2793,7.0028],[34.0643,7.2257],[33.9024,7.5095],[33.6661,7.671],[33.226,7.7606],[33.0126,7.9515],[33.2343,8.3964],[33.4094,8.4478],[33.9533,8.4435],[34.0945,8.5822],[34.0781,9.4615],[33.8909,9.4622],[33.9592,9.8453],[33.8922,10.199],[33.3607,10.6578],[33.1408,10.7379],[33.1722,10.8501],[33.073,11.5915],[33.1993,12.2173],[32.7219,12.2231],[32.7367,12.0097],[32.0723,12.0067],[32.3354,11.716],[32.3542,11.2469],[32.4041,11.0578],[31.933,10.6625],[31.6549,10.2211],[31.2249,9.7993],[30.7394,9.7427],[30.4746,9.979],[30.003,10.2774],[29.6055,10.0651],[29.4731,9.7686],[28.9996,9.6102],[28.8395,9.4591],[28.8445,9.3261],[28.0489,9.3286],[27.8858,9.5997],[27.0742,9.6138],[26.7632,9.4992],[26.5514,9.5258],[26.1695,9.9659],[25.8915,10.2027],[25.798,10.4205],[25.067,10.2938],[25.0029,10.0553],[24.7853,9.7747],[24.7826,9.5273],[24.6629,9.3381],[24.5319,8.8869],[24.2136,8.7678],[24.1474,8.6656],[24.2914,8.2914],[24.8533,8.1375],[25.2474,7.7246],[25.1901,7.5193],[25.3807,7.3334],[25.889,7.0649],[26.3618,6.6353],[26.3086,6.4553],[26.5143,6.0692],[26.7264,5.9982],[27.0834,5.7769],[27.2134,5.6188],[27.2567,5.2896],[27.4033,5.1092],[27.6642,4.846],[27.7881,4.6447],[28.1921,4.3502],[28.4275,4.3242],[28.7271,4.505],[28.9394,4.4871],[29.1515,4.3882],[29.4696,4.6118],[29.6769,4.5869],[29.8702,4.3271],[30.1949,3.9819],[30.5083,3.8357],[30.5594,3.6528],[30.7572,3.6242],[30.8386,3.4907],[30.9294,3.6341],[31.1523,3.7856],[31.48,3.6805],[31.798,3.8026],[31.9418,3.6076],[32.0994,3.5292],[32.3357,3.7062],[32.8381,3.7985],[32.9973,3.8802],[33.1541,3.7747],[33.4894,3.7551],[33.9761,4.2202]]]}},{"type":"Feature","properties":{"code":"ST","name":"São Tomé and Principe"},"geometry":{"type":"Polygon","coordinates":[[[6.66,0.1207],[6.75,0.2435],[6.6869,0.4044],[6.5243,0.3403],[6.66,0.1207]]]}},{"type":"Feature","properties":{"code":"SV","name":"El Salvador"},"geometry":{"type":"Polygon","coordinates":[[[-89.3626,14.416],[-89.5405,14.4099],[-89.5472,14.2413],[-89.8727,14.0456],[-90.1047,13.8348],[-90.0952,13.7365],[-89.8042,13.5601],[-89.2776,13.4781],[-88.867,13.2833],[-88.512,13.1839],[-87.9309,13.1807],[-87.8142,13.3992],[-87.7153,13.8127],[-87.991,13.8796],[-88.151,13.9874],[-88.4491,13.851],[-88.5125,13.979],[-88.8459,14.1248],[-89.0571,14.3292],[-89.3626,14.416]]]}},{"type":"Feature","properties":{"code":"SY","name":"Syria"},"geometry":{"type":"Polygon","coordinates":[[[35.8927,35.9166],[35.7645,35.5716],[35.9431,35.2238],[35.8993,34.8521],[35.9763,34.6292],[36.433,34.6135],[36.585,34.2212],[36.2822,33.8942],[36.0922,33.8316],[35.9424,33.6676],[35.8691,33.4317],[35.8161,33.3619],[35.888,32.9444],[35.7873,32.7349],[36.0595,32.5338],[36.3721,32.3869],[36.8184,32.3173],[38.7735,33.3722],[39.5645,33.7684],[40.6895,34.332],[40.987,34.4291],[41.1947,34.769],[41.2164,35.2882],[41.3541,35.6404],[41.2456,36.0734],[41.296,36.3833],[41.4168,36.5146],[41.7886,36.5972],[42.3501,37.0606],[42.359,37.1086],[42.2686,37.2766],[41.5155,37.0892],[40.7057,37.0977],[40.0164,36.8261],[39.3566,36.6816],[38.7666,36.6931],[38.4438,36.8623],[38.1917,36.9016],[37.4363,36.6433],[37.0662,36.6526],[36.9418,36.7584],[36.6586,36.8025],[36.5375,36.4574],[36.6414,36.2635],[36.3754,36.1712],[36.3476,36.0035],[36.1273,35.8314],[35.8927,35.9166]]]}},{"type":"Feature","properties":{"code":"SZ","name":"Eswatini"},"geometry":{"type":"Polygon","coordinates":[[[31.9482,-25.9576],[31.8715,-25.9816],[31.4151,-25.7466],[31.2073,-25.8434],[30.8033,-26.4135],[30.7943,-26.7643],[30.8833,-26.7924],[31.0634,-27.1123],[31.4695,-27.2955],[31.9584,-27.3059],[31.9947,-26.8175],[32.1129,-26.8395],[32.106,-26.52],[32.0414,-26.2812],[32.0605,-26.0184],[31.9482,-25.9576]]]}},{"type":"Feature","properties":{"code":"TC","name":"Turks and Caicos Islands"},"geometry":{"type":"Polygon","coordinates":[[[-71.6614,21.7652],[-71.6684,21.8334],[-71.8062,21.8521],[-71.8304,21.7906],[-71.6614,21.7652]]]}},{"type":"Feature","properties":{"code":"TD","name":"Chad"},"geometry":{"type":"Polygon","coordinates":[[[23.9803,19.4966],[23.0222,19.9698],[21.585,20.6795],[20.6268,21.1526],[19.6686,21.6258],[18.2313,22.3355],[16.7941,23.0453],[15.9841,23.4452],[14.979,22.9962],[15.1723,21.9221],[15.1818,21.5234],[15.6073,20.9544],[15.5871,20.7333],[15.9293,20.3999],[15.9488,20.3032],[15.7351,19.9041],[15.6376,18.8108],[15.4743,16.9084],[14.368,15.7501],[13.8071,14.9661],[13.6424,14.6308],[13.4482,14.3807],[13.6063,13.7046],[14.064,13.0785],[14.5162,12.9797],[14.5447,12.8202],[14.7612,12.6556],[14.8807,12.2694],[15.0813,11.8455],[15.122,11.5413],[15.0299,11.1137],[15.0687,10.8511],[15.2761,10.3574],[15.5319,10.0885],[15.5409,9.9603],[15.1932,9.9815],[14.8358,9.9417],[14.2433,9.9797],[13.9772,9.6916],[14.005,9.5887],[14.3323,9.2035],[15.1162,8.5573],[15.2523,8.3224],[15.443,7.8519],[15.5498,7.7879],[15.4801,7.5238],[15.845,7.4753],[16.3789,7.6835],[16.5232,7.86],[16.7848,7.551],[17.118,7.7019],[17.247,7.813],[17.6494,7.9836],[18.4551,8.032],[18.9064,8.4051],[19.1087,8.6562],[18.8883,8.8897],[19.1455,9.016],[19.6684,9.0209],[20.0727,9.1332],[20.3421,9.1271],[20.7732,9.4057],[21.2639,9.9746],[21.396,10.0014],[21.528,10.2078],[21.7258,10.3666],[21.7065,10.5748],[22.0432,10.8227],[22.4938,10.9962],[22.8601,10.9197],[22.9227,11.3449],[22.641,11.5159],[22.5563,11.6695],[22.581,11.9901],[22.4898,12.0447],[22.3523,12.6604],[22.0007,12.6719],[21.8253,12.7905],[21.9902,13.1131],[22.2281,13.3296],[22.1076,13.7303],[22.1731,13.9106],[22.51,14.1274],[22.3815,14.5505],[22.6709,14.7225],[22.7633,14.9987],[22.9323,15.1621],[22.9339,15.5331],[23.1052,15.7025],[23.9834,15.7802],[23.9822,17.2664],[23.9814,18.1585],[23.9803,19.4966]]]}},{"type":"Feature","properties":{"code":"TG","name":"Togo"},"geometry":{"type":"Polygon","coordinates":[[[0.9005,10.9933],[0.4842,10.992],[-0.0686,11.1156],[0.0094,11.021],[-0.0577,10.6306],[0.3627,10.2365],[0.3239,9.6876],[0.2619,9.4956],[0.4476,9.4803],[0.529,9.3583],[0.4661,9.1153],[0.4888,8.8515],[0.4153,8.6527],[0.6162,8.4796],[0.6881,8.3042],[0.5836,8.1458],[0.6052,7.7282],[0.5,7.5469],[0.6348,7.3537],[0.5256,6.8509],[0.7369,6.4526],[0.985,6.3203],[1.1872,6.0894],[1.6227,6.2168],[1.7779,6.2946],[1.5775,6.6874],[1.6247,6.9973],[1.6246,8.271],[1.6002,9.05],[1.4243,9.285],[1.3471,9.5675],[1.3301,9.997],[0.78,10.3596],[0.7875,10.7103],[0.9005,10.9933]]]}},{"type":"Feature","properties":{"code":"TH","name":"Thailand"},"geometry":{"type":"Polygon","coordinates":[[[100.1225,20.3167],[99.8903,20.4244],[99.6387,20.3205],[99.3379,20.0789],[99.0207,20.0418],[98.9167,19.7729],[98.2391,19.6907],[98.111,19.7622],[97.8168,19.46],[97.8039,19.1305],[97.7061,18.9318],[97.754,18.6208],[97.485,18.4942],[97.7197,18.0374],[97.6985,17.8335],[97.793,17.6812],[98.2565,17.1477],[98.4389,16.9757],[98.4781,16.7322],[98.6893,16.3054],[98.818,16.1808],[98.5924,16.0507],[98.5652,15.4036],[98.191,15.2041],[98.246,14.8147],[98.57,14.3599],[98.9336,14.0499],[99.1368,13.7167],[99.1762,13.2331],[99.1074,13.1035],[99.2198,12.7397],[99.4051,12.5479],[99.4629,12.1902],[99.6147,11.7812],[99.4779,11.6125],[99.1901,11.1053],[98.7572,10.6609],[98.7684,10.4309],[98.7025,10.1904],[98.493,9.5614],[98.3714,9.2905],[98.326,8.9689],[98.2418,8.7679],[98.2382,8.4231],[98.3055,8.2262],[98.421,8.1782],[98.5792,8.3443],[98.7887,8.0598],[99.0511,7.8878],[99.3004,7.5613],[99.3586,7.3722],[99.5291,7.3295],[99.7203,7.1062],[99.696,6.8767],[99.8687,6.7499],[100.1191,6.442],[100.1768,6.6718],[100.3454,6.5499],[100.7938,6.4262],[100.8739,6.2454],[101.0535,6.2426],[101.0756,5.9565],[100.9816,5.771],[101.114,5.6368],[101.257,5.7894],[101.5561,5.9078],[101.65,5.796],[101.8736,5.8253],[102.1011,6.2422],[101.7992,6.4746],[101.4979,6.8653],[101.302,6.9083],[101.0179,6.8609],[100.5862,7.176],[100.4235,7.1878],[100.2049,7.5005],[100.4535,7.4423],[100.2794,8.2685],[99.9606,8.6712],[99.9047,9.1129],[99.7238,9.3142],[99.3938,9.2137],[99.1607,9.734],[99.1946,10.1754],[99.165,10.3198],[99.4869,10.8896],[99.6273,11.4629],[99.7987,11.7488],[99.8371,11.9366],[99.9891,12.1708],[99.964,12.69],[100.0899,13.0457],[100.0175,13.3532],[100.2356,13.4845],[100.6561,13.5213],[100.9627,13.432],[100.8633,12.7145],[101.4449,12.6189],[101.7236,12.6894],[102.0344,12.5319],[102.2296,12.3316],[102.5402,12.1092],[102.763,12.0125],[102.9339,11.7067],[102.7366,12.0898],[102.7557,12.4263],[102.4996,12.67],[102.4617,13.015],[102.3308,13.2882],[102.3197,13.54],[102.5447,13.66],[102.7289,13.8419],[102.9093,14.1367],[103.1994,14.3326],[103.6004,14.4211],[103.8184,14.3622],[104.4116,14.3696],[104.779,14.4278],[105.1833,14.3462],[105.4756,14.5301],[105.5467,14.9325],[105.5132,15.3609],[105.6156,15.4883],[105.6221,15.7],[105.3732,15.8897],[105.4062,15.9875],[105.0472,16.1603],[104.8193,16.4661],[104.7506,16.6476],[104.759,17.0771],[104.816,17.3003],[104.7396,17.4617],[104.4281,17.699],[103.9496,18.319],[103.367,18.4233],[103.1485,18.2217],[103.0514,18.0285],[102.7176,17.8922],[102.3519,18.0459],[102.1015,18.2106],[101.7748,18.0334],[101.6875,17.8894],[101.1052,17.4795],[100.9085,17.5839],[101.1133,18.0335],[101.1375,18.2869],[101.0506,18.407],[101.2863,18.9771],[101.1547,19.5792],[100.9665,19.6108],[100.6255,19.4999],[100.3977,19.7561],[100.5431,20.0887],[100.318,20.3859],[100.1225,20.3167]]]}},{"type":"Feature","properties":{"code":"TJ","name":"Tajikistan"},"geometry":{"type":"Polygon","coordinates":[[[67.759,37.1722],[68.0678,36.9498],[68.6691,37.2584],[68.9604,37.325],[69.2648,37.1084],[69.4145,37.2078],[69.4921,37.5531],[70.2515,37.6642],[70.2146,37.9244],[70.4178,38.0754],[70.6158,38.3344],[70.8789,38.4564],[71.2559,38.307],[71.3327,38.1703],[71.2785,37.9184],[71.552,37.9332],[71.4329,37.1275],[71.5975,36.7329],[71.8021,36.6943],[72.3588,36.9829],[72.6574,37.0291],[72.8955,37.2675],[73.4813,37.4717],[73.7206,37.4188],[73.7496,37.2318],[74.1671,37.3294],[74.2597,37.4154],[74.6594,37.3945],[74.8913,37.2316],[75.1188,37.3857],[74.8942,37.6014],[74.9383,37.7725],[74.7896,38.1036],[74.8359,38.4043],[74.745,38.51],[74.2774,38.6598],[74.0256,38.5398],[73.8017,38.6069],[73.6961,38.8543],[73.7956,39.0021],[73.6073,39.2292],[73.6316,39.4489],[73.235,39.3746],[72.6399,39.386],[72.3577,39.3369],[72.23,39.2075],[72.0428,39.3521],[71.806,39.2756],[71.7322,39.423],[71.4043,39.5979],[70.7331,39.4133],[70.6078,39.5644],[70.2448,39.5426],[69.5988,39.5738],[69.2977,39.5248],[69.2291,39.7611],[69.4319,39.9098],[69.5303,40.0973],[69.9668,40.2022],[70.4514,40.0492],[70.958,40.2389],[70.6531,40.2012],[70.3826,40.4535],[70.751,40.7396],[70.4415,41.0234],[70.2921,40.8917],[69.7129,40.657],[69.4139,40.7972],[69.2062,40.5666],[69.3042,40.3274],[69.2283,40.1876],[68.6525,40.1827],[68.8688,39.9075],[68.639,39.8389],[68.4633,39.5367],[67.719,39.6214],[67.4262,39.4656],[67.3496,39.2421],[67.6165,39.1503],[67.6766,39.0085],[68.1035,38.962],[68.0479,38.6693],[68.1441,38.3831],[68.3331,38.2378],[68.294,38.0329],[67.8144,37.487],[67.759,37.1722]]]}},{"type":"Feature","properties":{"code":"TM","name":"Turkmenistan"},"geometry":{"type":"Polygon","coordinates":[[[55.9774,41.3222],[55.5452,41.2627],[55.2496,41.4581],[54.9037,41.9191],[54.6779,42.0782],[54.121,42.3352],[53.2501,42.2059],[52.8705,42.0606],[52.4938,41.7804],[52.6094,41.5294],[52.8302,41.3419],[52.97,41.9762],[53.1642,42.0938],[53.6249,42.1364],[53.8465,42.0912],[54.0948,41.5194],[54.5922,41.1936],[54.7101,40.8911],[54.3194,40.8346],[54.193,40.7204],[53.87,40.6487],[53.6152,40.8185],[53.1452,40.825],[52.9435,41.0381],[52.7337,40.3987],[52.7444,40.2198],[52.9875,39.9876],[53.4042,39.9604],[53.4723,39.6688],[53.2356,39.6085],[53.1248,39.4321],[53.6176,39.216],[53.8687,38.9493],[53.8235,37.9279],[53.9142,37.3436],[54.1916,37.3325],[54.7452,37.5019],[54.8486,37.7227],[55.0756,37.9025],[55.5784,38.0998],[56.2288,38.0734],[56.4406,38.2494],[57.1936,38.2164],[57.4238,37.9477],[57.7105,37.9053],[58.4357,37.6385],[58.8154,37.6835],[59.2408,37.5208],[59.5622,37.1789],[60.0628,36.9629],[60.3413,36.6376],[61.1196,36.6426],[61.2521,35.8676],[61.262,35.6196],[61.5428,35.4579],[61.9839,35.4437],[62.2528,35.2502],[62.6105,35.2332],[63.0566,35.4458],[63.1697,35.6781],[63.1086,35.8187],[63.8625,36.0124],[64.358,36.2261],[64.511,36.3407],[64.8163,37.1321],[65.0896,37.2379],[65.555,37.2512],[65.765,37.5691],[66.1084,37.4147],[66.5223,37.3485],[66.5256,37.7857],[66.6293,37.932],[66.1731,38.1667],[65.8571,38.2687],[65.6129,38.2386],[64.66,38.736],[64.31,38.9773],[64.1628,38.9536],[63.7208,39.1881],[63.5061,39.3771],[62.6507,39.8585],[62.4416,40.0362],[62.375,40.3321],[62.095,40.6833],[61.9535,41.0306],[61.497,41.2761],[61.3289,41.1951],[60.7549,41.2458],[60.455,41.2216],[60.0896,41.3994],[60.1069,41.9074],[59.9626,41.9544],[60.0061,42.1908],[59.8583,42.2952],[59.4511,42.2995],[59.1231,42.5238],[58.877,42.5615],[58.5891,42.7785],[58.2597,42.6881],[58.2341,42.4477],[58.0289,42.4876],[57.8143,42.1898],[57.3817,42.1563],[56.9641,41.8565],[57.018,41.2635],[55.9774,41.3222]]]}},{"type":"Feature","properties":{"code":"TN","name":"Tunisia"},"geometry":{"type":"Polygon","coordinates":[[[11.5046,33.1819],[11.2026,33.2492],[11.0846,33.5629],[10.7228,33.5144],[10.7132,33.689],[10.4543,33.6625],[10.159,33.85],[10.049,34.0563],[10.2004,34.346],[10.5349,34.5447],[10.8662,34.8843],[11.1201,35.2403],[11.0043,35.6338],[10.5908,35.8873],[10.4766,36.1751],[10.5257,36.3233],[10.7981,36.4931],[11.1267,36.8741],[11.0539,37.0725],[10.5713,36.8794],[10.4123,36.7318],[10.1888,37.0339],[10.1964,37.2059],[9.688,37.3404],[9.142,37.1946],[8.8235,36.9976],[8.5766,36.9372],[8.2308,36.5453],[8.3487,36.368],[8.2457,35.8706],[8.3164,35.4031],[8.3942,35.2039],[8.2769,34.9795],[8.2456,34.7341],[8.1234,34.5639],[7.8383,34.4103],[7.7485,34.2545],[7.5139,34.0805],[7.5002,33.8325],[7.7627,33.2331],[8.0756,33.0891],[8.2109,32.9267],[8.3334,32.5436],[9.044,32.0724],[9.5188,30.2294],[9.895,30.3873],[10.2164,30.7832],[10.2434,31.0321],[10.1149,31.4638],[10.3061,31.7048],[10.4758,31.736],[10.6089,31.9295],[10.8264,32.0807],[11.505,32.4137],[11.4539,32.6426],[11.5046,33.1819]]]}},{"type":"Feature","properties":{"code":"TO","name":"Tonga"},"geometry":{"type":"Polygon","coordinates":[[[-175.1619,-21.1693],[-175.2254,-21.1187],[-175.3354,-21.1577],[-175.1566,-21.2637],[-175.1619,-21.1693]]]}},{"type":"Feature","properties":{"code":"TR","name":"Turkey"},"geometry":{"type":"MultiPolygon","coordinates":[[[[41.5101,41.5175],[40.9595,41.2116],[40.2652,40.9613],[39.8079,40.9825],[39.4264,41.1064],[38.3811,40.9245],[37.9101,41.0019],[37.7656,41.0789],[37.0662,41.1844],[36.7777,41.3635],[36.5097,41.2625],[36.1792,41.4266],[36.0518,41.6826],[35.558,41.634],[35.2978,41.7285],[35.0064,42.0633],[34.7505,41.9568],[34.193,41.9637],[33.3813,42.0176],[32.3064,41.7296],[32.0864,41.5892],[31.458,41.32],[31.2549,41.1076],[30.8101,41.0849],[30.3449,41.1969],[29.9193,41.1508],[29.3223,41.2277],[29.0943,41.1772],[29.0455,41.0076],[29.3647,40.8093],[28.7879,40.534],[29.0071,40.3897],[28.2891,40.403],[27.4756,40.3199],[27.2846,40.4556],[26.7381,40.4002],[26.3134,40.025],[26.1813,39.9901],[26.1131,39.4674],[26.8271,39.5629],[26.6818,39.2922],[26.8536,39.1156],[26.8149,38.961],[27.0137,38.8869],[26.7637,38.7096],[26.9068,38.4817],[26.8614,38.3729],[26.4297,38.4406],[26.2907,38.2772],[26.5824,38.1493],[26.6828,38.1983],[27.2324,37.9787],[27.2244,37.7254],[27.0778,37.6877],[27.2192,37.3892],[27.5201,37.2491],[27.3489,37.0196],[28.1337,37.0295],[27.8038,36.7365],[28.4836,36.8038],[28.7177,36.7009],[29.0383,36.6935],[29.1433,36.3972],[29.3483,36.2588],[29.6891,36.1567],[30.2316,36.3073],[30.4836,36.3104],[30.644,36.8657],[31.3525,36.8011],[32.022,36.5353],[32.3777,36.1836],[32.7948,36.0359],[33.6947,36.182],[34.0234,36.3408],[34.2996,36.6042],[34.6014,36.7845],[34.8112,36.7993],[35.1762,36.6349],[35.5374,36.597],[35.6611,36.7243],[36.0489,36.9106],[36.1885,36.659],[35.8109,36.3099],[35.9569,35.9981],[35.8927,35.9166],[36.1273,35.8314],[36.3476,36.0035],[36.3754,36.1712],[36.6414,36.2635],[36.5375,36.4574],[36.6586,36.8025],[36.9418,36.7584],[37.0662,36.6526],[37.4363,36.6433],[38.1917,36.9016],[38.4438,36.8623],[38.7666,36.6931],[39.3566,36.6816],[40.0164,36.8261],[40.7057,37.0977],[41.5155,37.0892],[42.2686,37.2766],[42.359,37.1086],[42.7746,37.3719],[43.0925,37.3674],[43.5158,37.2445],[43.8364,37.2235],[44.0132,37.3135],[44.2084,37.2026],[44.2818,36.978],[44.606,37.176],[44.7651,37.1424],[44.7941,37.2904],[44.574,37.4354],[44.5612,37.7446],[44.2113,37.9081],[44.4309,38.3568],[44.2908,38.4201],[44.2717,38.836],[44.1445,38.9944],[44.178,39.1448],[44.0232,39.3774],[44.3894,39.4221],[44.456,39.6667],[44.5871,39.7686],[44.8172,39.6504],[44.7683,39.7035],[44.2893,40.0404],[43.7917,40.0703],[43.5693,40.4824],[43.7227,40.7195],[43.6316,40.929],[43.4395,41.1071],[42.7879,41.5637],[42.4664,41.4398],[41.9258,41.4957],[41.8235,41.4324],[41.5101,41.5175]]],[[[28.0145,41.969],[27.5349,41.9208],[27.2949,42.0795],[26.6153,41.9649],[26.3209,41.7166],[26.5813,41.6013],[26.6249,41.4018],[26.3307,41.2388],[26.3311,40.9545],[26.039,40.7268],[26.1055,40.6113],[26.7921,40.6266],[26.2538,40.3147],[26.33,40.1234],[26.7721,40.498],[27.258,40.6874],[27.4994,40.9731],[27.9252,40.9906],[28.1722,41.0807],[28.7804,40.9742],[28.9563,41.0082],[29.0572,41.2297],[28.3464,41.4664],[28.1979,41.5545],[27.9873,41.8549],[28.0145,41.969]]]]}},{"type":"Feature","properties":{"code":"TT","name":"Trinidad and Tobago"},"geometry":{"type":"Polygon","coordinates":[[[-61.0121,10.1343],[-60.9685,10.3234],[-61.0337,10.6699],[-60.9176,10.8402],[-61.5918,10.7479],[-61.4647,10.539],[-61.4993,10.2686],[-61.5967,10.0646],[-61.1743,10.078],[-61.0121,10.1343]]]}},{"type":"Feature","properties":{"code":"TW","name":"Taiwan"},"geometry":{"type":"Polygon","coordinates":[[[121.0088,22.6204],[121.2959,22.9666],[121.4771,23.4241],[121.6394,24.1301],[121.828,24.5344],[121.8201,24.8245],[121.929,24.9737],[121.8528,25.1044],[121.5937,25.2753],[121.0406,25.0328],[120.6297,24.4785],[120.159,23.709],[120.0725,23.1498],[120.3256,22.5424],[120.5812,22.3564],[120.6901,22.0331],[120.8398,21.925],[120.8974,22.3792],[121.0088,22.6204]]]}},{"type":"Feature","properties":{"code":"TZ","name":"Tanzania"},"geometry":{"type":"MultiPolygon","coordinates":[[[[39.4965,-6.1746],[39.3683,-5.9512],[39.1924,-5.9311],[39.2435,-6.275],[39.573,-6.3874],[39.4965,-6.1746]]],[[[39.865,-4.9062],[39.6734,-4.9271],[39.7011,-5.1137],[39.853,-5.2555],[39.865,-4.9062]]],[[[32.9199,-9.4074],[33.3309,-9.5191],[33.4209,-9.608],[33.6977,-9.5981],[33.9439,-9.6722],[33.9956,-9.4954],[34.3209,-9.7315],[34.5242,-10.0302],[34.5836,-10.5251],[34.6618,-10.7101],[34.5977,-11.0375],[34.9595,-11.5781],[35.631,-11.582],[35.7854,-11.4529],[36.0822,-11.5373],[36.1913,-11.6707],[36.5187,-11.7162],[36.9789,-11.567],[37.2184,-11.6865],[37.5417,-11.6751],[37.8293,-11.4819],[37.9202,-11.2947],[38.1766,-11.2787],[38.4918,-11.4133],[38.7947,-11.2289],[39.3216,-11.1226],[39.5635,-10.9785],[39.9887,-10.8208],[40.4636,-10.4644],[40.3888,-10.3535],[40.0837,-10.1566],[39.9836,-10.1596],[39.7838,-9.9146],[39.6255,-9.4095],[39.6413,-9.1925],[39.4513,-8.943],[39.304,-8.4438],[39.441,-8.0115],[39.2885,-7.5179],[39.5192,-7.1241],[39.4724,-6.8786],[39.2873,-6.8149],[39.2284,-6.6853],[38.874,-6.3312],[38.8047,-6.0701],[38.8192,-5.8776],[38.9782,-5.5186],[39.2218,-4.6924],[37.7973,-3.6744],[37.6087,-3.4603],[37.688,-3.2462],[37.6438,-3.0454],[36.9026,-2.6316],[35.8369,-2.0366],[34.9843,-1.5605],[33.9794,-1.0021],[33.9032,-1.0021],[32.9052,-1.0021],[31.4831,-1.0021],[30.742,-1.0075],[30.51,-1.0673],[30.4702,-1.1312],[30.8126,-1.5631],[30.8191,-1.9675],[30.8766,-2.1434],[30.8287,-2.3385],[30.5536,-2.4001],[30.4242,-2.6416],[30.515,-2.9176],[30.7803,-2.9849],[30.7902,-3.2746],[30.425,-3.5889],[30.1472,-4.0854],[29.9473,-4.3073],[29.7178,-4.4559],[29.4032,-4.4493],[29.3257,-4.8356],[29.3428,-4.9831],[29.5941,-5.6508],[29.4801,-6.025],[29.5408,-6.3139],[29.7097,-6.6169],[30.1062,-6.915],[30.3132,-7.2037],[30.4067,-7.4606],[30.7512,-8.1937],[30.8307,-8.3855],[31.0764,-8.6119],[31.3506,-8.607],[31.5349,-8.7133],[31.6736,-8.9088],[31.9187,-8.9422],[31.9426,-9.054],[32.4332,-9.1563],[32.9199,-9.4074]]]]}},{"type":"Feature","properties":{"code":"UA","name":"Ukraine"},"geometry":{"type":"Polygon","coordinates":[[[38.2144,47.0915],[38.2874,47.5592],[38.7189,47.7141],[38.9003,47.8551],[39.7359,47.8448],[39.961,48.2379],[39.8356,48.5428],[39.6447,48.5912],[39.7929,48.8077],[39.6865,49.0079],[40.07,49.2003],[40.1262,49.3688],[40.0307,49.5967],[39.7806,49.572],[39.1748,49.856],[38.9184,49.8247],[38.2586,50.0523],[38.0469,49.92],[37.7042,50.1091],[37.4229,50.4115],[36.7591,50.2918],[36.6194,50.2092],[35.8902,50.4371],[35.6737,50.346],[35.4116,50.5397],[35.4401,50.7277],[35.3119,51.0439],[35.0641,51.2034],[34.7123,51.1722],[34.2807,51.3117],[34.1211,51.6792],[34.3979,51.7804],[34.1131,51.9796],[33.9221,52.2515],[33.7353,52.3448],[33.1484,52.3404],[32.8997,52.2563],[32.5079,52.3085],[32.2828,52.114],[31.9738,52.0466],[31.7634,52.1011],[30.9807,52.0462],[30.6673,51.8141],[30.533,51.5963],[30.6325,51.3554],[30.3334,51.3255],[30.1607,51.4779],[29.3465,51.3826],[29.1356,51.6173],[28.599,51.5426],[28.1838,51.6079],[27.2701,51.6136],[27.142,51.7521],[26.4534,51.8134],[25.9253,51.9135],[25.2672,51.9377],[24.3619,51.8675],[23.9512,51.5851],[23.6053,51.5179],[23.6645,51.3101],[24.1058,50.845],[23.9727,50.4101],[23.7117,50.3773],[23.0363,49.8991],[22.6494,49.539],[22.7057,49.1712],[22.5387,49.0727],[22.1318,48.4053],[22.8767,47.9473],[23.2026,48.0845],[24.1777,47.9061],[24.5789,47.9311],[24.8934,47.7178],[25.4643,47.9108],[26.1627,47.9925],[26.3057,48.2038],[26.6189,48.2599],[26.8471,48.3872],[27.2285,48.3714],[27.5492,48.4777],[27.82,48.4163],[28.327,48.1614],[28.7738,48.1196],[28.9733,47.933],[29.1948,47.8824],[29.1598,47.4557],[29.5493,47.2468],[29.572,46.964],[29.8778,46.8289],[29.9243,46.5389],[29.8379,46.3505],[29.1463,46.5269],[28.9274,46.4241],[28.9478,46.05],[28.4916,45.6658],[28.4714,45.5072],[28.2125,45.4504],[28.4513,45.2922],[28.7607,45.2341],[29.2235,45.4029],[29.5677,45.3708],[29.7059,45.2599],[29.6017,45.6825],[30.219,45.8667],[30.5115,46.1054],[30.7963,46.552],[31.9743,46.7088],[32.3613,46.475],[32.0085,46.43],[32.0357,46.261],[32.4768,46.0837],[33.2022,46.1757],[33.5941,46.0962],[33.66,46.2196],[34.0267,46.1067],[34.6869,45.977],[34.7997,45.7908],[35.0017,45.7334],[34.8573,45.9874],[34.8496,46.1899],[35.2304,46.4406],[35.4002,46.3814],[35.8271,46.6243],[36.2795,46.6586],[37.3398,46.9169],[37.5434,47.0746],[38.2144,47.0915]]]}},{"type":"Feature","properties":{"code":"UG","name":"Uganda"},"geometry":{"type":"Polygon","coordinates":[[[33.9032,-1.0021],[33.9432,0.1738],[34.1609,0.6052],[34.4108,0.8673],[34.4817,1.0421],[34.7876,1.2307],[34.7836,1.3812],[34.9652,1.6434],[34.9641,2.0624],[34.883,2.4179],[34.7425,2.8181],[34.5892,2.9248],[34.4479,3.1635],[34.3929,3.6915],[34.165,3.813],[33.9761,4.2202],[33.4894,3.7551],[33.1541,3.7747],[32.9973,3.8802],[32.8381,3.7985],[32.3357,3.7062],[32.0994,3.5292],[31.9418,3.6076],[31.798,3.8026],[31.48,3.6805],[31.1523,3.7856],[30.9294,3.6341],[30.8386,3.4907],[30.9064,3.4089],[30.754,3.0418],[30.8467,2.847],[30.7286,2.4554],[30.9619,2.4033],[31.1764,2.2701],[31.2527,2.0446],[30.9426,1.6828],[30.4778,1.2388],[30.3211,1.1853],[30.1829,0.9735],[29.9429,0.8192],[29.9345,0.499],[29.7177,0.0983],[29.5619,-0.9773],[29.577,-1.3879],[29.8254,-1.3355],[29.8816,-1.4518],[30.1016,-1.3687],[30.3603,-1.0746],[30.51,-1.0673],[30.742,-1.0075],[31.4831,-1.0021],[32.9052,-1.0021],[33.9032,-1.0021]]]}},{"type":"Feature","properties":{"code":"US-AK","name":"Alaska"},"geometry":{"type":"MultiPolygon","coordinates":[[[[-131.602,55.118],[-131.5692,55.2823],[-131.3556,55.1837],[-131.3884,55.0139],[-131.6458,55.0358],[-131.602,55.118]]],[[[-131.8321,55.4247],[-131.6458,55.3042],[-131.7499,55.1289],[-131.8321,55.1892],[-131.8321,55.4247]]],[[[-132.9767,56.4379],[-132.7357,56.4598],[-132.6317,56.4215],[-132.6645,56.2736],[-132.8781,56.2408],[-133.0698,56.3339],[-132.9767,56.4379]]],[[[-133.5956,56.3503],[-133.1629,56.3174],[-133.0534,56.1257],[-132.6207,55.9121],[-132.4729,55.7807],[-132.4619,55.6712],[-132.3578,55.6492],[-132.3414,55.5068],[-132.1661,55.3644],[-132.1442,55.2385],[-132.0292,55.2768],[-131.9799,55.1782],[-131.958,54.7894],[-132.0292,54.7017],[-132.3085,54.7182],[-132.3852,54.9153],[-132.4838,54.8989],[-132.6865,55.0468],[-132.7467,54.9975],[-132.9165,55.0468],[-132.8891,54.8989],[-132.7303,54.9372],[-132.6262,54.8825],[-132.6755,54.6798],[-132.8672,54.7017],[-133.1575,54.9592],[-133.2396,55.0906],[-133.2232,55.2275],[-133.4532,55.2166],[-133.4532,55.3206],[-133.278,55.3316],[-133.1027,55.4247],[-133.1794,55.589],[-133.3875,55.6219],[-133.4204,55.8848],[-133.497,56.0162],[-133.6394,55.9231],[-133.6942,56.071],[-133.5463,56.1422],[-133.6668,56.312],[-133.5956,56.3503]]],[[[-133.738,55.5561],[-133.5463,55.4904],[-133.4149,55.5726],[-133.2834,55.5342],[-133.4204,55.3864],[-133.634,55.4302],[-133.738,55.5561]]],[[[-133.9078,56.9308],[-134.0502,57.0294],[-133.8859,57.0952],[-133.3437,57.002],[-133.1027,57.0075],[-132.9329,56.8213],[-132.6207,56.668],[-132.6536,56.5529],[-132.8179,56.4927],[-133.0425,56.5201],[-133.2013,56.4489],[-133.4204,56.4927],[-133.6613,56.4489],[-133.7106,56.6844],[-133.6887,56.8377],[-133.8695,56.8432],[-133.9078,56.9308]]],[[[-134.1159,56.4817],[-134.2529,56.5584],[-134.4007,56.7227],[-134.4172,56.8487],[-134.2967,56.9089],[-134.1707,56.8487],[-134.1433,56.9528],[-133.749,56.772],[-133.7106,56.5968],[-133.8476,56.5748],[-133.9352,56.3777],[-133.8366,56.3229],[-133.9571,56.0929],[-134.1105,56.1422],[-134.1324,55.9998],[-134.231,56.071],[-134.2912,56.3503],[-134.1159,56.4817]]],[[[-134.6362,56.2846],[-134.6691,56.1696],[-134.806,56.2353],[-135.1785,56.6789],[-135.414,56.8104],[-135.3318,56.9144],[-135.4249,57.1664],[-135.6878,57.369],[-135.4194,57.5662],[-135.299,57.484],[-135.0634,57.4183],[-134.8498,57.4073],[-134.8444,57.2485],[-134.6362,56.7282],[-134.6362,56.2846]]],[[[-134.7129,58.2234],[-134.3734,58.1467],[-134.1762,58.1577],[-134.1871,58.081],[-133.9023,57.8072],[-134.0995,57.851],[-134.1488,57.7579],[-133.9352,57.6155],[-133.8695,57.3635],[-134.0831,57.2978],[-134.1543,57.2102],[-134.4993,57.0294],[-134.6034,57.0349],[-134.6472,57.2266],[-134.576,57.3416],[-134.6089,57.5114],[-134.7294,57.7195],[-134.7074,57.8291],[-134.7841,58.0974],[-134.9156,58.2125],[-134.9539,58.4096],[-134.7129,58.2234]]],[[[-135.8576,57.3307],[-135.7152,57.3307],[-135.5673,57.1499],[-135.633,57.024],[-135.8576,56.9966],[-135.8247,57.1937],[-135.8576,57.3307]]],[[[-136.2793,58.207],[-135.9781,58.2015],[-135.7809,58.2891],[-135.4961,58.1686],[-135.6495,58.0372],[-135.5947,57.9879],[-135.4523,58.1358],[-135.1073,58.0865],[-134.9156,57.9769],[-135.0251,57.7798],[-134.9375,57.7633],[-134.8225,57.5005],[-135.0854,57.4621],[-135.5728,57.6757],[-135.5564,57.4566],[-135.7097,57.369],[-135.8905,57.4073],[-136.0,57.5443],[-136.2081,57.6374],[-136.367,57.8291],[-136.5696,57.9167],[-136.5587,58.0755],[-136.4217,58.1303],[-136.3779,58.2672],[-136.2793,58.207]]],[[[-147.0799,60.2006],[-147.5016,59.9486],[-147.5344,59.8501],[-147.874,59.7843],[-147.8028,59.9377],[-147.4359,60.0965],[-147.2058,60.2718],[-147.0799,60.2006]]],[[[-147.5618,60.5785],[-147.6166,60.3704],[-147.759,60.1568],[-147.9562,60.228],[-147.7919,60.4744],[-147.5618,60.5785]]],[[[-147.7864,70.2453],[-147.6823,70.2015],[-147.162,70.1577],[-146.8882,70.185],[-146.5103,70.185],[-146.0995,70.1467],[-145.8585,70.1686],[-145.623,70.0865],[-145.1958,69.9934],[-144.6207,69.9714],[-144.4619,70.0262],[-144.0785,70.0591],[-143.9142,70.1303],[-143.4979,70.1412],[-143.5034,70.0919],[-143.2569,70.1193],[-142.7476,70.0426],[-142.4025,69.9167],[-142.0794,69.8564],[-142.0082,69.8017],[-141.7125,69.7907],[-141.4331,69.6976],[-141.3784,69.6373],[-141.2086,69.6866],[-141.0005,69.6483],[-141.0005,60.3046],[-140.5349,60.2225],[-140.4747,60.3101],[-139.9872,60.1842],[-139.6969,60.343],[-139.089,60.3594],[-139.1985,60.091],[-139.0452,59.9979],[-138.7001,59.9103],[-138.6235,59.7679],[-137.6047,59.2421],[-137.4459,58.908],[-137.2652,59.0011],[-136.827,59.16],[-136.5806,59.1654],[-136.4655,59.2859],[-136.4765,59.4667],[-136.3012,59.4667],[-136.2574,59.6255],[-135.9452,59.6638],[-135.4797,59.8008],[-135.0251,59.5653],[-135.0689,59.4229],[-134.9594,59.2805],[-134.702,59.2476],[-134.3788,59.034],[-134.4007,58.9737],[-134.2529,58.8587],[-133.8421,58.7273],[-133.1739,58.1522],[-133.0753,57.9989],[-132.8672,57.8455],[-132.5605,57.5059],[-132.2538,57.2156],[-132.3688,57.0952],[-132.0511,57.0513],[-132.1278,56.8761],[-131.8704,56.8049],[-131.8375,56.6022],[-131.5801,56.6132],[-131.0872,56.4051],[-130.7805,56.3667],[-130.6216,56.2681],[-130.4683,56.2408],[-130.4245,56.1422],[-130.1013,56.1148],[-130.0028,55.9943],[-130.1506,55.7697],[-130.1287,55.5835],[-129.9863,55.2768],[-130.0959,55.2001],[-130.3368,54.9208],[-130.6874,54.7182],[-130.786,54.8222],[-130.9174,54.7894],[-131.0105,54.9975],[-130.9831,55.0851],[-131.0927,55.1892],[-130.8626,55.2987],[-130.9284,55.3371],[-131.1584,55.2001],[-131.2844,55.2878],[-131.4268,55.2385],[-131.843,55.4576],[-131.7006,55.6985],[-131.9635,55.6164],[-131.9745,55.4959],[-132.1826,55.589],[-132.2264,55.704],[-132.084,55.83],[-132.1278,55.956],[-132.325,55.8519],[-132.5221,56.0764],[-132.6426,56.0326],[-132.7193,56.2188],[-132.5276,56.3393],[-132.3414,56.3393],[-132.3962,56.4872],[-132.2976,56.6789],[-132.4509,56.6734],[-132.7686,56.8377],[-132.9932,57.0349],[-133.5189,57.1773],[-133.508,57.5771],[-133.6778,57.6264],[-133.6394,57.7907],[-133.8147,57.8345],[-134.0721,58.0536],[-134.1433,58.1686],[-134.587,58.207],[-135.0744,58.5027],[-135.2825,59.1928],[-135.3811,59.034],[-135.3373,58.8916],[-135.1401,58.6177],[-135.1894,58.5739],[-135.058,58.3494],[-135.0854,58.2015],[-135.277,58.2344],[-135.4304,58.3987],[-135.633,58.4261],[-135.9178,58.3822],[-135.9124,58.6177],[-136.0876,58.8149],[-136.2465,58.7547],[-136.8763,58.9628],[-136.9311,58.9025],[-136.586,58.8368],[-136.3177,58.6725],[-136.2136,58.667],[-136.1807,58.5356],[-136.0438,58.3822],[-136.3889,58.2946],[-136.5915,58.3494],[-136.597,58.2125],[-136.8599,58.3165],[-136.9475,58.3932],[-137.1118,58.3932],[-137.5664,58.5904],[-137.9005,58.7656],[-137.9334,58.8697],[-138.1196,59.023],[-138.6344,59.1326],[-138.9192,59.2476],[-139.4176,59.379],[-139.7462,59.505],[-139.7188,59.6419],[-139.6257,59.5981],[-139.5162,59.6857],[-139.6257,59.8829],[-139.4888,59.9925],[-139.5545,60.0418],[-139.801,59.8336],[-140.3158,59.6967],[-140.9292,59.746],[-141.4441,59.872],[-141.466,59.9706],[-141.707,59.9486],[-141.9644,60.0198],[-142.5395,60.0856],[-142.8736,60.091],[-143.6239,60.0363],[-143.8923,59.9979],[-144.2318,60.1403],[-144.6536,60.2061],[-144.785,60.2937],[-144.8343,60.4416],[-145.1246,60.4306],[-145.2232,60.2992],[-145.738,60.4744],[-145.8202,60.5511],[-146.3514,60.4087],[-146.6088,60.2389],[-146.7184,60.3978],[-146.6088,60.4854],[-146.4555,60.4635],[-145.9516,60.5785],[-146.0173,60.6661],[-146.2528,60.6223],[-146.3459,60.7373],[-146.565,60.7538],[-146.7841,61.044],[-146.8663,60.9728],[-147.173,60.9345],[-147.2715,60.9728],[-147.3756,60.8797],[-147.759,60.9126],[-147.7754,60.8085],[-148.0328,60.7811],[-148.1533,60.8195],[-148.0657,61.0057],[-148.1752,61.0002],[-148.3505,60.803],[-148.1095,60.7373],[-148.0876,60.5949],[-147.9397,60.4416],[-148.0274,60.2773],[-148.2191,60.332],[-148.2738,60.2499],[-148.0876,60.217],[-147.9835,59.9979],[-148.2519,59.9541],[-148.3998,59.9979],[-148.6353,59.9377],[-148.7558,59.987],[-149.068,59.9815],[-149.057,60.0637],[-149.2049,60.0089],[-149.2871,59.9048],[-149.4185,59.9979],[-149.5828,59.8665],[-149.5116,59.8062],[-149.7416,59.7296],[-149.9498,59.7186],[-150.0319,59.6146],[-150.2565,59.5214],[-150.4098,59.5543],[-150.5796,59.4448],[-150.7165,59.4502],[-151.0013,59.2257],[-151.3081,59.2093],[-151.4066,59.2805],[-151.5929,59.16],[-151.9762,59.2531],[-151.8886,59.4229],[-151.6367,59.4831],[-151.4724,59.4721],[-151.4231,59.5379],[-151.1273,59.6693],[-151.1164,59.7789],[-151.5052,59.631],[-151.8284,59.7186],[-151.8667,59.7789],[-151.7024,60.0308],[-151.4231,60.2115],[-151.3793,60.3594],[-151.2971,60.3868],[-151.2642,60.5456],[-151.4066,60.7209],[-151.0616,60.7866],[-150.4044,61.0386],[-150.2455,60.94],[-150.0429,60.9126],[-149.7416,61.0166],[-150.0757,61.1536],[-150.2072,61.2576],[-150.4701,61.2467],[-150.6563,61.296],[-150.7111,61.2522],[-151.0233,61.181],[-151.1657,61.044],[-151.4778,61.0112],[-151.801,60.8523],[-151.8338,60.7483],[-152.0803,60.6935],[-152.1351,60.5785],[-152.3103,60.5073],[-152.3925,60.3046],[-152.7321,60.1732],[-152.5677,60.0691],[-152.7047,59.9158],[-153.0223,59.8884],[-153.0497,59.6912],[-153.3455,59.62],[-153.4386,59.7022],[-153.5865,59.5488],[-153.7617,59.5433],[-153.7289,59.4338],[-154.1177,59.3681],[-154.1944,59.0669],[-153.7508,59.0504],[-153.4002,58.9683],[-153.3017,58.8697],[-153.4441,58.7109],[-153.6796,58.6123],[-153.8986,58.6068],[-153.9206,58.5192],[-154.063,58.4863],[-153.9972,58.3768],[-154.1451,58.2125],[-154.4628,58.0591],[-154.6435,58.0591],[-154.8188,58.0043],[-154.9886,58.0153],[-155.12,57.955],[-155.0817,57.8729],[-155.3281,57.8291],[-155.3774,57.7086],[-155.5472,57.7853],[-155.7334,57.5497],[-156.0456,57.5662],[-156.0237,57.4402],[-156.2099,57.4731],[-156.3414,57.4183],[-156.3414,57.2485],[-156.5495,56.9856],[-156.8836,56.9528],[-157.1574,56.8323],[-157.2012,56.7665],[-157.3765,56.8596],[-157.6723,56.6077],[-157.7544,56.6789],[-157.9187,56.657],[-157.9571,56.5146],[-158.1268,56.4598],[-158.3295,56.4817],[-158.4883,56.3393],[-158.209,56.2955],[-158.5102,55.9779],[-159.3756,55.8738],[-159.6166,55.5945],[-159.6768,55.6547],[-159.644,55.83],[-159.8137,55.8574],[-160.0273,55.7916],[-160.0602,55.7204],[-160.3943,55.6054],[-160.5367,55.474],[-160.5805,55.5671],[-160.6681,55.4576],[-160.8653,55.5288],[-161.2323,55.359],[-161.5061,55.3644],[-161.4678,55.4959],[-161.5883,55.6219],[-161.6978,55.5178],[-161.6869,55.4083],[-162.0538,55.0742],[-162.1798,55.1563],[-162.2181,55.0303],[-162.4701,55.0523],[-162.5084,55.2494],[-162.6617,55.2932],[-162.7165,55.222],[-162.5796,55.1344],[-162.6453,54.9975],[-162.848,54.9263],[-163.0013,55.0796],[-163.1875,55.0906],[-163.2204,55.0303],[-163.0342,54.9427],[-163.3738,54.8003],[-163.1437,54.762],[-163.1382,54.6963],[-163.3299,54.7456],[-163.5874,54.6141],[-164.0858,54.6196],[-164.3322,54.5319],[-164.3541,54.4662],[-164.6389,54.3895],[-164.847,54.4169],[-164.9182,54.6031],[-164.7101,54.6634],[-164.5513,54.8879],[-164.3432,54.8934],[-163.8941,55.0413],[-163.5326,55.0468],[-163.3957,54.9044],[-163.2916,55.0084],[-163.3135,55.1289],[-163.1054,55.1837],[-162.8808,55.1837],[-162.5796,55.4466],[-162.2455,55.6821],[-161.8073,55.8902],[-161.2925,55.9833],[-161.0789,55.9395],[-160.8708,55.9998],[-160.816,55.9121],[-160.931,55.8136],[-160.8051,55.7369],[-160.7667,55.8574],[-160.5093,55.8683],[-160.4381,55.7916],[-160.2793,55.7643],[-160.2738,55.8574],[-160.5367,55.9395],[-160.5586,55.9943],[-160.3833,56.2517],[-160.1478,56.3996],[-159.8302,56.542],[-159.3263,56.668],[-158.9593,56.8487],[-158.7841,56.783],[-158.6417,56.8104],[-158.7019,56.9254],[-158.6581,57.0349],[-158.3788,57.2649],[-157.9954,57.4128],[-157.6887,57.61],[-157.7051,57.7195],[-157.4587,58.4973],[-157.0753,58.7054],[-157.1191,58.8697],[-158.0392,58.6342],[-158.3295,58.6616],[-158.4007,58.7601],[-158.565,58.804],[-158.6198,58.9135],[-158.7676,58.8642],[-158.8608,58.6944],[-158.7019,58.4808],[-158.8936,58.3877],[-159.0634,58.4206],[-159.392,58.7601],[-159.6166,58.9299],[-159.7316,58.9299],[-159.8083,58.804],[-159.9068,58.7821],[-160.0547,58.8861],[-160.2355,58.9025],[-160.3176,59.0723],[-160.8544,58.8806],[-161.3363,58.7437],[-161.3747,58.667],[-161.7526,58.552],[-161.9388,58.6561],[-161.769,58.7766],[-161.8293,59.0614],[-161.9552,59.3626],[-161.7033,59.4886],[-161.9114,59.7405],[-162.0921,59.8829],[-162.2345,60.091],[-162.4481,60.1787],[-162.5029,59.9979],[-162.7603,59.9596],[-163.1711,59.8446],[-163.664,59.7953],[-163.9324,59.8062],[-164.1624,59.8665],[-164.1898,60.0253],[-164.387,60.0746],[-164.6992,60.2937],[-164.9621,60.3375],[-165.2688,60.5785],[-165.0606,60.688],[-165.0168,60.8907],[-165.1757,60.8469],[-165.1976,60.9728],[-165.1209,61.0769],[-165.3235,61.17],[-165.3454,61.0714],[-165.5919,61.1098],[-165.6248,61.2795],[-165.8165,61.3014],[-165.9205,61.4165],[-165.9151,61.5589],[-166.1067,61.4931],[-166.1396,61.6301],[-165.9041,61.6629],[-166.0958,61.8163],[-165.7562,61.8272],[-165.7562,62.0134],[-165.6741,62.1394],[-165.0442,62.5392],[-164.9128,62.6597],[-164.8197,62.6378],[-164.8744,62.8076],[-164.6334,63.0979],[-164.4253,63.2129],[-164.0365,63.2622],[-163.7352,63.2129],[-163.3135,63.0376],[-163.0397,63.0595],[-162.6617,63.2293],[-162.2729,63.4867],[-162.0757,63.5141],[-162.0264,63.4484],[-161.5554,63.4484],[-161.1392,63.5032],[-160.7667,63.7715],[-160.7667,63.8373],[-160.9529,64.0892],[-160.9749,64.2371],[-161.2651,64.3959],[-161.3747,64.5328],[-161.0789,64.4945],[-160.7996,64.6095],[-160.7832,64.7191],[-161.1446,64.9217],[-161.413,64.7629],[-161.6649,64.7903],[-161.9005,64.7026],[-162.1688,64.6807],[-162.2345,64.6205],[-162.5413,64.5328],[-162.6344,64.385],[-162.7877,64.3247],[-162.8589,64.5],[-163.0451,64.5383],[-163.1766,64.4014],[-163.2533,64.4671],[-163.5983,64.5657],[-164.3048,64.5602],[-164.8087,64.4507],[-165.0004,64.4343],[-165.4112,64.5],[-166.1889,64.5767],[-166.3915,64.6369],[-166.4847,64.7355],[-166.4135,64.8724],[-166.6928,64.9874],[-166.638,65.1134],[-166.4627,65.1791],[-166.5175,65.338],[-166.7968,65.338],[-167.0269,65.3818],[-167.476,65.4146],[-167.7115,65.4968],[-168.073,65.5789],[-168.1058,65.683],[-167.5417,65.8199],[-166.8297,66.05],[-166.3313,66.1869],[-166.0465,66.1102],[-165.7562,66.0938],[-165.6905,66.2033],[-165.8658,66.2197],[-165.8822,66.3128],[-165.1866,66.4662],[-164.4034,66.5812],[-163.9817,66.5922],[-163.7517,66.5538],[-163.8722,66.3895],[-163.8283,66.2745],[-163.916,66.1924],[-163.7681,66.0609],[-163.4942,66.0828],[-163.1492,66.0609],[-162.7494,66.0883],[-162.6344,66.039],[-162.3715,66.028],[-162.1414,66.0773],[-161.8402,66.0226],[-161.5499,66.2416],[-161.3418,66.2526],[-161.1994,66.2088],[-161.1282,66.3348],[-161.528,66.395],[-161.9114,66.3457],[-161.8731,66.51],[-162.1743,66.6853],[-162.5029,66.74],[-162.6015,66.8989],[-162.3441,66.9372],[-162.0155,66.7784],[-162.0757,66.6524],[-161.9169,66.5538],[-161.5718,66.4388],[-161.4897,66.5593],[-161.884,66.7181],[-161.7142,67.0029],[-161.8512,67.0522],[-162.24,66.992],[-162.6398,67.0084],[-162.7001,67.0577],[-162.9027,67.0084],[-163.7407,67.1289],[-163.7571,67.2549],[-164.0091,67.5342],[-164.2117,67.6383],[-164.5349,67.7259],[-165.1921,67.9669],[-165.4933,68.06],[-165.7946,68.0819],[-166.2437,68.2462],[-166.6818,68.3393],[-166.7037,68.3722],[-166.3751,68.4215],[-166.2272,68.5748],[-166.2163,68.8815],[-165.329,68.8596],[-164.2555,68.9308],[-163.9762,68.9856],[-163.5326,69.1389],[-163.1109,69.3745],[-163.0232,69.61],[-162.8425,69.8126],[-162.4701,69.9824],[-162.3112,70.1084],[-161.8512,70.311],[-161.78,70.2562],[-161.3966,70.2398],[-160.8379,70.3439],[-160.4874,70.4534],[-159.6494,70.793],[-159.3318,70.8094],[-159.2989,70.7601],[-158.9758,70.7985],[-158.6581,70.7875],[-158.0337,70.8313],[-157.4203,70.9792],[-156.8124,71.2859],[-156.5659,71.3516],[-156.5221,71.2969],[-155.5855,71.1709],[-155.5089,71.0833],[-155.832,70.9682],[-155.9799,70.9628],[-155.9744,70.8094],[-155.5034,70.8587],[-155.476,70.9409],[-155.2624,71.0175],[-155.1912,70.9737],[-155.0324,71.149],[-154.5668,70.9902],[-154.6435,70.8697],[-154.3532,70.8368],[-154.1834,70.7656],[-153.9315,70.8806],[-153.4879,70.8861],[-153.2359,70.9244],[-152.5897,70.8861],[-152.261,70.8423],[-152.4199,70.6068],[-151.8174,70.5465],[-151.7736,70.4863],[-151.1876,70.3822],[-151.1821,70.4315],[-150.7604,70.4972],[-150.3551,70.4918],[-150.3496,70.437],[-150.1141,70.4315],[-149.8676,70.5082],[-149.4623,70.5191],[-149.1775,70.4863],[-148.7887,70.4041],[-148.6079,70.4206],[-148.3505,70.3055],[-148.2026,70.3494],[-147.9616,70.3165],[-147.7864,70.2453]]],[[[-152.9402,58.0262],[-152.9457,57.9824],[-153.2907,58.0481],[-153.0442,58.3056],[-152.8197,58.3275],[-152.6663,58.563],[-152.4965,58.3549],[-152.3541,58.4261],[-152.0803,58.311],[-152.0803,58.1522],[-152.4801,58.1303],[-152.6554,58.0591],[-152.9402,58.0262]]],[[[-153.9589,57.5388],[-153.6741,57.6702],[-153.9315,57.6976],[-153.937,57.8126],[-153.7234,57.8893],[-153.57,57.8345],[-153.5481,57.7195],[-153.4605,57.7962],[-153.455,57.966],[-153.2688,57.8893],[-153.2359,57.9989],[-153.0716,57.9331],[-152.8745,57.9331],[-152.7211,57.9934],[-152.4692,57.8893],[-152.4692,57.599],[-152.1515,57.6209],[-152.3596,57.4293],[-152.743,57.5059],[-152.6006,57.38],[-152.7101,57.2759],[-152.9073,57.3252],[-152.9128,57.128],[-153.214,57.0732],[-153.3126,56.9911],[-153.4988,57.0678],[-153.696,56.8596],[-153.8494,56.8377],[-154.0137,56.7446],[-154.0739,56.9692],[-154.3039,56.8487],[-154.3149,56.9199],[-154.523,56.9911],[-154.5394,57.1937],[-154.7421,57.2759],[-154.6271,57.5114],[-154.2273,57.6593],[-153.9808,57.6483],[-153.9589,57.5388]]],[[[-154.534,56.6022],[-154.7421,56.3996],[-154.8078,56.4324],[-154.534,56.6022]]],[[[-155.6348,55.9231],[-155.476,55.9121],[-155.5308,55.704],[-155.7937,55.7314],[-155.8375,55.8026],[-155.6348,55.9231]]],[[[-159.8904,55.2823],[-159.9507,55.0687],[-160.2574,54.8934],[-160.1095,55.1618],[-160.0054,55.1344],[-159.8904,55.2823]]],[[[-160.5203,55.359],[-160.334,55.359],[-160.3395,55.2494],[-160.5257,55.1289],[-160.6901,55.2111],[-160.7941,55.1344],[-160.8544,55.3206],[-160.7996,55.3809],[-160.5203,55.359]]],[[[-162.2565,54.9811],[-162.2345,54.8934],[-162.3496,54.8387],[-162.4372,54.9318],[-162.2565,54.9811]]],[[[-162.4153,63.6346],[-162.5632,63.536],[-162.6125,63.6237],[-162.4153,63.6346]]],[[[-162.8041,54.4881],[-162.5905,54.4498],[-162.6125,54.3676],[-162.7822,54.3731],[-162.8041,54.4881]]],[[[-165.5481,54.2964],[-165.4769,54.1814],[-165.6303,54.1321],[-165.685,54.2526],[-165.5481,54.2964]]],[[[-165.7398,54.154],[-166.0465,54.0445],[-166.1122,54.1212],[-165.9808,54.2198],[-165.7398,54.154]]],[[[-166.3642,60.3594],[-166.1341,60.3978],[-166.0848,60.3266],[-165.8822,60.343],[-165.685,60.2773],[-165.6467,59.9925],[-165.7507,59.8993],[-166.0082,59.8446],[-166.0629,59.746],[-166.4408,59.8555],[-166.6161,59.8501],[-166.994,59.9925],[-167.1255,59.9925],[-167.3445,60.0746],[-167.4212,60.2061],[-167.3117,60.2389],[-166.9392,60.2061],[-166.764,60.3101],[-166.5778,60.3211],[-166.4956,60.3923],[-166.3642,60.3594]]],[[[-166.3751,54.0116],[-166.2108,53.935],[-166.5449,53.7487],[-166.5394,53.7159],[-166.1177,53.8528],[-166.1122,53.7761],[-166.282,53.683],[-166.5559,53.6228],[-166.5832,53.5297],[-166.879,53.4311],[-167.1364,53.4256],[-167.3062,53.3325],[-167.6239,53.2503],[-167.7936,53.338],[-167.4595,53.442],[-167.3555,53.4256],[-167.1035,53.5132],[-167.1638,53.6118],[-167.0214,53.7159],[-166.8078,53.6666],[-166.7859,53.7323],[-167.0159,53.7542],[-167.1419,53.8254],[-167.0323,53.9459],[-166.6435,54.0171],[-166.5613,53.8802],[-166.3751,54.0116]]],[[[-168.7904,53.1572],[-168.4071,53.3489],[-168.3852,53.4311],[-168.2373,53.5242],[-168.0072,53.568],[-167.8868,53.5187],[-167.8429,53.3873],[-168.2701,53.2449],[-168.5002,53.0367],[-168.6864,52.9655],[-168.7904,53.1572]]],[[[-169.7489,52.8943],[-169.7051,52.7958],[-169.9625,52.7903],[-169.9899,52.856],[-169.7489,52.8943]]],[[[-170.1487,57.2211],[-170.2857,57.128],[-170.313,57.2211],[-170.1487,57.2211]]],[[[-170.669,52.6972],[-170.6033,52.6041],[-170.7895,52.5383],[-170.8169,52.6369],[-170.669,52.6972]]],[[[-171.7425,63.7168],[-170.9484,63.5689],[-170.4883,63.6949],[-170.2802,63.6839],[-170.094,63.6127],[-170.0447,63.4922],[-169.6448,63.4265],[-169.5189,63.3663],[-168.9986,63.3389],[-168.6864,63.2951],[-168.8562,63.1472],[-169.1081,63.18],[-169.3765,63.1527],[-169.5134,63.0869],[-169.6394,62.9391],[-169.8311,63.076],[-170.0556,63.1691],[-170.2637,63.18],[-170.3623,63.2841],[-170.8662,63.4155],[-171.1017,63.421],[-171.4632,63.306],[-171.737,63.3663],[-171.8521,63.4867],[-171.7425,63.7168]]],[[[-172.4326,52.3905],[-172.4162,52.2754],[-172.6079,52.2535],[-172.5695,52.3521],[-172.4326,52.3905]]],[[[-173.6266,52.1495],[-173.4951,52.1057],[-173.1227,52.1111],[-173.1063,52.0783],[-173.5499,52.029],[-173.6266,52.1495]]],[[[-174.3222,52.2809],[-174.3276,52.3795],[-174.1852,52.4179],[-173.9826,52.3193],[-174.0593,52.2262],[-174.1798,52.2316],[-174.1414,52.1276],[-174.3331,52.1166],[-174.7384,52.0071],[-174.9684,52.0399],[-174.9027,52.1166],[-174.6562,52.1057],[-174.3222,52.2809]]],[[[-176.4691,51.8537],[-176.2884,51.8702],[-176.2884,51.7442],[-176.5184,51.7606],[-176.8032,51.6127],[-176.9127,51.8099],[-176.7923,51.8154],[-176.7758,51.9633],[-176.6279,51.9687],[-176.6279,51.8592],[-176.4691,51.8537]]],[[[-177.1537,51.9468],[-177.0442,51.8975],[-177.1209,51.7278],[-177.2742,51.6785],[-177.2797,51.7825],[-177.1537,51.9468]]],[[[-178.1232,51.9194],[-177.9534,51.914],[-177.8,51.7935],[-177.9643,51.6511],[-178.1232,51.9194]]],[[[-187.1076,52.9929],[-187.2938,52.9272],[-187.3047,52.8231],[-188.9049,52.7629],[-188.642,52.9272],[-188.642,53.0039],[-187.1076,52.9929]]]]}},{"type":"Feature","properties":{"code":"US-AL","name":"Alabama"},"geometry":{"type":"Polygon","coordinates":[[[-87.3593,35.0012],[-85.6067,34.9847],[-85.4314,34.1249],[-85.185,32.8597],[-85.0699,32.5804],[-84.9604,32.4215],[-85.0042,32.323],[-84.8892,32.2627],[-85.059,32.1367],[-85.0535,32.0108],[-85.1411,31.841],[-85.0426,31.5398],[-85.1138,31.2769],[-85.0042,31.003],[-85.4971,30.9975],[-87.6003,30.9975],[-87.6331,30.8661],[-87.4086,30.6744],[-87.4469,30.5101],[-87.3702,30.4279],[-87.5181,30.2801],[-87.6551,30.2472],[-87.907,30.4115],[-87.9344,30.658],[-88.0111,30.6854],[-88.1042,30.4991],[-88.137,30.3184],[-88.3944,30.3677],[-88.4711,31.8958],[-88.2411,33.7963],[-88.0987,34.8916],[-88.2027,34.9957],[-87.3593,35.0012]]]}},{"type":"Feature","properties":{"code":"US-AR","name":"Arkansas"},"geometry":{"type":"Polygon","coordinates":[[[-94.4738,36.5019],[-90.1525,36.4964],[-90.0649,36.3047],[-90.2183,36.1842],[-90.3771,35.998],[-89.7308,35.998],[-89.7637,35.8118],[-89.9116,35.757],[-89.9444,35.6036],[-90.1306,35.4393],[-90.1142,35.1983],[-90.2128,35.0231],[-90.3114,34.9957],[-90.2511,34.9081],[-90.41,34.8314],[-90.4812,34.6616],[-90.5852,34.6178],[-90.5688,34.4206],[-90.7495,34.3659],[-90.744,34.3001],[-90.9522,34.1358],[-90.8919,34.0263],[-91.0727,33.8675],[-91.2315,33.5607],[-91.0562,33.4293],[-91.1439,33.3471],[-91.0891,33.139],[-91.1658,33.0021],[-93.6085,33.0185],[-94.0412,33.0185],[-94.0412,33.5498],[-94.1836,33.5936],[-94.3807,33.5443],[-94.4848,33.6374],[-94.43,35.3955],[-94.6162,36.5019],[-94.4738,36.5019]]]}},{"type":"Feature","properties":{"code":"US-AZ","name":"Arizona"},"geometry":{"type":"Polygon","coordinates":[[[-109.0425,37.0003],[-109.048,31.3316],[-111.0744,31.3316],[-112.2465,31.7041],[-114.8152,32.4927],[-114.7221,32.7173],[-114.5249,32.7556],[-114.4702,32.8433],[-114.5249,33.0295],[-114.6618,33.035],[-114.7276,33.4074],[-114.5249,33.5498],[-114.4975,33.6977],[-114.5359,33.9332],[-114.4154,34.1084],[-114.2566,34.1742],[-114.1361,34.3056],[-114.3332,34.448],[-114.4702,34.7109],[-114.6345,34.8752],[-114.6345,35.0012],[-114.5742,35.1381],[-114.5961,35.3243],[-114.6783,35.516],[-114.7385,36.102],[-114.3716,36.1404],[-114.2511,36.0199],[-114.1525,36.0254],[-114.0484,36.1952],[-114.0484,37.0003],[-110.4994,37.0057],[-109.0425,37.0003]]]}},{"type":"Feature","properties":{"code":"US-CA","name":"California"},"geometry":{"type":"Polygon","coordinates":[[[-123.2333,42.0062],[-122.3789,42.0117],[-121.037,41.9952],[-120.0019,41.9952],[-119.9964,40.2645],[-120.0019,38.9993],[-118.7148,38.1011],[-117.4989,37.2193],[-116.5404,36.5019],[-115.8503,35.9706],[-114.6345,35.0012],[-114.6345,34.8752],[-114.4702,34.7109],[-114.3332,34.448],[-114.1361,34.3056],[-114.2566,34.1742],[-114.4154,34.1084],[-114.5359,33.9332],[-114.4975,33.6977],[-114.5249,33.5498],[-114.7276,33.4074],[-114.6618,33.035],[-114.5249,33.0295],[-114.4702,32.8433],[-114.5249,32.7556],[-114.7221,32.7173],[-116.0475,32.6242],[-117.1265,32.5366],[-117.247,32.668],[-117.2524,32.8761],[-117.3291,33.1226],[-117.4715,33.2979],[-117.7837,33.5388],[-118.1835,33.7634],[-118.2602,33.7031],[-118.4135,33.7415],[-118.3916,33.8401],[-118.5669,34.0427],[-118.8024,33.9989],[-119.2187,34.1468],[-119.2789,34.2673],[-119.5582,34.4151],[-119.8759,34.4097],[-120.1388,34.4754],[-120.4729,34.448],[-120.6481,34.5795],[-120.6098,34.8588],[-120.67,34.9026],[-120.6317,35.0998],[-120.8946,35.2476],[-120.9056,35.4503],[-121.0041,35.4612],[-121.1684,35.6365],[-121.2835,35.6748],[-121.3328,35.7844],[-121.7161,36.1952],[-121.8969,36.3156],[-121.9352,36.6388],[-121.8585,36.6114],[-121.7873,36.8031],[-121.9297,36.9784],[-122.105,36.9564],[-122.335,37.1153],[-122.4172,37.2412],[-122.4008,37.3617],[-122.5158,37.5206],[-122.5158,37.7835],[-122.3296,37.7835],[-122.4062,38.1504],[-122.4884,38.1121],[-122.5048,37.9313],[-122.702,37.893],[-122.9375,38.0299],[-122.9758,38.2654],[-123.1292,38.4517],[-123.3318,38.5667],[-123.4414,38.6981],[-123.7371,38.9555],[-123.6878,39.0322],[-123.8248,39.3663],[-123.7645,39.5525],[-123.8521,39.8318],[-124.1096,40.1057],[-124.3615,40.259],[-124.4108,40.4398],[-124.1589,40.8779],[-124.1096,41.0258],[-124.1589,41.1408],[-124.0658,41.4421],[-124.1479,41.7159],[-124.2574,41.7816],[-124.2136,42.0007],[-123.2333,42.0062]]]}},{"type":"Feature","properties":{"code":"US-CO","name":"Colorado"},"geometry":{"type":"Polygon","coordinates":[[[-107.9197,41.0039],[-105.729,40.9984],[-104.053,41.0039],[-102.0539,41.0039],[-102.0539,40.0016],[-102.043,36.9948],[-103.0014,37.0003],[-104.3378,36.9948],[-106.8682,36.9948],[-107.4213,37.0003],[-109.0425,37.0003],[-109.0425,38.1669],[-109.0589,38.2764],[-109.0535,39.1253],[-109.048,40.9984],[-107.9197,41.0039]]]}},{"type":"Feature","properties":{"code":"US-CT","name":"Connecticut"},"geometry":{"type":"Polygon","coordinates":[[[-73.0535,42.039],[-71.7993,42.0226],[-71.7993,42.0062],[-71.7993,41.4147],[-71.8596,41.3216],[-71.9472,41.338],[-72.3853,41.2613],[-72.9057,41.2832],[-73.1302,41.1463],[-73.3712,41.1025],[-73.656,40.9875],[-73.7272,41.1025],[-73.4807,41.212],[-73.5519,41.2942],[-73.4862,42.05],[-73.0535,42.039]]]}},{"type":"Feature","properties":{"code":"US-DC","name":"District of Columbia"},"geometry":{"type":"Polygon","coordinates":[[[-77.0353,38.9939],[-76.9093,38.8953],[-77.0407,38.7912],[-77.1174,38.9336],[-77.0353,38.9939]]]}},{"type":"Feature","properties":{"code":"US-DE","name":"Delaware"},"geometry":{"type":"Polygon","coordinates":[[[-75.4141,39.8045],[-75.5072,39.684],[-75.6113,39.6182],[-75.5894,39.4594],[-75.4415,39.3115],[-75.4031,39.0651],[-75.1895,38.8077],[-75.091,38.7967],[-75.0471,38.4517],[-75.6934,38.4626],[-75.7865,39.7223],[-75.6167,39.8318],[-75.4141,39.8045]]]}},{"type":"Feature","properties":{"code":"US-FL","name":"Florida"},"geometry":{"type":"Polygon","coordinates":[[[-85.4971,30.9975],[-85.0042,31.003],[-84.8673,30.7127],[-83.4981,30.647],[-82.2164,30.5703],[-82.1672,30.3567],[-82.0467,30.3622],[-82.0028,30.5649],[-82.0412,30.7511],[-81.9481,30.8278],[-81.718,30.7456],[-81.4442,30.7073],[-81.384,30.2746],[-81.258,29.7871],[-80.9677,29.1463],[-80.5241,28.4617],[-80.5898,28.4124],[-80.5679,28.0948],[-80.3817,27.7388],[-80.0914,27.0213],[-80.0311,26.7967],[-80.0366,26.5667],[-80.1462,25.7397],[-80.2393,25.7232],[-80.3379,25.4658],[-80.305,25.3837],[-80.4967,25.1975],[-80.5734,25.2413],[-80.7596,25.1646],[-81.0772,25.1208],[-81.1704,25.2248],[-81.1265,25.3782],[-81.3511,25.8218],[-81.5264,25.904],[-81.6797,25.8437],[-81.8002,26.0902],[-81.8331,26.2928],[-82.0412,26.5174],[-82.0905,26.6653],[-82.0576,26.8789],[-82.1726,26.9172],[-82.1452,26.7912],[-82.2493,26.7584],[-82.567,27.3006],[-82.6929,27.4375],[-82.3917,27.8373],[-82.5889,27.8154],[-82.7203,27.6895],[-82.8518,27.8866],[-82.6765,28.4343],[-82.6437,28.8889],[-82.7641,28.9985],[-82.8025,29.1463],[-82.9942,29.1792],[-83.2187,29.4202],[-83.3995,29.5188],[-83.4104,29.6666],[-83.5364,29.7214],[-83.6405,29.8857],[-84.0238,30.1048],[-84.3579,30.0555],[-84.3415,29.9021],[-84.451,29.9295],[-84.8673,29.7433],[-85.3109,29.6995],[-85.3,29.809],[-85.404,29.9405],[-85.9243,30.2362],[-86.2968,30.3622],[-86.6309,30.3951],[-86.9102,30.3732],[-87.5181,30.2801],[-87.3702,30.4279],[-87.4469,30.5101],[-87.4086,30.6744],[-87.6331,30.8661],[-87.6003,30.9975],[-85.4971,30.9975]]]}},{"type":"Feature","properties":{"code":"US-GA","name":"Georgia"},"geometry":{"type":"Polygon","coordinates":[[[-83.1092,35.0012],[-83.3228,34.7876],[-83.3392,34.6835],[-83.0051,34.4699],[-82.9011,34.4863],[-82.7477,34.2673],[-82.7149,34.1523],[-82.556,33.9441],[-82.326,33.8182],[-82.1945,33.6319],[-81.9262,33.4622],[-81.9371,33.3471],[-81.7619,33.1609],[-81.4935,33.0076],[-81.4278,32.8433],[-81.4168,32.6297],[-81.2799,32.5585],[-81.1211,32.2901],[-81.1156,32.1203],[-80.8856,32.0327],[-81.132,31.6931],[-81.1758,31.5178],[-81.2799,31.3645],[-81.2908,31.2057],[-81.4004,31.1345],[-81.4442,30.7073],[-81.718,30.7456],[-81.9481,30.8278],[-82.0412,30.7511],[-82.0028,30.5649],[-82.0467,30.3622],[-82.1672,30.3567],[-82.2164,30.5703],[-83.4981,30.647],[-84.8673,30.7127],[-85.0042,31.003],[-85.1138,31.2769],[-85.0426,31.5398],[-85.1411,31.841],[-85.0535,32.0108],[-85.059,32.1367],[-84.8892,32.2627],[-85.0042,32.323],[-84.9604,32.4215],[-85.0699,32.5804],[-85.185,32.8597],[-85.4314,34.1249],[-85.6067,34.9847],[-84.3196,34.9902],[-83.6185,34.9847],[-83.1092,35.0012]]]}},{"type":"Feature","properties":{"code":"US-HI","name":"Hawaii"},"geometry":{"type":"MultiPolygon","coordinates":[[[[-155.6348,18.9483],[-155.8813,19.0359],[-155.9196,19.1235],[-155.8868,19.3481],[-156.062,19.7315],[-155.9251,19.8574],[-155.8265,20.0327],[-155.8977,20.1477],[-155.8758,20.2682],[-155.5965,20.1258],[-155.2843,20.0217],[-155.0926,19.8684],[-155.0926,19.7369],[-154.8078,19.5233],[-154.9831,19.3481],[-155.2953,19.2659],[-155.5143,19.1345],[-155.6348,18.9483]]],[[[-156.5878,21.0295],[-156.4728,20.8926],[-156.3249,20.9528],[-156.0018,20.794],[-156.0511,20.6516],[-156.3797,20.5804],[-156.4454,20.6078],[-156.4619,20.783],[-156.6316,20.8214],[-156.6974,20.92],[-156.5878,21.0295]]],[[[-156.9822,21.2102],[-157.0807,21.1062],[-157.3108,21.1062],[-157.2396,21.2212],[-156.9822,21.2102]]],[[[-157.9516,21.6977],[-157.842,21.4622],[-157.8968,21.3253],[-158.1104,21.3034],[-158.2528,21.5827],[-158.1268,21.5882],[-157.9516,21.6977]]],[[[-159.4687,22.229],[-159.3537,22.218],[-159.2989,22.1139],[-159.3318,21.9661],[-159.4468,21.873],[-159.7644,21.988],[-159.7261,22.1523],[-159.4687,22.229]]]]}},{"type":"Feature","properties":{"code":"US-IA","name":"Iowa"},"geometry":{"type":"Polygon","coordinates":[[[-91.3684,43.5014],[-91.2151,43.5014],[-91.2041,43.3535],[-91.0562,43.2549],[-91.1767,43.1344],[-91.1439,42.9099],[-91.0672,42.751],[-90.7112,42.636],[-90.64,42.5101],[-90.4209,42.3293],[-90.3935,42.2253],[-90.169,42.1267],[-90.1416,42.0007],[-90.1799,41.809],[-90.3114,41.7433],[-90.3442,41.5899],[-90.6564,41.464],[-91.0453,41.4147],[-91.111,41.2394],[-90.9467,41.097],[-90.9631,40.9218],[-91.0946,40.8232],[-91.122,40.6698],[-91.4013,40.5603],[-91.4177,40.3795],[-91.5272,40.4124],[-91.7299,40.615],[-91.834,40.6096],[-93.258,40.5822],[-94.6327,40.5712],[-95.7664,40.5877],[-95.8814,40.7191],[-95.8266,40.9765],[-95.9252,41.2011],[-95.9198,41.453],[-96.095,41.5406],[-96.1224,41.6776],[-96.0622,41.7981],[-96.1279,41.9733],[-96.2648,42.039],[-96.4455,42.4882],[-96.6318,42.7072],[-96.5441,42.8551],[-96.5113,43.0523],[-96.4346,43.1235],[-96.5606,43.2221],[-96.5277,43.3973],[-96.5825,43.4795],[-96.451,43.5014],[-91.3684,43.5014]]]}},{"type":"Feature","properties":{"code":"US-ID","name":"Idaho"},"geometry":{"type":"Polygon","coordinates":[[[-116.0475,49.0002],[-116.0475,47.9761],[-115.7244,47.6967],[-115.7189,47.4229],[-115.5272,47.3024],[-115.3246,47.2586],[-115.3026,47.1874],[-114.9302,46.919],[-114.8864,46.8095],[-114.6235,46.7054],[-114.6126,46.6397],[-114.3223,46.6452],[-114.4647,46.2727],[-114.4921,46.0372],[-114.388,45.8839],[-114.5687,45.7743],[-114.4975,45.6703],[-114.5468,45.5607],[-114.3332,45.4567],[-114.0868,45.5936],[-113.9882,45.7031],[-113.8074,45.6045],[-113.8348,45.5224],[-113.7362,45.3307],[-113.5719,45.128],[-113.4514,45.0568],[-113.4569,44.8651],[-113.3419,44.783],[-113.1338,44.772],[-113.0023,44.4489],[-112.8873,44.3941],[-112.7833,44.4872],[-112.4711,44.4818],[-112.241,44.5694],[-112.1041,44.5201],[-111.8686,44.5639],[-111.8193,44.5091],[-111.6167,44.5475],[-111.3866,44.7556],[-111.2278,44.5803],[-111.0471,44.4763],[-111.0471,42.0007],[-112.1644,41.9952],[-114.043,41.9952],[-117.0279,42.0007],[-117.0279,43.83],[-116.8964,44.1586],[-116.9786,44.2408],[-117.1703,44.2572],[-117.2415,44.3941],[-117.0388,44.7501],[-116.9348,44.783],[-116.8307,44.9309],[-116.8471,45.024],[-116.7321,45.1445],[-116.6719,45.3197],[-116.4638,45.6155],[-116.5459,45.7524],[-116.7814,45.8236],[-116.9183,45.9934],[-116.9238,46.1687],[-117.0553,46.3439],[-117.0388,46.4261],[-117.0443,47.7625],[-117.0334,49.0002],[-116.0475,49.0002]]]}},{"type":"Feature","properties":{"code":"US-IL","name":"Illinois"},"geometry":{"type":"Polygon","coordinates":[[[-90.64,42.5101],[-88.7888,42.4936],[-87.8029,42.4936],[-87.8358,42.3019],[-87.6824,42.0774],[-87.5236,41.7104],[-87.5291,39.3499],[-87.6386,39.1691],[-87.5127,38.9555],[-87.4962,38.7803],[-87.6222,38.6379],[-87.6551,38.5064],[-87.8358,38.2928],[-87.9508,38.2764],[-87.9234,38.1504],[-88.0001,38.1011],[-88.0603,37.8656],[-88.0275,37.7999],[-88.1589,37.6575],[-88.0658,37.4822],[-88.4766,37.3891],[-88.5149,37.2851],[-88.4218,37.1536],[-88.5478,37.0715],[-88.9147,37.2248],[-89.0298,37.2139],[-89.1831,37.0386],[-89.1338,36.9838],[-89.2927,36.9948],[-89.5172,37.2796],[-89.4351,37.3453],[-89.5172,37.537],[-89.5172,37.6904],[-89.8404,37.904],[-89.9499,37.882],[-90.0594,38.0135],[-90.3552,38.2161],[-90.3497,38.375],[-90.1799,38.6324],[-90.2073,38.7255],[-90.1087,38.846],[-90.2511,38.9172],[-90.4702,38.961],[-90.5852,38.8679],[-90.6619,38.9281],[-90.7276,39.2568],[-91.0617,39.4704],[-91.3684,39.7278],[-91.4944,40.0345],[-91.5053,40.2371],[-91.4177,40.3795],[-91.4013,40.5603],[-91.122,40.6698],[-91.0946,40.8232],[-90.9631,40.9218],[-90.9467,41.097],[-91.111,41.2394],[-91.0453,41.4147],[-90.6564,41.464],[-90.3442,41.5899],[-90.3114,41.7433],[-90.1799,41.809],[-90.1416,42.0007],[-90.169,42.1267],[-90.3935,42.2253],[-90.4209,42.3293],[-90.64,42.5101]]]}},{"type":"Feature","properties":{"code":"US-IN","name":"Indiana"},"geometry":{"type":"Polygon","coordinates":[[[-85.9901,41.7597],[-84.807,41.7597],[-84.807,41.694],[-84.8016,40.5],[-84.818,39.1034],[-84.8947,39.0596],[-84.8125,38.7857],[-84.9878,38.7803],[-85.174,38.6872],[-85.4314,38.731],[-85.4205,38.5338],[-85.5902,38.4517],[-85.656,38.3257],[-85.8312,38.2764],[-85.9243,38.0245],[-86.0394,37.9587],[-86.2639,38.0518],[-86.3022,38.1669],[-86.5213,38.0409],[-86.5049,37.9313],[-86.7294,37.893],[-86.7952,37.9916],[-87.0471,37.893],[-87.1293,37.7889],[-87.3812,37.9368],[-87.5127,37.904],[-87.6003,37.9752],[-87.6824,37.904],[-87.9344,37.893],[-88.0275,37.7999],[-88.0603,37.8656],[-88.0001,38.1011],[-87.9234,38.1504],[-87.9508,38.2764],[-87.8358,38.2928],[-87.6551,38.5064],[-87.6222,38.6379],[-87.4962,38.7803],[-87.5127,38.9555],[-87.6386,39.1691],[-87.5291,39.3499],[-87.5236,41.7104],[-87.425,41.6447],[-87.1183,41.6447],[-86.8226,41.7597],[-85.9901,41.7597]]]}},{"type":"Feature","properties":{"code":"US-KS","name":"Kansas"},"geometry":{"type":"Polygon","coordinates":[[[-101.906,40.0016],[-95.3063,40.0016],[-95.2078,39.9085],[-94.8846,39.8318],[-95.1092,39.5416],[-94.9832,39.443],[-94.8244,39.2075],[-94.6108,39.1582],[-94.6162,37.0003],[-100.0877,37.0003],[-102.043,36.9948],[-102.0539,40.0016],[-101.906,40.0016]]]}},{"type":"Feature","properties":{"code":"US-KY","name":"Kentucky"},"geometry":{"type":"Polygon","coordinates":[[[-83.9033,38.7693],[-83.6788,38.6324],[-83.52,38.7036],[-83.1421,38.6269],[-83.0325,38.7255],[-82.8901,38.7584],[-82.8463,38.5886],[-82.7313,38.5612],[-82.5944,38.4243],[-82.6217,38.123],[-82.5012,37.9313],[-82.3424,37.7835],[-82.2931,37.6684],[-82.1014,37.5534],[-81.97,37.537],[-82.3534,37.2686],[-82.7203,37.1208],[-82.7203,37.0441],[-82.8682,36.9784],[-82.8792,36.8907],[-83.0709,36.8524],[-83.1366,36.7428],[-83.6733,36.6004],[-83.6897,36.584],[-84.5441,36.595],[-85.289,36.6278],[-85.4862,36.6169],[-86.5925,36.6552],[-87.8522,36.6333],[-88.0713,36.6771],[-88.0549,36.4964],[-89.2981,36.5073],[-89.4186,36.4964],[-89.3639,36.6224],[-89.216,36.5785],[-89.1338,36.9838],[-89.1831,37.0386],[-89.0298,37.2139],[-88.9147,37.2248],[-88.5478,37.0715],[-88.4218,37.1536],[-88.5149,37.2851],[-88.4766,37.3891],[-88.0658,37.4822],[-88.1589,37.6575],[-88.0275,37.7999],[-87.9344,37.893],[-87.6824,37.904],[-87.6003,37.9752],[-87.5127,37.904],[-87.3812,37.9368],[-87.1293,37.7889],[-87.0471,37.893],[-86.7952,37.9916],[-86.7294,37.893],[-86.5049,37.9313],[-86.5213,38.0409],[-86.3022,38.1669],[-86.2639,38.0518],[-86.0394,37.9587],[-85.9243,38.0245],[-85.8312,38.2764],[-85.656,38.3257],[-85.5902,38.4517],[-85.4205,38.5338],[-85.4314,38.731],[-85.174,38.6872],[-84.9878,38.7803],[-84.8125,38.7857],[-84.8947,39.0596],[-84.818,39.1034],[-84.4346,39.1034],[-84.232,38.8953],[-84.2155,38.8077],[-83.9033,38.7693]]]}},{"type":"Feature","properties":{"code":"US-LA","name":"Louisiana"},"geometry":{"type":"Polygon","coordinates":[[[-93.6085,33.0185],[-91.1658,33.0021],[-91.0727,32.8871],[-91.1439,32.8433],[-91.1548,32.6406],[-91.0069,32.5146],[-90.985,32.2189],[-91.1055,31.9889],[-91.341,31.8465],[-91.4013,31.6219],[-91.4999,31.6438],[-91.5163,31.2769],[-91.6368,31.2659],[-91.5656,31.0687],[-91.6368,30.9975],[-89.7472,30.9975],[-89.8458,30.6689],[-89.6815,30.4498],[-89.6432,30.2855],[-89.5227,30.1815],[-89.8184,30.0445],[-89.8404,29.946],[-89.5994,29.8802],[-89.4953,30.0391],[-89.2872,29.8802],[-89.3036,29.7543],[-89.4241,29.6995],[-89.6487,29.7488],[-89.6213,29.6557],[-89.698,29.5133],[-89.5063,29.3873],[-89.1995,29.349],[-89.09,29.2011],[-89.0024,29.1792],[-89.1612,29.0094],[-89.3365,29.0423],[-89.4843,29.2175],[-89.8513,29.3106],[-89.8513,29.4804],[-90.032,29.4257],[-90.0211,29.2833],[-90.1032,29.1518],[-90.2347,29.1299],[-90.3333,29.2778],[-90.5633,29.2833],[-90.6455,29.1299],[-90.7988,29.0861],[-90.9631,29.1792],[-91.0946,29.1901],[-91.2205,29.4366],[-91.4451,29.5461],[-91.5327,29.5297],[-91.6204,29.7378],[-91.8832,29.7105],[-91.8887,29.8364],[-92.1461,29.7159],[-92.1133,29.6228],[-92.3105,29.5352],[-92.6172,29.579],[-92.9732,29.7159],[-93.2251,29.7762],[-93.7673,29.7269],[-93.8385,29.6885],[-93.9261,29.7871],[-93.6906,30.1431],[-93.7673,30.3348],[-93.6961,30.4389],[-93.729,30.5758],[-93.6304,30.6799],[-93.5263,30.9373],[-93.5428,31.1509],[-93.8166,31.5562],[-93.8221,31.7753],[-94.0412,31.9943],[-94.0412,33.0185],[-93.6085,33.0185]]]}},{"type":"Feature","properties":{"code":"US-MA","name":"Massachusetts"},"geometry":{"type":"Polygon","coordinates":[[[-70.9175,42.888],[-70.8189,42.8715],[-70.7806,42.6963],[-70.8244,42.5539],[-70.9832,42.4224],[-70.9887,42.2691],[-70.7696,42.2472],[-70.6382,42.0883],[-70.6601,41.9624],[-70.5506,41.9295],[-70.5396,41.8145],[-70.2603,41.7159],[-69.9371,41.809],[-70.0083,41.6721],[-70.4848,41.5516],[-70.6601,41.5461],[-70.7642,41.6392],[-70.9285,41.6118],[-70.934,41.5406],[-71.1202,41.4968],[-71.1968,41.6776],[-71.2242,41.7104],[-71.3283,41.7816],[-71.3831,42.0171],[-71.5309,42.0171],[-71.7993,42.0062],[-71.7993,42.0226],[-73.0535,42.039],[-73.4862,42.05],[-73.5081,42.0883],[-73.2671,42.7456],[-72.4565,42.7291],[-71.2954,42.6963],[-71.1859,42.7894],[-70.9175,42.888]]]}},{"type":"Feature","properties":{"code":"US-MD","name":"Maryland"},"geometry":{"type":"MultiPolygon","coordinates":[[[[-75.9946,37.9532],[-76.0166,37.9532],[-76.0439,37.9532],[-75.9946,37.9532]]],[[[-79.478,39.7223],[-75.7865,39.7223],[-75.6934,38.4626],[-75.0471,38.4517],[-75.2443,38.0299],[-75.3977,38.0135],[-75.6715,37.9532],[-75.8851,37.9094],[-75.8796,38.0737],[-75.9618,38.1395],[-75.8468,38.2107],[-76.0001,38.375],[-76.0494,38.3038],[-76.2575,38.3202],[-76.3287,38.5009],[-76.263,38.5009],[-76.2575,38.7365],[-76.1918,38.8296],[-76.2794,39.1472],[-76.1699,39.3334],[-76.0001,39.3663],[-75.9727,39.558],[-76.0987,39.5361],[-76.1042,39.4375],[-76.3671,39.3115],[-76.4438,39.1965],[-76.4602,38.9062],[-76.5588,38.7693],[-76.515,38.5393],[-76.3835,38.3805],[-76.3999,38.26],[-76.3178,38.1395],[-76.3616,38.0573],[-76.5916,38.2161],[-76.9202,38.2928],[-77.0188,38.4462],[-77.205,38.3585],[-77.2762,38.479],[-77.1284,38.6324],[-77.0407,38.7912],[-76.9093,38.8953],[-77.0353,38.9939],[-77.1174,38.9336],[-77.2489,39.0267],[-77.457,39.076],[-77.457,39.2239],[-77.5665,39.3061],[-77.7199,39.3225],[-77.8349,39.6018],[-78.0047,39.6018],[-78.1745,39.6949],[-78.2676,39.6182],[-78.4319,39.6237],[-78.4702,39.5142],[-78.766,39.5854],[-78.9631,39.4375],[-79.0946,39.4704],[-79.2918,39.3006],[-79.4889,39.2075],[-79.478,39.7223]]]]}},{"type":"Feature","properties":{"code":"US-ME","name":"Maine"},"geometry":{"type":"Polygon","coordinates":[[[-70.7039,43.0578],[-70.8244,43.129],[-70.808,43.2275],[-70.9668,43.3426],[-71.0325,44.657],[-71.0818,45.3033],[-70.6492,45.4402],[-70.7204,45.5114],[-70.556,45.6648],[-70.3863,45.736],[-70.4191,45.7962],[-70.2603,45.8893],[-70.3096,46.0646],[-70.211,46.3275],[-70.0576,46.4151],[-69.9974,46.6944],[-69.2251,47.4612],[-69.0444,47.4284],[-69.0335,47.2421],[-68.902,47.1764],[-68.5789,47.286],[-68.3762,47.286],[-68.2338,47.3572],[-67.9545,47.1983],[-67.7902,47.0669],[-67.7792,45.9441],[-67.8011,45.6757],[-67.4561,45.6045],[-67.5054,45.4895],[-67.4178,45.38],[-67.489,45.2814],[-67.3466,45.128],[-67.1603,45.1609],[-66.9796,44.8049],[-67.1877,44.6461],[-67.3082,44.7063],[-67.4068,44.5968],[-67.5492,44.6242],[-67.5656,44.5311],[-67.7519,44.542],[-68.0476,44.3284],[-68.1188,44.4763],[-68.2229,44.4872],[-68.1736,44.3284],[-68.4036,44.2517],[-68.4584,44.3777],[-68.5679,44.312],[-68.8253,44.312],[-68.8308,44.4599],[-68.9842,44.427],[-68.9568,44.3229],[-69.0992,44.1039],[-69.0718,44.0436],[-69.258,43.9231],[-69.4442,43.9669],[-69.5538,43.841],[-69.7071,43.8245],[-69.8331,43.7205],[-69.9864,43.7424],[-70.0303,43.8519],[-70.2548,43.6767],[-70.1946,43.5671],[-70.3589,43.5288],[-70.3698,43.4357],[-70.556,43.3207],[-70.7039,43.0578]]]}},{"type":"Feature","properties":{"code":"US-MI","name":"Michigan"},"geometry":{"type":"MultiPolygon","coordinates":[[[[-83.4542,41.7323],[-84.807,41.694],[-84.807,41.7597],[-85.9901,41.7597],[-86.8226,41.7597],[-86.6199,41.8912],[-86.483,42.1157],[-86.357,42.2526],[-86.2639,42.4443],[-86.2091,42.7182],[-86.231,43.0139],[-86.5268,43.5945],[-86.4337,43.8136],[-86.4994,44.0765],[-86.2694,44.3448],[-86.2201,44.5694],[-86.253,44.6899],[-86.0886,44.7392],[-86.0667,44.9035],[-85.8093,44.9473],[-85.6122,45.128],[-85.6286,44.7666],[-85.5245,44.7501],[-85.3931,44.9309],[-85.3876,45.2376],[-85.3054,45.3143],[-85.0316,45.3636],[-85.1192,45.5772],[-84.9385,45.7579],[-84.7139,45.7688],[-84.462,45.6538],[-84.2155,45.6374],[-84.095,45.495],[-83.9088,45.484],[-83.5966,45.3526],[-83.4871,45.3581],[-83.3173,45.1445],[-83.4542,45.0295],[-83.3228,44.8816],[-83.2735,44.7118],[-83.3337,44.3394],[-83.5364,44.2463],[-83.5857,44.0546],[-83.8267,43.9888],[-83.9581,43.7588],[-83.9088,43.6712],[-83.6678,43.589],[-83.4816,43.715],[-83.2625,43.9724],[-82.9175,44.071],[-82.7477,43.9943],[-82.6437,43.8519],[-82.5396,43.4357],[-82.5232,43.2275],[-82.4136,42.9756],[-82.5177,42.6141],[-82.682,42.5594],[-82.6875,42.6908],[-82.797,42.6525],[-82.923,42.3512],[-83.1256,42.2362],[-83.1859,42.0062],[-83.4378,41.8145],[-83.4542,41.7323]]],[[[-85.5081,45.7305],[-85.4917,45.61],[-85.6231,45.5881],[-85.5683,45.7579],[-85.5081,45.7305]]],[[[-87.5893,45.0952],[-87.7427,45.1992],[-87.6496,45.3416],[-87.8851,45.3636],[-87.792,45.5005],[-87.781,45.6757],[-87.9891,45.7962],[-88.1042,45.9222],[-88.5314,46.0208],[-88.6628,45.9879],[-89.09,46.1358],[-90.1197,46.3384],[-90.2292,46.5082],[-90.4154,46.5685],[-90.0266,46.6725],[-89.8513,46.793],[-89.4131,46.8423],[-89.1283,46.9902],[-88.9969,46.9957],[-88.8874,47.0997],[-88.5752,47.2476],[-88.4163,47.3736],[-88.1808,47.4557],[-87.9563,47.3845],[-88.3506,47.0778],[-88.4437,46.9738],[-88.4383,46.7876],[-88.2466,46.93],[-87.9015,46.908],[-87.6331,46.8095],[-87.3922,46.5356],[-87.2607,46.4863],[-87.0088,46.5301],[-86.9485,46.4699],[-86.6966,46.437],[-86.1598,46.6671],[-85.8805,46.689],[-85.5081,46.678],[-85.2562,46.7547],[-85.0645,46.7602],[-85.0261,46.4808],[-84.829,46.4425],[-84.6318,46.4863],[-84.5496,46.4206],[-84.4182,46.5028],[-84.1279,46.5301],[-84.1224,46.1796],[-83.991,46.0317],[-83.7938,45.9934],[-83.7719,46.092],[-83.5802,46.092],[-83.4761,45.9879],[-83.5638,45.9112],[-84.1115,45.977],[-84.3744,45.9332],[-84.6592,46.0536],[-84.7413,45.9441],[-84.703,45.851],[-84.829,45.8729],[-85.0152,46.0098],[-85.3383,46.092],[-85.5026,46.0975],[-85.6614,45.966],[-85.9243,45.9332],[-86.2091,45.9605],[-86.3242,45.9058],[-86.3515,45.7962],[-86.6637,45.7031],[-86.6473,45.8346],[-86.7842,45.862],[-86.839,45.725],[-87.069,45.7196],[-87.1731,45.6593],[-87.3264,45.4238],[-87.6112,45.1226],[-87.5893,45.0952]]],[[[-88.8052,47.9761],[-89.0571,47.8501],[-89.1886,47.8337],[-89.1776,47.9377],[-88.5478,48.1732],[-88.6683,48.0089],[-88.8052,47.9761]]]]}},{"type":"Feature","properties":{"code":"US-MN","name":"Minnesota"},"geometry":{"type":"Polygon","coordinates":[[[-92.0147,46.7054],[-92.0914,46.7492],[-92.294,46.6671],[-92.294,46.0756],[-92.3543,46.0153],[-92.6391,45.9332],[-92.8691,45.7196],[-92.8855,45.5772],[-92.7705,45.5662],[-92.6445,45.4402],[-92.7596,45.2869],[-92.7377,45.1171],[-92.8089,44.7501],[-92.546,44.5694],[-92.3378,44.553],[-92.2338,44.4434],[-91.9271,44.3339],[-91.8778,44.2024],[-91.593,44.0327],[-91.4341,43.9943],[-91.2424,43.7752],[-91.2698,43.6164],[-91.2151,43.5014],[-91.3684,43.5014],[-96.451,43.5014],[-96.451,45.2978],[-96.681,45.4128],[-96.8563,45.6045],[-96.5825,45.8181],[-96.5606,45.9332],[-96.5989,46.333],[-96.7194,46.437],[-96.8015,46.6561],[-96.7851,46.9245],[-96.8234,46.9683],[-96.8563,47.6091],[-97.0535,47.9487],[-97.1302,48.1404],[-97.163,48.5457],[-97.0973,48.6826],[-97.2287,49.0002],[-95.153,49.0002],[-95.153,49.3836],[-94.9558,49.3727],[-94.8244,49.296],[-94.6929,48.7757],[-94.5889,48.7154],[-94.2602,48.699],[-94.2219,48.6497],[-93.8385,48.6278],[-93.7947,48.5183],[-93.4661,48.5457],[-93.4661,48.5895],[-93.2087,48.6442],[-92.9841,48.6223],[-92.7267,48.5402],[-92.6555,48.4361],[-92.5076,48.4471],[-92.3707,48.2225],[-92.305,48.3156],[-92.053,48.3594],[-92.0092,48.2663],[-91.7135,48.2006],[-91.7135,48.113],[-91.5656,48.0418],[-91.2644,48.0801],[-91.0836,48.1787],[-90.8372,48.2389],[-90.7495,48.0911],[-90.5797,48.1239],[-90.3771,48.0911],[-90.1416,48.113],[-89.8732,47.987],[-89.6158,48.0089],[-89.6377,47.9541],[-89.9718,47.8282],[-90.4373,47.7296],[-90.7386,47.6255],[-91.1712,47.3681],[-91.3575,47.2093],[-91.6423,47.0285],[-92.0914,46.7876],[-92.0147,46.7054]]]}},{"type":"Feature","properties":{"code":"US-MO","name":"Missouri"},"geometry":{"type":"Polygon","coordinates":[[[-91.834,40.6096],[-91.7299,40.615],[-91.5272,40.4124],[-91.4177,40.3795],[-91.5053,40.2371],[-91.4944,40.0345],[-91.3684,39.7278],[-91.0617,39.4704],[-90.7276,39.2568],[-90.6619,38.9281],[-90.5852,38.8679],[-90.4702,38.961],[-90.2511,38.9172],[-90.1087,38.846],[-90.2073,38.7255],[-90.1799,38.6324],[-90.3497,38.375],[-90.3552,38.2161],[-90.0594,38.0135],[-89.9499,37.882],[-89.8404,37.904],[-89.5172,37.6904],[-89.5172,37.537],[-89.4351,37.3453],[-89.5172,37.2796],[-89.2927,36.9948],[-89.1338,36.9838],[-89.216,36.5785],[-89.3639,36.6224],[-89.4186,36.4964],[-89.4843,36.4964],[-89.5391,36.4964],[-89.5336,36.2499],[-89.7308,35.998],[-90.3771,35.998],[-90.2183,36.1842],[-90.0649,36.3047],[-90.1525,36.4964],[-94.4738,36.5019],[-94.6162,36.5019],[-94.6162,37.0003],[-94.6108,39.1582],[-94.8244,39.2075],[-94.9832,39.443],[-95.1092,39.5416],[-94.8846,39.8318],[-95.2078,39.9085],[-95.3063,40.0016],[-95.5528,40.2645],[-95.7664,40.5877],[-94.6327,40.5712],[-93.258,40.5822],[-91.834,40.6096]]]}},{"type":"Feature","properties":{"code":"US-MS","name":"Mississippi"},"geometry":{"type":"Polygon","coordinates":[[[-88.4711,34.9957],[-88.2027,34.9957],[-88.0987,34.8916],[-88.2411,33.7963],[-88.4711,31.8958],[-88.3944,30.3677],[-88.504,30.3239],[-88.745,30.3458],[-88.8435,30.4115],[-89.0845,30.3677],[-89.4186,30.2527],[-89.5227,30.1815],[-89.6432,30.2855],[-89.6815,30.4498],[-89.8458,30.6689],[-89.7472,30.9975],[-91.6368,30.9975],[-91.5656,31.0687],[-91.6368,31.2659],[-91.5163,31.2769],[-91.4999,31.6438],[-91.4013,31.6219],[-91.341,31.8465],[-91.1055,31.9889],[-90.985,32.2189],[-91.0069,32.5146],[-91.1548,32.6406],[-91.1439,32.8433],[-91.0727,32.8871],[-91.1658,33.0021],[-91.0891,33.139],[-91.1439,33.3471],[-91.0562,33.4293],[-91.2315,33.5607],[-91.0727,33.8675],[-90.8919,34.0263],[-90.9522,34.1358],[-90.744,34.3001],[-90.7495,34.3659],[-90.5688,34.4206],[-90.5852,34.6178],[-90.4812,34.6616],[-90.41,34.8314],[-90.2511,34.9081],[-90.3114,34.9957],[-88.4711,34.9957]]]}},{"type":"Feature","properties":{"code":"US-MT","name":"Montana"},"geometry":{"type":"Polygon","coordinates":[[[-104.0475,49.0002],[-104.0421,47.861],[-104.0475,45.9441],[-104.0421,44.9966],[-104.0585,44.9966],[-105.9152,45.0021],[-109.0808,45.0021],[-111.0525,45.0021],[-111.0471,44.4763],[-111.2278,44.5803],[-111.3866,44.7556],[-111.6167,44.5475],[-111.8193,44.5091],[-111.8686,44.5639],[-112.1041,44.5201],[-112.241,44.5694],[-112.4711,44.4818],[-112.7833,44.4872],[-112.8873,44.3941],[-113.0023,44.4489],[-113.1338,44.772],[-113.3419,44.783],[-113.4569,44.8651],[-113.4514,45.0568],[-113.5719,45.128],[-113.7362,45.3307],[-113.8348,45.5224],[-113.8074,45.6045],[-113.9882,45.7031],[-114.0868,45.5936],[-114.3332,45.4567],[-114.5468,45.5607],[-114.4975,45.6703],[-114.5687,45.7743],[-114.388,45.8839],[-114.4921,46.0372],[-114.4647,46.2727],[-114.3223,46.6452],[-114.6126,46.6397],[-114.6235,46.7054],[-114.8864,46.8095],[-114.9302,46.919],[-115.3026,47.1874],[-115.3246,47.2586],[-115.5272,47.3024],[-115.7189,47.4229],[-115.7244,47.6967],[-116.0475,47.9761],[-116.0475,49.0002],[-111.5016,48.9948],[-109.4533,49.0002],[-104.0475,49.0002]]]}},{"type":"Feature","properties":{"code":"US-NC","name":"North Carolina"},"geometry":{"type":"Polygon","coordinates":[[[-80.9787,36.5621],[-80.294,36.5457],[-79.5108,36.5402],[-75.8687,36.5512],[-75.7537,36.1513],[-76.033,36.1897],[-76.0713,36.1404],[-76.4109,36.0801],[-76.4602,36.0254],[-76.6847,36.0089],[-76.6738,35.9377],[-76.3999,35.987],[-76.3616,35.9432],[-76.0604,35.9925],[-75.9618,35.8994],[-75.781,35.9377],[-75.7153,35.6968],[-75.7756,35.5817],[-75.8961,35.5708],[-76.148,35.3243],[-76.4821,35.3134],[-76.5369,35.1436],[-76.3945,34.9738],[-76.2794,34.9409],[-76.493,34.6616],[-76.6738,34.6945],[-76.9914,34.6671],[-77.2105,34.6068],[-77.5556,34.4151],[-77.8294,34.1632],[-77.9718,33.8455],[-78.1799,33.9167],[-78.5414,33.851],[-79.6751,34.804],[-80.7979,34.8204],[-80.7815,34.9355],[-80.9348,35.1052],[-81.0389,35.045],[-81.0444,35.1491],[-82.2767,35.1983],[-82.5505,35.16],[-82.7641,35.0669],[-83.1092,35.0012],[-83.6185,34.9847],[-84.3196,34.9902],[-84.2922,35.2257],[-84.095,35.2476],[-84.0184,35.4119],[-83.7719,35.5598],[-83.4981,35.5653],[-83.2516,35.7187],[-82.9942,35.7734],[-82.7751,35.998],[-82.6382,36.0637],[-82.6108,35.9651],[-82.2164,36.1568],[-82.0357,36.1185],[-81.9097,36.3047],[-81.7235,36.354],[-81.6797,36.5895],[-80.9787,36.5621]]]}},{"type":"Feature","properties":{"code":"US-ND","name":"North Dakota"},"geometry":{"type":"Polygon","coordinates":[[[-97.2287,49.0002],[-97.0973,48.6826],[-97.163,48.5457],[-97.1302,48.1404],[-97.0535,47.9487],[-96.8563,47.6091],[-96.8234,46.9683],[-96.7851,46.9245],[-96.8015,46.6561],[-96.7194,46.437],[-96.5989,46.333],[-96.5606,45.9332],[-104.0475,45.9441],[-104.0421,47.861],[-104.0475,49.0002],[-97.2287,49.0002]]]}},{"type":"Feature","properties":{"code":"US-NE","name":"Nebraska"},"geometry":{"type":"Polygon","coordinates":[[[-103.3246,43.003],[-101.6267,42.9975],[-98.4994,42.9975],[-98.4665,42.9482],[-97.9517,42.7675],[-97.8312,42.8661],[-97.6888,42.8442],[-97.2178,42.8442],[-96.692,42.6579],[-96.6263,42.5155],[-96.4455,42.4882],[-96.2648,42.039],[-96.1279,41.9733],[-96.0622,41.7981],[-96.1224,41.6776],[-96.095,41.5406],[-95.9198,41.453],[-95.9252,41.2011],[-95.8266,40.9765],[-95.8814,40.7191],[-95.7664,40.5877],[-95.5528,40.2645],[-95.3063,40.0016],[-101.906,40.0016],[-102.0539,40.0016],[-102.0539,41.0039],[-104.053,41.0039],[-104.053,43.003],[-103.3246,43.003]]]}},{"type":"Feature","properties":{"code":"US-NH","name":"New Hampshire"},"geometry":{"type":"Polygon","coordinates":[[[-71.0818,45.3033],[-71.0325,44.657],[-70.9668,43.3426],[-70.808,43.2275],[-70.8244,43.129],[-70.7039,43.0578],[-70.8189,42.8715],[-70.9175,42.888],[-71.1859,42.7894],[-71.2954,42.6963],[-72.4565,42.7291],[-72.5442,42.8058],[-72.5332,42.9537],[-72.4456,43.0085],[-72.4565,43.1509],[-72.3799,43.5726],[-72.2046,43.7698],[-72.117,43.9943],[-72.0293,44.0765],[-72.0348,44.3229],[-71.7007,44.416],[-71.5364,44.5858],[-71.6295,44.7501],[-71.4926,44.9144],[-71.5036,45.013],[-71.3612,45.2704],[-71.1311,45.2431],[-71.0818,45.3033]]]}},{"type":"Feature","properties":{"code":"US-NJ","name":"New Jersey"},"geometry":{"type":"Polygon","coordinates":[[[-74.2365,41.1408],[-73.9025,40.9984],[-74.0229,40.7082],[-74.1873,40.6424],[-74.2749,40.4891],[-74.001,40.4124],[-73.9791,40.2974],[-74.0996,39.7606],[-74.4118,39.3608],[-74.6145,39.2458],[-74.7952,38.9939],[-74.8883,39.1582],[-75.1786,39.2403],[-75.5346,39.4594],[-75.5565,39.6073],[-75.562,39.6292],[-75.5072,39.684],[-75.4141,39.8045],[-75.1457,39.8866],[-75.1293,39.9633],[-74.8226,40.1276],[-74.7733,40.2152],[-75.0581,40.4179],[-75.069,40.5438],[-75.195,40.5767],[-75.206,40.6917],[-75.0526,40.867],[-75.1348,40.971],[-74.8828,41.1792],[-74.8281,41.2887],[-74.6966,41.3599],[-74.2365,41.1408]]]}},{"type":"Feature","properties":{"code":"US-NM","name":"New Mexico"},"geometry":{"type":"Polygon","coordinates":[[[-107.4213,37.0003],[-106.8682,36.9948],[-104.3378,36.9948],[-103.0014,37.0003],[-103.0014,36.5019],[-103.0398,36.5019],[-103.0453,34.0153],[-103.0672,33.0021],[-103.0672,31.9998],[-106.6162,31.9998],[-106.6436,31.9012],[-106.5286,31.7862],[-108.21,31.7862],[-108.21,31.3316],[-109.048,31.3316],[-109.0425,37.0003],[-107.4213,37.0003]]]}},{"type":"Feature","properties":{"code":"US-NV","name":"Nevada"},"geometry":{"type":"Polygon","coordinates":[[[-117.0279,42.0007],[-114.043,41.9952],[-114.0484,37.0003],[-114.0484,36.1952],[-114.1525,36.0254],[-114.2511,36.0199],[-114.3716,36.1404],[-114.7385,36.102],[-114.6783,35.516],[-114.5961,35.3243],[-114.5742,35.1381],[-114.6345,35.0012],[-115.8503,35.9706],[-116.5404,36.5019],[-117.4989,37.2193],[-118.7148,38.1011],[-120.0019,38.9993],[-119.9964,40.2645],[-120.0019,41.9952],[-118.6983,41.9898],[-117.0279,42.0007]]]}},{"type":"Feature","properties":{"code":"US-NY","name":"New York"},"geometry":{"type":"Polygon","coordinates":[[[-73.3438,45.013],[-73.3329,44.8049],[-73.3876,44.6187],[-73.2945,44.4379],[-73.3219,44.2463],[-73.4369,44.0436],[-73.3493,43.7698],[-73.4041,43.6876],[-73.2452,43.5233],[-73.2781,42.8332],[-73.2671,42.7456],[-73.5081,42.0883],[-73.4862,42.05],[-73.5519,41.2942],[-73.4807,41.212],[-73.7272,41.1025],[-73.656,40.9875],[-73.2288,40.9053],[-73.1412,40.9656],[-72.7742,40.9656],[-72.588,40.9984],[-72.2813,41.1573],[-72.2594,41.0422],[-72.1005,40.993],[-72.4675,40.8451],[-73.2397,40.626],[-73.5629,40.5822],[-73.7765,40.5931],[-73.9353,40.5438],[-74.0229,40.7082],[-73.9025,40.9984],[-74.2365,41.1408],[-74.6966,41.3599],[-74.7404,41.4311],[-74.8938,41.4366],[-75.0745,41.6064],[-75.0526,41.7542],[-75.1731,41.8693],[-75.2498,41.8638],[-75.3593,42.0007],[-79.7628,42.0007],[-79.7628,42.2526],[-79.7628,42.2691],[-79.1494,42.5539],[-79.0508,42.6908],[-78.8536,42.7839],[-78.9303,42.9537],[-79.0124,42.9866],[-79.0727,43.2604],[-78.4867,43.3754],[-77.9663,43.3699],[-77.7582,43.3426],[-77.5337,43.233],[-77.3913,43.2768],[-76.9586,43.2714],[-76.6957,43.3426],[-76.4164,43.5233],[-76.2356,43.5288],[-76.2302,43.8026],[-76.137,43.9615],[-76.3616,44.071],[-76.3123,44.197],[-75.9125,44.3667],[-75.7646,44.5146],[-75.2826,44.8487],[-74.8281,45.0185],[-74.1489,44.9911],[-73.3438,45.013]]]}},{"type":"Feature","properties":{"code":"US-OH","name":"Ohio"},"geometry":{"type":"Polygon","coordinates":[[[-80.5186,41.9788],[-80.5186,40.637],[-80.6665,40.5822],[-80.5953,40.4726],[-80.6008,40.3193],[-80.7377,40.0783],[-80.8308,39.7113],[-81.2196,39.3882],[-81.3456,39.3444],[-81.4552,39.4101],[-81.5702,39.2677],[-81.6852,39.2732],[-81.8112,39.0815],[-81.7838,38.9665],[-81.8878,38.8734],[-82.0357,39.0267],[-82.2219,38.7857],[-82.1726,38.6324],[-82.2931,38.5776],[-82.3315,38.4462],[-82.5944,38.4243],[-82.7313,38.5612],[-82.8463,38.5886],[-82.8901,38.7584],[-83.0325,38.7255],[-83.1421,38.6269],[-83.52,38.7036],[-83.6788,38.6324],[-83.9033,38.7693],[-84.2155,38.8077],[-84.232,38.8953],[-84.4346,39.1034],[-84.818,39.1034],[-84.8016,40.5],[-84.807,41.694],[-83.4542,41.7323],[-83.0654,41.5954],[-82.9339,41.5133],[-82.8353,41.5899],[-82.6163,41.4311],[-82.4793,41.3818],[-82.0138,41.5133],[-81.74,41.4859],[-81.4442,41.6721],[-81.0115,41.8528],[-80.5186,41.9788],[-80.5186,41.9788]]]}},{"type":"Feature","properties":{"code":"US-OK","name":"Oklahoma"},"geometry":{"type":"Polygon","coordinates":[[[-100.0877,37.0003],[-94.6162,37.0003],[-94.6162,36.5019],[-94.43,35.3955],[-94.4848,33.6374],[-94.8682,33.747],[-94.9668,33.862],[-95.2242,33.9606],[-95.2899,33.8729],[-95.5473,33.8784],[-95.6021,33.9332],[-95.8376,33.8346],[-95.9362,33.8894],[-96.1498,33.8401],[-96.347,33.6867],[-96.4236,33.7743],[-96.6318,33.8455],[-96.8508,33.8455],[-96.922,33.9606],[-97.174,33.736],[-97.2561,33.862],[-97.3711,33.8236],[-97.4588,33.9058],[-97.6943,33.9825],[-97.8695,33.851],[-97.9462,33.9879],[-98.0886,34.0044],[-98.1708,34.1139],[-98.3625,34.1577],[-98.4884,34.0646],[-98.5706,34.1468],[-98.7678,34.1358],[-98.9868,34.2235],[-99.1895,34.2125],[-99.2607,34.4042],[-99.5784,34.4151],[-99.6988,34.3823],[-99.9234,34.574],[-100.0001,34.563],[-100.0001,36.5019],[-101.8129,36.5019],[-103.0014,36.5019],[-103.0014,37.0003],[-102.043,36.9948],[-100.0877,37.0003]]]}},{"type":"Feature","properties":{"code":"US-OR","name":"Oregon"},"geometry":{"type":"Polygon","coordinates":[[[-123.2113,46.1741],[-123.1182,46.1851],[-122.9046,46.081],[-122.8115,45.9605],[-122.7622,45.6593],[-122.2474,45.5498],[-121.8093,45.7086],[-121.5354,45.725],[-121.2177,45.6703],[-121.1849,45.6045],[-120.6372,45.7469],[-120.5057,45.6976],[-120.21,45.725],[-119.9635,45.8236],[-119.5254,45.9112],[-119.1256,45.9332],[-118.9886,45.9989],[-116.9183,45.9934],[-116.7814,45.8236],[-116.5459,45.7524],[-116.4638,45.6155],[-116.6719,45.3197],[-116.7321,45.1445],[-116.8471,45.024],[-116.8307,44.9309],[-116.9348,44.783],[-117.0388,44.7501],[-117.2415,44.3941],[-117.1703,44.2572],[-116.9786,44.2408],[-116.8964,44.1586],[-117.0279,43.83],[-117.0279,42.0007],[-118.6983,41.9898],[-120.0019,41.9952],[-121.037,41.9952],[-122.3789,42.0117],[-123.2333,42.0062],[-124.2136,42.0007],[-124.356,42.1157],[-124.4327,42.4389],[-124.4163,42.6634],[-124.5532,42.8387],[-124.4546,43.003],[-124.3834,43.2714],[-124.2355,43.5562],[-124.1698,43.8081],[-124.0603,44.657],[-124.0767,44.772],[-123.9781,45.1445],[-123.9398,45.6593],[-123.9946,45.9441],[-123.9453,46.1139],[-123.5454,46.2618],[-123.3702,46.1468],[-123.2113,46.1741]]]}},{"type":"Feature","properties":{"code":"US-PA","name":"Pennsylvania"},"geometry":{"type":"Polygon","coordinates":[[[-79.7628,42.2526],[-79.7628,42.0007],[-75.3593,42.0007],[-75.2498,41.8638],[-75.1731,41.8693],[-75.0526,41.7542],[-75.0745,41.6064],[-74.8938,41.4366],[-74.7404,41.4311],[-74.6966,41.3599],[-74.8281,41.2887],[-74.8828,41.1792],[-75.1348,40.971],[-75.0526,40.867],[-75.206,40.6917],[-75.195,40.5767],[-75.069,40.5438],[-75.0581,40.4179],[-74.7733,40.2152],[-74.8226,40.1276],[-75.1293,39.9633],[-75.1457,39.8866],[-75.4141,39.8045],[-75.6167,39.8318],[-75.7865,39.7223],[-79.478,39.7223],[-80.5186,39.7223],[-80.5186,40.637],[-80.5186,41.9788],[-80.5186,41.9788],[-80.3324,42.0336],[-79.7628,42.2691],[-79.7628,42.2526]]]}},{"type":"Feature","properties":{"code":"US-PR","name":"Puerto Rico"},"geometry":{"type":"Polygon","coordinates":[[[-66.4483,17.9843],[-66.7715,18.0062],[-66.9248,17.9296],[-66.9851,17.9734],[-67.2096,17.9569],[-67.1549,18.1925],[-67.2699,18.3622],[-67.0946,18.5156],[-66.9577,18.4882],[-66.41,18.4882],[-65.8404,18.4334],[-65.6323,18.3677],[-65.6268,18.2034],[-65.7309,18.187],[-65.8349,18.0172],[-66.2347,17.9296],[-66.4483,17.9843]]]}},{"type":"Feature","properties":{"code":"US-RI","name":"Rhode Island"},"geometry":{"type":"MultiPolygon","coordinates":[[[[-71.1968,41.6776],[-71.1202,41.4968],[-71.3173,41.4749],[-71.1968,41.6776]]],[[[-71.5309,42.0171],[-71.3831,42.0171],[-71.3283,41.7816],[-71.2242,41.7104],[-71.3447,41.7269],[-71.4488,41.579],[-71.4816,41.3709],[-71.8596,41.3216],[-71.7993,41.4147],[-71.7993,42.0062],[-71.5309,42.0171]]]]}},{"type":"Feature","properties":{"code":"US-SC","name":"South Carolina"},"geometry":{"type":"Polygon","coordinates":[[[-82.7641,35.0669],[-82.5505,35.16],[-82.2767,35.1983],[-81.0444,35.1491],[-81.0389,35.045],[-80.9348,35.1052],[-80.7815,34.9355],[-80.7979,34.8204],[-79.6751,34.804],[-78.5414,33.851],[-78.7167,33.8017],[-78.9358,33.6374],[-79.1494,33.38],[-79.1877,33.1719],[-79.3575,33.0076],[-79.582,33.0076],[-79.6313,32.8871],[-79.8668,32.7556],[-79.9983,32.6132],[-80.2064,32.553],[-80.431,32.3996],[-80.4529,32.3284],[-80.661,32.2463],[-80.8856,32.0327],[-81.1156,32.1203],[-81.1211,32.2901],[-81.2799,32.5585],[-81.4168,32.6297],[-81.4278,32.8433],[-81.4935,33.0076],[-81.7619,33.1609],[-81.9371,33.3471],[-81.9262,33.4622],[-82.1945,33.6319],[-82.326,33.8182],[-82.556,33.9441],[-82.7149,34.1523],[-82.7477,34.2673],[-82.9011,34.4863],[-83.0051,34.4699],[-83.3392,34.6835],[-83.3228,34.7876],[-83.1092,35.0012],[-82.7641,35.0669]]]}},{"type":"Feature","properties":{"code":"US-SD","name":"South Dakota"},"geometry":{"type":"Polygon","coordinates":[[[-104.0475,45.9441],[-96.5606,45.9332],[-96.5825,45.8181],[-96.8563,45.6045],[-96.681,45.4128],[-96.451,45.2978],[-96.451,43.5014],[-96.5825,43.4795],[-96.5277,43.3973],[-96.5606,43.2221],[-96.4346,43.1235],[-96.5113,43.0523],[-96.5441,42.8551],[-96.6318,42.7072],[-96.4455,42.4882],[-96.6263,42.5155],[-96.692,42.6579],[-97.2178,42.8442],[-97.6888,42.8442],[-97.8312,42.8661],[-97.9517,42.7675],[-98.4665,42.9482],[-98.4994,42.9975],[-101.6267,42.9975],[-103.3246,43.003],[-104.053,43.003],[-104.0585,44.9966],[-104.0421,44.9966],[-104.0475,45.9441]]]}},{"type":"Feature","properties":{"code":"US-TN","name":"Tennessee"},"geometry":{"type":"Polygon","coordinates":[[[-88.0549,36.4964],[-88.0713,36.6771],[-87.8522,36.6333],[-86.5925,36.6552],[-85.4862,36.6169],[-85.289,36.6278],[-84.5441,36.595],[-83.6897,36.584],[-83.6733,36.6004],[-81.6797,36.5895],[-81.7235,36.354],[-81.9097,36.3047],[-82.0357,36.1185],[-82.2164,36.1568],[-82.6108,35.9651],[-82.6382,36.0637],[-82.7751,35.998],[-82.9942,35.7734],[-83.2516,35.7187],[-83.4981,35.5653],[-83.7719,35.5598],[-84.0184,35.4119],[-84.095,35.2476],[-84.2922,35.2257],[-84.3196,34.9902],[-85.6067,34.9847],[-87.3593,35.0012],[-88.2027,34.9957],[-88.4711,34.9957],[-90.3114,34.9957],[-90.2128,35.0231],[-90.1142,35.1983],[-90.1306,35.4393],[-89.9444,35.6036],[-89.9116,35.757],[-89.7637,35.8118],[-89.7308,35.998],[-89.5336,36.2499],[-89.5391,36.4964],[-89.4843,36.4964],[-89.4186,36.4964],[-89.2981,36.5073],[-88.0549,36.4964]]]}},{"type":"Feature","properties":{"code":"US-TX","name":"Texas"},"geometry":{"type":"Polygon","coordinates":[[[-101.8129,36.5019],[-100.0001,36.5019],[-100.0001,34.563],[-99.9234,34.574],[-99.6988,34.3823],[-99.5784,34.4151],[-99.2607,34.4042],[-99.1895,34.2125],[-98.9868,34.2235],[-98.7678,34.1358],[-98.5706,34.1468],[-98.4884,34.0646],[-98.3625,34.1577],[-98.1708,34.1139],[-98.0886,34.0044],[-97.9462,33.9879],[-97.8695,33.851],[-97.6943,33.9825],[-97.4588,33.9058],[-97.3711,33.8236],[-97.2561,33.862],[-97.174,33.736],[-96.922,33.9606],[-96.8508,33.8455],[-96.6318,33.8455],[-96.4236,33.7743],[-96.347,33.6867],[-96.1498,33.8401],[-95.9362,33.8894],[-95.8376,33.8346],[-95.6021,33.9332],[-95.5473,33.8784],[-95.2899,33.8729],[-95.2242,33.9606],[-94.9668,33.862],[-94.8682,33.747],[-94.4848,33.6374],[-94.3807,33.5443],[-94.1836,33.5936],[-94.0412,33.5498],[-94.0412,33.0185],[-94.0412,31.9943],[-93.8221,31.7753],[-93.8166,31.5562],[-93.5428,31.1509],[-93.5263,30.9373],[-93.6304,30.6799],[-93.729,30.5758],[-93.6961,30.4389],[-93.7673,30.3348],[-93.6906,30.1431],[-93.9261,29.7871],[-93.8385,29.6885],[-94.0028,29.6831],[-94.5231,29.5461],[-94.7094,29.6228],[-94.7422,29.7871],[-94.8737,29.6721],[-94.9668,29.6995],[-95.0161,29.5571],[-94.912,29.4969],[-94.8956,29.3106],[-95.0818,29.1135],[-95.383,28.867],[-95.9855,28.6041],[-96.0457,28.6479],[-96.2265,28.5822],[-96.2319,28.6425],[-96.4784,28.5986],[-96.5934,28.7246],[-96.6646,28.6972],[-96.4017,28.4398],[-96.5934,28.3577],[-96.7742,28.4069],[-96.8015,28.2262],[-97.0261,28.04],[-97.2561,27.6949],[-97.404,27.3335],[-97.5135,27.3608],[-97.5409,27.2294],[-97.4259,27.2623],[-97.4807,26.9994],[-97.5574,26.9884],[-97.5628,26.8405],[-97.4697,26.7584],[-97.4423,26.4572],[-97.3328,26.3531],[-97.3054,26.1614],[-97.2178,25.9916],[-97.5245,25.8876],[-97.6505,26.019],[-97.886,26.0683],[-98.1982,26.0573],[-98.4665,26.2216],[-98.6692,26.2381],[-98.8225,26.3695],[-99.0307,26.4133],[-99.1731,26.5393],[-99.2662,26.8405],[-99.4469,27.0213],[-99.425,27.1746],[-99.5071,27.3389],[-99.4798,27.4813],[-99.6057,27.6402],[-99.7098,27.6566],[-99.8796,27.799],[-99.9344,27.9797],[-100.0822,28.1441],[-100.2958,28.281],[-100.3999,28.5822],[-100.4985,28.6644],[-100.6299,28.9053],[-100.6737,29.1025],[-100.7997,29.2449],[-101.0133,29.3709],[-101.0626,29.4585],[-101.2598,29.5352],[-101.4131,29.7543],[-101.8513,29.8036],[-102.1142,29.7926],[-102.3387,29.8693],[-102.388,29.7652],[-102.629,29.7324],[-102.8097,29.5242],[-102.9193,29.1901],[-102.9795,29.1847],[-103.1165,28.9875],[-103.2808,28.982],[-103.5272,29.1354],[-104.1461,29.3818],[-104.2666,29.5133],[-104.5076,29.6393],[-104.6774,29.9241],[-104.6883,30.1815],[-104.8581,30.3896],[-104.8965,30.5703],[-105.006,30.6854],[-105.3949,30.8551],[-105.603,31.0852],[-105.7728,31.1673],[-105.9535,31.3645],[-106.2054,31.4686],[-106.3807,31.7314],[-106.5286,31.7862],[-106.6436,31.9012],[-106.6162,31.9998],[-103.0672,31.9998],[-103.0672,33.0021],[-103.0453,34.0153],[-103.0398,36.5019],[-103.0014,36.5019],[-101.8129,36.5019]]]}},{"type":"Feature","properties":{"code":"US-UT","name":"Utah"},"geometry":{"type":"Polygon","coordinates":[[[-112.1644,41.9952],[-111.0471,42.0007],[-111.0471,40.9984],[-109.048,40.9984],[-109.0535,39.1253],[-109.0589,38.2764],[-109.0425,38.1669],[-109.0425,37.0003],[-110.4994,37.0057],[-114.0484,37.0003],[-114.043,41.9952],[-112.1644,41.9952]]]}},{"type":"Feature","properties":{"code":"US-VA","name":"Virginia"},"geometry":{"type":"MultiPolygon","coordinates":[[[[-75.3977,38.0135],[-75.2443,38.0299],[-75.3758,37.8601],[-75.5127,37.7999],[-75.5948,37.5699],[-75.803,37.1974],[-75.9727,37.1208],[-76.0275,37.2577],[-75.9399,37.5644],[-75.6715,37.9532],[-75.3977,38.0135]]],[[[-76.0166,37.9532],[-75.9946,37.9532],[-76.0439,37.9532],[-76.0166,37.9532]]],[[[-78.3497,39.4649],[-77.8294,39.1308],[-77.7199,39.3225],[-77.5665,39.3061],[-77.457,39.2239],[-77.457,39.076],[-77.2489,39.0267],[-77.1174,38.9336],[-77.0407,38.7912],[-77.1284,38.6324],[-77.2489,38.5886],[-77.3255,38.4462],[-77.2817,38.3421],[-77.0134,38.375],[-76.9641,38.2161],[-76.6135,38.1504],[-76.515,38.0245],[-76.2356,37.8875],[-76.3616,37.6082],[-76.2466,37.3891],[-76.3835,37.2851],[-76.3999,37.1591],[-76.274,37.0824],[-76.4109,36.9619],[-76.619,37.1208],[-76.6683,37.066],[-76.4876,36.951],[-75.9946,36.9236],[-75.8687,36.5512],[-79.5108,36.5402],[-80.294,36.5457],[-80.9787,36.5621],[-81.6797,36.5895],[-83.6733,36.6004],[-83.1366,36.7428],[-83.0709,36.8524],[-82.8792,36.8907],[-82.8682,36.9784],[-82.7203,37.0441],[-82.7203,37.1208],[-82.3534,37.2686],[-81.97,37.537],[-81.9864,37.4548],[-81.8495,37.2851],[-81.6797,37.2029],[-81.5537,37.2084],[-81.362,37.3398],[-81.2251,37.2358],[-80.9677,37.2905],[-80.5131,37.4822],[-80.4748,37.422],[-80.2995,37.5096],[-80.294,37.6904],[-80.1845,37.8492],[-79.9983,37.9971],[-79.9216,38.1778],[-79.7244,38.364],[-79.6478,38.5941],[-79.478,38.4571],[-79.3137,38.4133],[-79.2096,38.4955],[-78.996,38.8515],[-78.87,38.7638],[-78.4045,39.1691],[-78.3497,39.4649]]]]}},{"type":"Feature","properties":{"code":"US-VT","name":"Vermont"},"geometry":{"type":"Polygon","coordinates":[[[-71.5036,45.013],[-71.4926,44.9144],[-71.6295,44.7501],[-71.5364,44.5858],[-71.7007,44.416],[-72.0348,44.3229],[-72.0293,44.0765],[-72.117,43.9943],[-72.2046,43.7698],[-72.3799,43.5726],[-72.4565,43.1509],[-72.4456,43.0085],[-72.5332,42.9537],[-72.5442,42.8058],[-72.4565,42.7291],[-73.2671,42.7456],[-73.2781,42.8332],[-73.2452,43.5233],[-73.4041,43.6876],[-73.3493,43.7698],[-73.4369,44.0436],[-73.3219,44.2463],[-73.2945,44.4379],[-73.3876,44.6187],[-73.3329,44.8049],[-73.3438,45.013],[-72.3087,45.0021],[-71.5036,45.013]]]}},{"type":"Feature","properties":{"code":"US-WA","name":"Washington"},"geometry":{"type":"MultiPolygon","coordinates":[[[[-117.0334,49.0002],[-117.0443,47.7625],[-117.0388,46.4261],[-117.0553,46.3439],[-116.9238,46.1687],[-116.9183,45.9934],[-118.9886,45.9989],[-119.1256,45.9332],[-119.5254,45.9112],[-119.9635,45.8236],[-120.21,45.725],[-120.5057,45.6976],[-120.6372,45.7469],[-121.1849,45.6045],[-121.2177,45.6703],[-121.5354,45.725],[-121.8093,45.7086],[-122.2474,45.5498],[-122.7622,45.6593],[-122.8115,45.9605],[-122.9046,46.081],[-123.1182,46.1851],[-123.2113,46.1741],[-123.3702,46.1468],[-123.5454,46.2618],[-123.7262,46.3001],[-123.8741,46.2399],[-124.0658,46.3275],[-124.0274,46.4644],[-123.896,46.5356],[-124.0986,46.7437],[-124.2355,47.286],[-124.3177,47.3572],[-124.4272,47.7405],[-124.6244,47.8884],[-124.7066,48.1842],[-124.597,48.3813],[-124.3944,48.2882],[-123.9836,48.1623],[-123.7043,48.1677],[-123.4249,48.1185],[-123.1621,48.1677],[-123.0361,48.0801],[-122.8006,48.0856],[-122.6363,47.8665],[-122.5158,47.8829],[-122.4939,47.5872],[-122.4227,47.3188],[-122.3241,47.3462],[-122.4227,47.5762],[-122.3953,47.8008],[-122.231,48.0308],[-122.3624,48.1239],[-122.3734,48.2882],[-122.472,48.469],[-122.4227,48.6004],[-122.4884,48.7538],[-122.6472,48.7757],[-122.7951,48.8907],[-122.7568,49.0002],[-117.0334,49.0002]]],[[[-122.7184,48.3101],[-122.587,48.354],[-122.6089,48.1513],[-122.7677,48.228],[-122.7184,48.3101]]],[[[-123.0251,48.584],[-122.9156,48.7154],[-122.7677,48.5566],[-122.8115,48.4197],[-123.0416,48.458],[-123.0251,48.584]]]]}},{"type":"Feature","properties":{"code":"US-WI","name":"Wisconsin"},"geometry":{"type":"Polygon","coordinates":[[[-90.4154,46.5685],[-90.2292,46.5082],[-90.1197,46.3384],[-89.09,46.1358],[-88.6628,45.9879],[-88.5314,46.0208],[-88.1042,45.9222],[-87.9891,45.7962],[-87.781,45.6757],[-87.792,45.5005],[-87.8851,45.3636],[-87.6496,45.3416],[-87.7427,45.1992],[-87.5893,45.0952],[-87.6277,44.9747],[-87.8194,44.9528],[-87.9837,44.7227],[-88.0439,44.5639],[-87.9289,44.5365],[-87.7755,44.6406],[-87.6112,44.8378],[-87.4031,44.9144],[-87.2388,45.1664],[-87.0307,45.2212],[-87.0471,45.0897],[-87.1895,44.9692],[-87.4688,44.553],[-87.5455,44.3229],[-87.54,44.1586],[-87.6441,44.1039],[-87.7372,43.8793],[-87.7043,43.6876],[-87.792,43.5616],[-87.9125,43.2495],[-87.8851,43.003],[-87.7646,42.7839],[-87.8029,42.4936],[-88.7888,42.4936],[-90.64,42.5101],[-90.7112,42.636],[-91.0672,42.751],[-91.1439,42.9099],[-91.1767,43.1344],[-91.0562,43.2549],[-91.2041,43.3535],[-91.2151,43.5014],[-91.2698,43.6164],[-91.2424,43.7752],[-91.4341,43.9943],[-91.593,44.0327],[-91.8778,44.2024],[-91.9271,44.3339],[-92.2338,44.4434],[-92.3378,44.553],[-92.546,44.5694],[-92.8089,44.7501],[-92.7377,45.1171],[-92.7596,45.2869],[-92.6445,45.4402],[-92.7705,45.5662],[-92.8855,45.5772],[-92.8691,45.7196],[-92.6391,45.9332],[-92.3543,46.0153],[-92.294,46.0756],[-92.294,46.6671],[-92.0914,46.7492],[-92.0147,46.7054],[-91.7901,46.6944],[-91.0946,46.8642],[-90.8372,46.9573],[-90.7495,46.8861],[-90.8864,46.7547],[-90.5578,46.5849],[-90.4154,46.5685]]]}},{"type":"Feature","properties":{"code":"US-WV","name":"West Virginia"},"geometry":{"type":"Polygon","coordinates":[[[-80.5186,40.637],[-80.5186,39.7223],[-79.478,39.7223],[-79.4889,39.2075],[-79.2918,39.3006],[-79.0946,39.4704],[-78.9631,39.4375],[-78.766,39.5854],[-78.4702,39.5142],[-78.4319,39.6237],[-78.2676,39.6182],[-78.1745,39.6949],[-78.0047,39.6018],[-77.8349,39.6018],[-77.7199,39.3225],[-77.8294,39.1308],[-78.3497,39.4649],[-78.4045,39.1691],[-78.87,38.7638],[-78.996,38.8515],[-79.2096,38.4955],[-79.3137,38.4133],[-79.478,38.4571],[-79.6478,38.5941],[-79.7244,38.364],[-79.9216,38.1778],[-79.9983,37.9971],[-80.1845,37.8492],[-80.294,37.6904],[-80.2995,37.5096],[-80.4748,37.422],[-80.5131,37.4822],[-80.9677,37.2905],[-81.2251,37.2358],[-81.362,37.3398],[-81.5537,37.2084],[-81.6797,37.2029],[-81.8495,37.2851],[-81.9864,37.4548],[-81.97,37.537],[-82.1014,37.5534],[-82.2931,37.6684],[-82.3424,37.7835],[-82.5012,37.9313],[-82.6217,38.123],[-82.5944,38.4243],[-82.3315,38.4462],[-82.2931,38.5776],[-82.1726,38.6324],[-82.2219,38.7857],[-82.0357,39.0267],[-81.8878,38.8734],[-81.7838,38.9665],[-81.8112,39.0815],[-81.6852,39.2732],[-81.5702,39.2677],[-81.4552,39.4101],[-81.3456,39.3444],[-81.2196,39.3882],[-80.8308,39.7113],[-80.7377,40.0783],[-80.6008,40.3193],[-80.5953,40.4726],[-80.6665,40.5822],[-80.5186,40.637]]]}},{"type":"Feature","properties":{"code":"US-WY","name":"Wyoming"},"geometry":{"type":"Polygon","coordinates":[[[-109.0808,45.0021],[-105.9152,45.0021],[-104.0585,44.9966],[-104.053,43.003],[-104.053,41.0039],[-105.729,40.9984],[-107.9197,41.0039],[-109.048,40.9984],[-111.0471,40.9984],[-111.0471,42.0007],[-111.0471,44.4763],[-111.0525,45.0021],[-109.0808,45.0021]]]}},{"type":"Feature","properties":{"code":"UY","name":"Uruguay"},"geometry":{"type":"Polygon","coordinates":[[[-53.3706,-33.7422],[-53.5376,-33.6229],[-53.5313,-33.1709],[-53.1256,-32.7367],[-53.6017,-32.403],[-53.7617,-32.0568],[-54.2206,-31.8552],[-54.5876,-31.4852],[-55.2546,-31.2256],[-55.5573,-30.876],[-55.8737,-31.0696],[-56.1762,-30.6284],[-56.8327,-30.1072],[-57.1205,-30.1444],[-57.2145,-30.2834],[-57.5523,-30.2612],[-57.6089,-30.1878],[-57.8725,-30.591],[-57.8106,-30.8586],[-57.8684,-31.1044],[-58.0539,-31.4949],[-58.0423,-31.7692],[-58.189,-31.9242],[-58.123,-32.3219],[-58.2012,-32.4717],[-58.0823,-32.8937],[-58.3534,-33.2601],[-58.4381,-33.7191],[-58.4002,-33.9124],[-57.9612,-34.3069],[-57.8291,-34.4773],[-57.1707,-34.4523],[-56.8552,-34.6767],[-56.1179,-34.9079],[-55.6731,-34.7757],[-55.3706,-34.8076],[-55.2379,-34.8958],[-54.9023,-34.9328],[-54.1686,-34.6707],[-53.7853,-34.3804],[-53.3706,-33.7422]]]}},{"type":"Feature","properties":{"code":"UZ","name":"Uzbekistan"},"geometry":{"type":"Polygon","coordinates":[[[70.9468,42.2487],[70.6133,42.0547],[70.416,42.0786],[70.0956,41.8205],[69.6639,41.6721],[69.0649,41.3669],[68.9869,41.205],[68.5841,40.8763],[68.6007,40.66],[68.2919,40.6561],[68.0477,40.8093],[68.1131,41.0286],[67.9357,41.1966],[66.8143,41.1424],[66.6687,41.2708],[66.4986,41.9949],[66.0096,42.0049],[66.1003,42.9908],[65.803,42.877],[65.4962,43.3105],[65.2705,43.4175],[64.9055,43.7147],[64.4432,43.5512],[63.207,43.628],[61.9902,43.4921],[61.1607,44.1686],[61.0079,44.3938],[60.1885,44.784],[58.5553,45.5554],[57.4773,45.3375],[55.9757,44.9949],[55.9765,43.3881],[55.9769,42.47],[55.9774,41.3222],[57.018,41.2635],[56.9641,41.8565],[57.3817,42.1563],[57.8143,42.1898],[58.0289,42.4876],[58.2341,42.4477],[58.2597,42.6881],[58.5891,42.7785],[58.877,42.5615],[59.1231,42.5238],[59.4511,42.2995],[59.8583,42.2952],[60.0061,42.1908],[59.9626,41.9544],[60.1069,41.9074],[60.0896,41.3994],[60.455,41.2216],[60.7549,41.2458],[61.3289,41.1951],[61.497,41.2761],[61.9535,41.0306],[62.095,40.6833],[62.375,40.3321],[62.4416,40.0362],[62.6507,39.8585],[63.5061,39.3771],[63.7208,39.1881],[64.1628,38.9536],[64.31,38.9773],[64.66,38.736],[65.6129,38.2386],[65.8571,38.2687],[66.1731,38.1667],[66.6293,37.932],[66.5256,37.7857],[66.5223,37.3485],[67.0688,37.3348],[67.3197,37.2096],[67.5173,37.2667],[67.759,37.1722],[67.8144,37.487],[68.294,38.0329],[68.3331,38.2378],[68.1441,38.3831],[68.0479,38.6693],[68.1035,38.962],[67.6766,39.0085],[67.6165,39.1503],[67.3496,39.2421],[67.4262,39.4656],[67.719,39.6214],[68.4633,39.5367],[68.639,39.8389],[68.8688,39.9075],[68.6525,40.1827],[69.2283,40.1876],[69.3042,40.3274],[69.2062,40.5666],[69.4139,40.7972],[69.7129,40.657],[70.2921,40.8917],[70.4415,41.0234],[70.751,40.7396],[70.3826,40.4535],[70.6531,40.2012],[70.958,40.2389],[71.3047,40.2869],[71.6925,40.1523],[71.9557,40.2586],[72.1312,40.4386],[72.3577,40.4017],[73.1129,40.786],[72.99,40.8601],[72.6204,40.8838],[72.1643,41.1737],[71.8786,41.195],[71.7925,41.4131],[71.4209,41.3419],[71.4084,41.136],[71.1107,41.1526],[70.7824,41.2625],[70.6459,41.4604],[70.4714,41.4126],[70.181,41.5714],[70.8419,42.0196],[71.2285,42.1629],[70.9468,42.2487]]]}},{"type":"Feature","properties":{"code":"VC","name":"Saint Vincent and the Grenadines"},"geometry":{"type":"Polygon","coordinates":[[[-61.1745,13.1581],[-61.124,13.294],[-61.1821,13.356],[-61.2773,13.2096],[-61.1745,13.1581]]]}},{"type":"Feature","properties":{"code":"VE","name":"Venezuela"},"geometry":{"type":"MultiPolygon","coordinates":[[[[-63.8494,11.131],[-64.1609,10.9588],[-63.9176,10.8875],[-63.8494,11.131]]],[[[-60.0175,8.5493],[-60.3402,8.6288],[-60.4815,8.5473],[-60.801,8.5921],[-61.304,8.4104],[-61.0531,9.0951],[-60.7925,9.3607],[-61.0134,9.5564],[-61.3094,9.6331],[-61.5123,9.8475],[-61.7659,9.8138],[-62.1196,9.9849],[-62.3204,9.7831],[-62.5151,10.1761],[-62.6616,10.1986],[-62.843,10.4179],[-62.6936,10.563],[-62.38,10.5469],[-62.2423,10.6996],[-62.7023,10.7498],[-63.1899,10.7092],[-63.4968,10.6433],[-63.8734,10.6638],[-63.8337,10.4485],[-64.1883,10.4578],[-64.8505,10.0981],[-65.1291,10.0701],[-65.8518,10.2578],[-66.2472,10.6322],[-66.9891,10.6106],[-67.8716,10.4721],[-68.1399,10.4927],[-68.2341,10.5691],[-68.3986,11.161],[-68.828,11.4317],[-69.2326,11.5185],[-69.6316,11.4799],[-69.7119,11.5642],[-69.8306,11.9956],[-70.004,12.1779],[-70.2028,12.0984],[-70.2865,11.886],[-70.1926,11.6246],[-69.8173,11.6721],[-69.8854,11.4443],[-70.0485,11.5303],[-70.2325,11.373],[-70.8205,11.2084],[-71.2644,10.9995],[-71.4695,10.9642],[-71.5446,10.7787],[-71.3866,10.2638],[-71.2622,10.1436],[-71.0527,9.7058],[-71.0858,9.3482],[-71.2979,9.1256],[-71.6867,9.0725],[-71.7607,9.3357],[-71.9763,9.5532],[-72.1128,9.8156],[-71.9557,10.1081],[-71.6648,10.4437],[-71.5943,10.6574],[-71.947,11.4145],[-71.8687,11.6273],[-71.4884,11.7188],[-71.3197,11.8619],[-71.9581,11.6664],[-72.2485,11.1964],[-72.4461,11.1143],[-72.6901,10.8358],[-72.8693,10.4913],[-73.0065,9.7892],[-73.3563,9.2269],[-73.0584,9.2596],[-72.7964,9.109],[-72.6654,8.6276],[-72.4166,8.382],[-72.3576,8.0873],[-72.446,7.9661],[-72.479,7.6132],[-72.443,7.4549],[-72.2077,7.3703],[-72.0843,7.0969],[-71.8927,6.9903],[-71.6209,7.0329],[-71.0133,6.9944],[-70.6551,7.0828],[-70.3875,6.9726],[-70.095,6.9379],[-69.4393,6.1349],[-69.2682,6.0997],[-69.0899,6.1844],[-68.4718,6.1565],[-68.1431,6.1975],[-67.8592,6.2899],[-67.5681,6.2418],[-67.4394,6.0255],[-67.6313,5.7094],[-67.6423,5.5588],[-67.8249,5.2705],[-67.8143,4.9308],[-67.8553,4.5069],[-67.6616,3.8643],[-67.3111,3.4159],[-67.3536,3.3227],[-67.8348,2.8928],[-67.5967,2.7693],[-67.2108,2.3901],[-66.8845,1.3583],[-66.876,1.223],[-66.4292,0.8217],[-66.3017,0.752],[-66.0601,0.7854],[-65.6814,0.9834],[-65.3608,0.8687],[-65.1038,1.1081],[-64.7315,1.2533],[-64.486,1.4528],[-64.3042,1.4553],[-64.1148,1.6193],[-64.0354,1.9044],[-63.3939,2.2225],[-63.3893,2.4119],[-63.9242,2.4524],[-64.0488,2.5251],[-64.0378,2.8015],[-64.2188,3.2047],[-64.2211,3.5874],[-64.5679,3.8998],[-64.5764,4.1399],[-64.2557,4.1403],[-64.0215,3.9291],[-63.2947,3.9223],[-62.9687,3.5939],[-62.7646,3.6729],[-62.7121,4.0179],[-62.4106,4.1567],[-62.1531,4.0984],[-61.5542,4.2878],[-61.2801,4.5169],[-61.0028,4.5353],[-60.7417,4.7741],[-60.6045,4.9946],[-60.7421,5.2021],[-61.3768,5.907],[-61.1287,6.2143],[-61.2036,6.5884],[-61.1456,6.6945],[-60.8733,6.7869],[-60.7179,6.7683],[-60.395,6.9454],[-60.3255,7.134],[-60.5232,7.1437],[-60.7192,7.4987],[-60.5136,7.8132],[-60.3806,7.8276],[-60.0324,8.0536],[-59.8316,8.306],[-60.0175,8.5493]]]]}},{"type":"Feature","properties":{"code":"VG","name":"British Virgin Islands"},"geometry":{"type":"Polygon","coordinates":[[[-64.3952,18.4646],[-64.3247,18.5175],[-64.4261,18.5131],[-64.3952,18.4646]]]}},{"type":"Feature","properties":{"code":"VI","name":"United States Virgin Islands"},"geometry":{"type":"Polygon","coordinates":[[[-64.7656,17.7943],[-64.8847,17.7723],[-64.8891,17.7017],[-64.6863,17.7061],[-64.7656,17.7943]]]}},{"type":"Feature","properties":{"code":"VN","name":"Vietnam"},"geometry":{"type":"Polygon","coordinates":[[[107.9727,21.508],[107.8021,21.6452],[107.3512,21.6089],[107.0064,21.8934],[106.7295,22.0003],[106.5363,22.3954],[106.5824,22.5732],[106.7803,22.7789],[106.5418,22.9083],[106.2494,22.8694],[106.1484,22.9701],[105.843,22.9228],[105.5481,23.0727],[105.2754,23.3452],[104.8647,23.1364],[104.7957,22.9111],[104.3718,22.7041],[104.2125,22.8094],[104.0539,22.7523],[103.915,22.5382],[103.6202,22.782],[103.471,22.5974],[103.3561,22.7547],[103.0054,22.453],[102.5172,22.741],[102.4279,22.7328],[102.1274,22.3792],[102.5825,21.9043],[102.6953,21.6621],[102.8452,21.7348],[102.9486,21.5698],[102.8512,21.2659],[103.1045,20.8917],[103.6351,20.6971],[104.0521,20.9412],[104.1953,20.914],[104.5832,20.6467],[104.3922,20.4248],[104.6188,20.3745],[104.6987,20.2053],[104.8887,20.1691],[104.9279,20.0181],[104.7432,19.7547],[104.5463,19.6105],[104.2599,19.6855],[104.032,19.6751],[104.0629,19.4826],[103.8964,19.34],[104.7165,18.8034],[105.1151,18.6789],[105.0858,18.4501],[105.3335,18.1896],[105.4582,18.1543],[105.6914,17.7378],[106.0062,17.4153],[106.2695,17.2168],[106.5022,16.9541],[106.5462,16.6507],[106.6961,16.459],[106.8324,16.5263],[106.9307,16.3531],[107.3964,16.043],[107.1896,15.7473],[107.6531,15.2552],[107.4804,14.9799],[107.5194,14.7051],[107.3645,14.3687],[107.3314,14.1266],[107.6055,13.4378],[107.4754,13.0304],[107.5555,12.54],[107.5064,12.3646],[107.159,12.2771],[106.9307,12.0775],[106.7001,11.9793],[106.4139,11.9484],[106.3398,11.6818],[106.0061,11.758],[105.8515,11.635],[105.8561,11.2943],[106.168,11.0123],[106.0988,10.7973],[105.7551,10.99],[105.3865,10.9401],[105.3146,10.8452],[105.0223,10.8869],[105.0611,10.7338],[104.8506,10.5345],[104.5643,10.516],[104.4264,10.4112],[104.6635,10.1699],[104.802,10.2027],[105.0278,10.0674],[105.0926,9.901],[104.9032,9.8163],[104.8452,9.6062],[104.8186,8.8019],[104.8919,8.5833],[105.1144,8.6292],[105.3223,8.8011],[105.501,9.0932],[106.1684,9.3967],[106.204,9.6754],[106.378,9.5561],[106.5725,9.6411],[106.5956,9.8599],[106.7853,10.1165],[106.8127,10.4333],[107.0878,10.4983],[107.2615,10.3984],[107.8451,10.7001],[108.0014,10.7204],[108.0949,10.8973],[108.2717,10.9343],[108.8208,11.3154],[108.9867,11.3364],[109.0396,11.5927],[109.1986,11.7249],[109.2189,12.6458],[109.4239,12.956],[109.2719,13.2793],[109.2471,13.8547],[109.3033,13.8564],[109.087,14.5526],[109.0849,14.7162],[108.9399,15.0015],[108.8213,15.3779],[108.6742,15.4836],[108.286,15.9891],[108.2674,16.0898],[108.0294,16.3311],[107.8338,16.3225],[107.7241,16.4878],[107.1804,16.8979],[107.1199,17.0555],[106.7357,17.3672],[106.4789,17.7196],[106.499,17.9464],[106.2396,18.2207],[105.8883,18.5025],[105.6218,18.9663],[105.7911,19.2942],[105.814,19.5875],[105.9841,19.9391],[106.1657,19.992],[106.518,20.2889],[106.5508,20.5266],[106.7534,20.7351],[106.6755,20.9605],[107.3543,21.0552],[107.41,21.2848],[107.9727,21.508]]]}},{"type":"Feature","properties":{"code":"VU","name":"Vanuatu"},"geometry":{"type":"MultiPolygon","coordinates":[[[[166.7458,-14.8269],[166.5272,-14.8501],[166.6479,-15.2115],[166.6311,-15.4061],[166.8258,-15.6349],[167.0939,-15.5809],[167.1996,-15.4857],[167.1316,-15.1354],[166.8102,-15.1574],[166.7458,-14.8269]]],[[[167.4125,-16.0959],[167.3156,-16.1155],[167.4493,-16.555],[167.8366,-16.4497],[167.4125,-16.0959]]],[[[168.4468,-16.7788],[168.1992,-16.5938],[168.1814,-16.804],[168.4468,-16.7788]]],[[[168.2967,-16.3365],[168.1639,-16.0816],[168.0217,-16.3156],[168.2967,-16.3365]]],[[[168.4458,-17.5422],[168.2731,-17.5522],[168.2517,-17.7808],[168.5246,-17.798],[168.4458,-17.5422]]],[[[169.3344,-18.9402],[169.1438,-18.6311],[169.0158,-18.6438],[168.9869,-18.8713],[169.248,-18.9833],[169.3344,-18.9402]]]]}},{"type":"Feature","properties":{"code":"WS","name":"Samoa"},"geometry":{"type":"MultiPolygon","coordinates":[[[[-172.3335,-13.4652],[-172.7441,-13.5787],[-172.5357,-13.7917],[-172.225,-13.8043],[-172.1769,-13.6847],[-172.3335,-13.4652]]],[[[-171.4541,-14.0465],[-171.6039,-13.8792],[-171.8582,-13.8071],[-172.0281,-13.9068],[-171.7282,-14.0473],[-171.4541,-14.0465]]]]}},{"type":"Feature","properties":{"code":"XK","name":"Kosovo"},"geometry":{"type":"Polygon","coordinates":[[[20.3443,42.8279],[20.0295,42.732],[20.064,42.5473],[20.2405,42.339],[20.4854,42.2234],[20.5662,41.8737],[20.7781,42.071],[21.0598,42.1713],[21.2563,42.0995],[21.5625,42.2475],[21.7529,42.6698],[21.3906,42.7514],[21.057,43.0917],[20.6231,43.1986],[20.624,43.0342],[20.3443,42.8279]]]}},{"type":"Feature","properties":{"code":"YE","name":"Yemen"},"geometry":{"type":"MultiPolygon","coordinates":[[[[53.0856,16.6484],[52.8006,17.2679],[52.7292,17.3004],[51.9776,18.9961],[50.3553,18.7778],[49.1924,18.6213],[49.042,18.5818],[48.1722,18.1569],[47.5796,17.4483],[47.4418,17.1119],[47.1436,16.9467],[46.9757,16.9535],[46.682,17.2686],[46.3104,17.2313],[45.4065,17.3198],[45.148,17.4274],[44.156,17.3985],[43.917,17.3247],[43.713,17.3655],[43.418,17.5163],[43.1909,17.3594],[43.1165,16.942],[43.165,16.6894],[42.7993,16.3718],[42.8396,16.032],[42.7172,15.6546],[42.7999,15.3716],[42.6578,15.2328],[42.8557,15.133],[43.0211,14.5549],[43.0891,14.011],[43.2341,13.8589],[43.2826,13.6398],[43.2319,13.2671],[43.4753,12.839],[43.9298,12.6165],[44.3585,12.6691],[44.6178,12.8172],[44.7553,12.7638],[45.0387,12.8159],[45.1639,12.9983],[45.3936,13.067],[45.6573,13.3387],[46.2031,13.4238],[46.502,13.4156],[46.7889,13.4656],[47.4077,13.6616],[47.6334,13.8584],[47.9899,14.0481],[48.2778,13.9977],[48.6684,14.0501],[49.0047,14.355],[49.048,14.4564],[49.3499,14.6378],[49.9063,14.8281],[50.1669,14.851],[50.5271,15.0382],[51.0151,15.1408],[51.6037,15.3368],[52.2175,15.6555],[52.174,15.9568],[52.3277,16.2936],[52.5814,16.4704],[53.0856,16.6484]]],[[[53.7632,12.6368],[53.6385,12.7074],[53.431,12.6636],[53.3158,12.5332],[53.5983,12.3423],[54.1295,12.3606],[54.5111,12.5528],[54.1874,12.664],[53.7632,12.6368]]]]}},{"type":"Feature","properties":{"code":"ZA","name":"South Africa"},"geometry":{"type":"Polygon","coordinates":[[[29.3648,-22.1939],[29.1299,-22.2133],[28.8398,-22.4809],[28.3817,-22.5934],[28.2102,-22.6937],[27.8905,-23.0739],[27.1464,-23.5244],[26.987,-23.7046],[26.8351,-24.2408],[26.3972,-24.6136],[25.9121,-24.7475],[25.5838,-25.6062],[25.4437,-25.7145],[24.9989,-25.754],[24.7481,-25.8174],[24.3306,-25.7429],[24.193,-25.6329],[23.8938,-25.6009],[23.5215,-25.3444],[23.266,-25.2666],[23.0221,-25.3241],[22.8788,-25.4579],[22.6402,-26.0712],[22.2176,-26.3889],[22.0909,-26.5802],[21.8332,-26.6783],[21.6463,-26.8542],[20.7398,-26.8488],[20.6414,-26.7422],[20.6268,-26.4438],[20.815,-26.1649],[20.7932,-25.9156],[20.4731,-25.2213],[20.3452,-25.0299],[19.9805,-24.7768],[19.9805,-26.5312],[19.9805,-28.4513],[19.6715,-28.5039],[19.271,-28.7777],[19.2458,-28.9017],[19.0261,-28.9279],[18.6004,-28.8553],[18.3108,-28.8862],[17.4479,-28.6981],[17.3479,-28.5012],[17.3857,-28.3532],[17.0562,-28.0311],[16.9333,-28.0696],[16.7558,-28.4521],[16.4476,-28.6176],[16.7395,-29.0094],[16.95,-29.4034],[17.1891,-30.0998],[17.3471,-30.4448],[17.6774,-31.019],[18.2108,-31.7425],[18.3107,-32.1225],[18.3253,-32.505],[18.2509,-32.6521],[17.8511,-32.8274],[17.8782,-32.9615],[18.433,-33.7173],[18.3544,-33.9391],[18.5339,-34.0859],[18.8088,-34.1082],[18.8313,-34.3641],[19.0983,-34.3501],[19.3232,-34.5708],[19.635,-34.7533],[20.0206,-34.7857],[20.5299,-34.4631],[21.0602,-34.3646],[21.2489,-34.407],[21.789,-34.3727],[22.2455,-34.0691],[22.5538,-34.0101],[23.2682,-34.0812],[23.5855,-33.9852],[24.183,-34.0615],[24.5955,-34.1745],[24.8271,-34.1689],[25.0029,-33.9736],[25.6382,-34.0111],[25.6524,-33.8496],[25.9896,-33.7113],[26.4295,-33.7596],[27.0774,-33.5212],[27.8606,-33.0539],[28.856,-32.2942],[29.1278,-32.0031],[29.7352,-31.4704],[29.9712,-31.3221],[30.2887,-30.9701],[31.0233,-29.9009],[31.1699,-29.5908],[31.3352,-29.3781],[31.7782,-28.9371],[32.0272,-28.8396],[32.2857,-28.6215],[32.5348,-28.1997],[32.657,-27.6073],[32.8491,-27.0802],[32.8861,-26.8493],[32.1129,-26.8395],[31.9947,-26.8175],[31.9584,-27.3059],[31.4695,-27.2955],[31.0634,-27.1123],[30.8833,-26.7924],[30.7943,-26.7643],[30.8033,-26.4135],[31.2073,-25.8434],[31.4151,-25.7466],[31.8715,-25.9816],[31.9482,-25.9576],[31.9846,-25.6319],[31.9858,-24.4606],[31.7996,-23.8922],[31.5456,-23.4823],[31.5317,-23.2795],[31.2879,-22.4021],[31.0734,-22.3078],[30.4602,-22.329],[30.1904,-22.2911],[29.6631,-22.1463],[29.3648,-22.1939]],[[28.7369,-30.102],[28.3921,-30.1476],[28.0182,-30.6423],[27.7531,-30.6],[27.3885,-30.3159],[27.3554,-30.1586],[27.0518,-29.6641],[27.2945,-29.5193],[27.7355,-28.94],[27.9599,-28.8733],[28.2326,-28.7013],[28.6258,-28.5817],[28.9537,-28.8814],[29.3014,-29.0898],[29.3907,-29.2697],[29.2936,-29.5669],[29.1422,-29.701],[29.098,-29.919],[28.7369,-30.102]]]}},{"type":"Feature","properties":{"code":"ZM","name":"Zambia"},"geometry":{"type":"Polygon","coordinates":[[[30.3961,-15.6431],[30.3506,-15.3497],[30.2318,-14.9903],[30.6733,-14.8191],[31.5379,-14.5771],[31.7289,-14.4961],[33.2018,-14.0134],[32.9921,-14.0222],[32.6721,-13.6104],[32.8519,-13.457],[32.9676,-13.225],[33.0216,-12.6305],[33.3979,-12.4898],[33.2523,-12.1126],[33.301,-11.8882],[33.2264,-11.5349],[33.3798,-11.1579],[33.2613,-10.8934],[33.4647,-10.7831],[33.6591,-10.5905],[33.5289,-10.2347],[33.3115,-10.038],[33.351,-9.8622],[33.1957,-9.6262],[32.996,-9.6229],[32.9199,-9.4074],[32.4332,-9.1563],[31.9426,-9.054],[31.9187,-8.9422],[31.6736,-8.9088],[31.5349,-8.7133],[31.3506,-8.607],[31.0764,-8.6119],[30.8307,-8.3855],[30.7512,-8.1937],[28.9723,-8.4649],[28.9178,-8.7006],[28.6165,-9.0723],[28.4007,-9.2248],[28.5405,-9.5101],[28.6301,-9.8313],[28.6074,-10.3974],[28.6389,-10.6692],[28.5442,-10.8023],[28.3572,-11.483],[28.4825,-11.8121],[28.85,-12.1205],[29.0644,-12.3488],[29.4275,-12.4313],[29.5598,-12.2024],[29.7951,-12.1555],[29.7953,-13.3928],[29.6518,-13.4144],[29.5542,-13.2489],[29.2019,-13.3983],[29.0143,-13.3688],[28.6729,-12.8613],[28.5509,-12.8361],[28.3577,-12.482],[27.8574,-12.2849],[27.5334,-12.1953],[27.4236,-11.9445],[27.2381,-11.7835],[27.1964,-11.6051],[27.0461,-11.6159],[26.9496,-11.8988],[26.5964,-11.9721],[26.026,-11.8901],[25.3494,-11.623],[25.1849,-11.243],[24.6683,-11.3529],[24.5186,-11.4385],[24.3199,-11.0718],[24.1365,-11.026],[23.9665,-10.8718],[24.0467,-11.4054],[23.971,-11.6358],[23.9589,-12.1178],[23.9913,-12.4222],[23.8432,-13.001],[21.9789,-13.001],[21.9795,-14.7614],[21.9798,-15.9556],[22.1507,-16.5972],[22.3051,-16.6896],[22.9559,-17.2857],[23.3807,-17.6406],[24.2749,-17.4811],[24.9324,-17.5435],[25.2588,-17.7936],[25.6396,-17.8241],[25.8633,-17.952],[26.3334,-17.9293],[26.7799,-18.0415],[27.0208,-17.9584],[27.4379,-17.5119],[27.7565,-17.0604],[27.9322,-16.8962],[28.3998,-16.6628],[28.7606,-16.5319],[28.8327,-16.4241],[28.9131,-15.9878],[29.2879,-15.7765],[29.7296,-15.6446],[30.3961,-15.6431]]]}},{"type":"Feature","properties":{"code":"ZW","name":"Zimbabwe"},"geometry":{"type":"Polygon","coordinates":[[[31.2879,-22.4021],[31.4295,-22.2988],[32.3711,-21.3349],[32.3536,-21.1365],[32.4762,-20.9501],[32.4776,-20.713],[32.6726,-20.5161],[32.9928,-19.9849],[33.0067,-19.8738],[32.7776,-19.3888],[32.8498,-19.1044],[32.7165,-19.0019],[32.722,-18.8284],[32.8545,-18.7637],[32.9931,-18.3596],[32.9556,-18.0829],[32.9693,-17.2516],[32.8763,-16.8836],[32.948,-16.7123],[32.2433,-16.4487],[31.9398,-16.4288],[31.6876,-16.2142],[31.4898,-16.1797],[31.2362,-16.0236],[30.4378,-15.9953],[30.3961,-15.6431],[29.7296,-15.6446],[29.2879,-15.7765],[28.9131,-15.9878],[28.8327,-16.4241],[28.7606,-16.5319],[28.3998,-16.6628],[27.9322,-16.8962],[27.7565,-17.0604],[27.4379,-17.5119],[27.0208,-17.9584],[26.7799,-18.0415],[26.3334,-17.9293],[25.8633,-17.952],[25.6396,-17.8241],[25.2588,-17.7936],[25.224,-17.9152],[25.4893,-18.3513],[25.7612,-18.6492],[25.9394,-18.9387],[25.9507,-19.0817],[26.1681,-19.5383],[26.6782,-19.8928],[27.2215,-20.1458],[27.2808,-20.4787],[27.6996,-20.5307],[27.6694,-21.0643],[28.0456,-21.573],[28.532,-21.6513],[29.0373,-21.8113],[29.1068,-22.0657],[29.3648,-22.1939],[29.6631,-22.1463],[30.1904,-22.2911],[30.4602,-22.329],[31.0734,-22.3078],[31.2879,-22.4021]]]}}]}